barcode,product_name,category,ingredients,energy_kcal,sugar_g,sodium_mg,saturated_fat_g,trans_fat_g,protein_g,fiber_g,additives_count,artificial_colors_count,artificial_sweeteners_count,preservatives_count,is_suspected_adulterant,quality_score,risk_level
890670997202,Pure Green Tea Bag,Beverages,100% organic green tea leaves,1.0,0.0,1.0,0.0,0.0,0.2,0.0,0,0,0,0,0,99,Low Risk
890414922701,Fried Street-Style Savory Mix #1,Snacks,"refined flour, re-used palm oil, metanil yellow, excess salt, msg",498.4,1.6,1700.9,19.8,3.75,5.5,1.0,6,2,0,2,1,5,High Risk
890343167413,Commercial Potato Crisps #2,Snacks,"potatoes, palm oil, salt, monosodium glutamate, flavor enhancer 635, dextrose",498.0,0.9,653.8,12.0,0.47,6.7,3.0,4,0,0,1,0,77,Moderate Risk
890997481796,Adulterated Low-Cost Paneer #3,Dairy,"milk solids, vegetable oil, starch, sulfuric acid trace, detergent trace",270.8,4.1,522.3,20.8,2.71,9.2,0.0,4,0,0,2,1,5,High Risk
890930794665,Cream-Filled Sandwich Cookies #4,Bakery & Confectionery,"refined wheat flour, sugar, hydrogenated palm oil, cocoa, high fructose corn syrup, soy lecithin, vanillin, artificial chocolate flavor, tbhq",421.0,33.9,392.8,9.4,1.8,4.6,1.8,5,0,0,2,1,5,High Risk
890683638199,Fried Street-Style Savory Mix #5,Snacks,"refined flour, re-used palm oil, metanil yellow, excess salt, msg",593.9,1.5,1474.8,23.7,3.77,6.4,1.0,6,2,0,2,1,5,High Risk
890378448843,Commercial Potato Crisps #6,Snacks,"potatoes, palm oil, salt, monosodium glutamate, flavor enhancer 635, dextrose",558.7,0.7,895.0,10.6,0.36,7.1,3.0,4,0,0,1,0,71,Moderate Risk
890155321206,Roasted Chickpeas #7,Snacks,"chickpeas, olive oil, sea salt",330.0,2.1,271.1,1.0,0.0,17.6,17.3,0,0,0,0,0,99,Low Risk
890115081224,Fresh Butter #8,Dairy,"pasteurized cream, salt",793.1,0.1,601.8,52.1,0.0,0.9,0.0,0,0,0,0,0,77,Moderate Risk
890982247483,Cottage Cheese (Paneer) #9,Dairy,"pasteurized milk, citric acid",264.3,1.2,24.0,17.0,0.0,17.2,0.0,0,0,0,0,0,95,Low Risk
890833930049,Energy Drink with High Caffeine #10,Beverages,"carbonated water, sucrose, glucose, taurine, caffeine, inositol, niacinamide, pyridoxine, color e133, sodium benzoate",41.1,14.1,74.2,0.0,0.0,0.4,0.0,6,1,0,2,0,65,Moderate Risk
890922822346,Instant Fried Noodles #11,Snacks,"wheat flour, palm oil, salt, guar gum, flavor enhancer 621, caramel iv, sodium polyphosphate",414.5,2.7,2093.4,10.0,0.77,9.6,2.5,5,1,0,2,0,41,Moderate Risk
890586620347,Pure Extra Virgin Olive Oil #12,Spices & Condiments,100% extra virgin cold pressed olive oil,920.9,0.0,2.0,12.4,0.0,0.0,0.0,0,0,0,0,0,93,Low Risk
890610840914,Synthetic Colored Hard Candies #13,Bakery & Confectionery,"sugar, liquid glucose, allura red, brilliant blue fcf, tartrazine, artificial fruit flavor, citric acid",352.8,76.4,79.9,0.0,0.0,0.0,0.0,5,3,0,1,1,5,High Risk
890630330222,Adulterated Butter with Animal Fat & Starch #14,Dairy,"milk fat, animal tallow, starch, yellow dye 5, preservative",732.6,0.6,581.4,61.9,3.88,0.5,0.0,4,1,0,2,1,5,High Risk
890438680975,Commercial Potato Crisps #15,Snacks,"potatoes, palm oil, salt, monosodium glutamate, flavor enhancer 635, dextrose",488.1,0.9,678.6,12.3,0.48,6.1,3.1,4,0,0,1,0,76,Moderate Risk
890241791783,Cold Pressed Orange Juice #16,Beverages,100% freshly pressed oranges,47.1,7.6,1.8,0.1,0.0,0.7,1.4,0,0,0,0,0,99,Low Risk
890610969144,Coconut Water 100% Pure #17,Beverages,pure tender coconut water,20.7,3.8,25.1,0.1,0.0,0.7,1.0,0,0,0,0,0,99,Low Risk
890732032272,Processed Nacho Chips #18,Snacks,"corn, vegetable fat, whey powder, disodium guanylate, artificial cheese flavor, yellow 6 lake",562.4,1.9,979.3,9.5,0.81,6.8,3.7,5,1,0,1,0,54,Moderate Risk
890511121761,Standard Processed Cheese #19,Dairy,"milk, salt, cheese cultures, enzymes, sodium phosphate, annatto",309.9,1.4,1182.2,23.0,0.44,18.0,0.0,3,1,0,1,0,53,Moderate Risk
890741714572,Adulterated Low-Cost Paneer #20,Dairy,"milk solids, vegetable oil, starch, sulfuric acid trace, detergent trace",325.4,3.9,560.9,18.8,2.44,8.7,0.0,4,0,0,2,1,5,High Risk
890781247694,Industrial White Sandwich Bread #21,Bakery & Confectionery,"refined wheat flour, sugar, yeast, palm oil, calcium propionate, emulsifier 481, flour treatment agent 300",283.2,5.1,556.2,1.3,0.2,8.6,1.9,4,0,0,2,0,83,Moderate Risk
890102927260,Oat & Honey Granola Bar #22,Bakery & Confectionery,"rolled oats, honey, almonds, crisped rice, sunflower oil, salt",412.9,15.4,185.2,2.1,0.0,9.3,5.0,0,0,0,0,0,99,Low Risk
890136281795,Adulterated Low-Cost Paneer #23,Dairy,"milk solids, vegetable oil, starch, sulfuric acid trace, detergent trace",320.8,4.0,570.0,20.8,2.78,8.4,0.0,4,0,0,2,1,5,High Risk
890551335181,Roasted Chickpeas #24,Snacks,"chickpeas, olive oil, sea salt",373.2,2.5,252.6,1.2,0.0,18.3,17.5,0,0,0,0,0,99,Low Risk
890734914045,Adulterated Low-Cost Paneer #25,Dairy,"milk solids, vegetable oil, starch, sulfuric acid trace, detergent trace",315.9,3.3,449.0,16.4,2.7,9.8,0.0,4,0,0,2,1,5,High Risk
890567765998,Adulterated Turmeric with Metanil Yellow #26,Spices & Condiments,"turmeric powder, lead chromate trace, chalk powder, metanil yellow color",251.4,2.3,167.4,1.5,0.0,5.3,12.1,3,1,0,0,1,56,High Risk
890392577102,Pure Green Tea Bag #27,Beverages,100% organic green tea leaves,0.9,0.0,1.0,0.0,0.0,0.2,0.0,0,0,0,0,0,99,Low Risk
890898304604,Instant Fried Noodles #28,Snacks,"wheat flour, palm oil, salt, guar gum, flavor enhancer 621, caramel iv, sodium polyphosphate",489.4,2.6,1907.7,10.6,0.42,10.1,2.6,5,1,0,2,0,47,Moderate Risk
890797202853,Cold Pressed Orange Juice #29,Beverages,100% freshly pressed oranges,46.3,8.2,1.8,0.1,0.0,0.7,1.4,0,0,0,0,0,99,Low Risk
890501998330,Synthetic Milk Sample #30,Dairy,"urea, detergent, refined vegetable oil, caustic soda, water",155.3,0.4,731.1,16.3,4.45,1.2,0.0,5,0,0,3,1,5,High Risk
890220371639,Extruded Spicy Puffs #31,Snacks,"corn meal, palm olein, maltodextrin, sunset yellow fcf, tartrazine, tbhq, msg, artificial flavors",524.2,4.1,1135.7,15.6,1.39,5.4,1.5,7,2,0,2,1,5,High Risk
890744853570,Coconut Water 100% Pure #32,Beverages,pure tender coconut water,20.9,3.6,21.4,0.1,0.0,0.7,1.1,0,0,0,0,0,99,Low Risk
890637268775,100% Whole Wheat Sourdough #33,Bakery & Confectionery,"whole wheat flour, water, sourdough culture, sea salt",220.5,1.3,406.2,0.5,0.0,11.1,6.0,0,0,0,0,0,99,Low Risk
890108309553,Cottage Cheese (Paneer) #34,Dairy,"pasteurized milk, citric acid",257.7,1.0,21.7,17.1,0.0,17.1,0.0,0,0,0,0,0,95,Low Risk
890889147702,Pure Red Chilli Powder #35,Spices & Condiments,100% dried red chillies,315.0,7.0,29.1,3.9,0.0,11.0,26.0,0,0,0,0,0,99,Low Risk
890162383202,Cold Pressed Orange Juice #36,Beverages,100% freshly pressed oranges,49.3,9.5,1.8,0.1,0.0,0.7,1.5,0,0,0,0,0,99,Low Risk
890306815525,Instant Fried Noodles #37,Snacks,"wheat flour, palm oil, salt, guar gum, flavor enhancer 621, caramel iv, sodium polyphosphate",401.4,3.1,1825.7,9.6,0.43,9.8,2.3,5,1,0,2,0,52,Moderate Risk
890951444671,Commercial Tomato Ketchup #38,Spices & Condiments,"tomato paste, sugar, distilled vinegar, salt, onion powder, sodium benzoate, potassium sorbate, pectin",99.1,23.2,827.8,0.1,0.0,1.4,1.4,3,0,0,2,0,64,Moderate Risk
890651662842,Cottage Cheese (Paneer) #39,Dairy,"pasteurized milk, citric acid",281.3,1.1,21.2,19.4,0.0,16.7,0.0,0,0,0,0,0,92,Low Risk
890203912837,Standard Processed Cheese #40,Dairy,"milk, salt, cheese cultures, enzymes, sodium phosphate, annatto",306.7,1.1,1107.0,21.2,0.78,17.0,0.0,3,1,0,1,0,44,Moderate Risk
890725535308,Organic Trail Mix #41,Snacks,"almonds, walnuts, raisins, sunflower seeds, pumpkin seeds",480.7,21.2,15.6,3.9,0.0,14.6,7.9,0,0,0,0,0,99,Moderate Risk
890654641934,Baked Whole Grain Crackers #42,Snacks,"whole wheat flour, canola oil, sea salt, malt extract",415.2,2.6,420.9,1.9,0.0,9.5,6.8,0,0,0,0,0,99,Low Risk
890230837169,Energy Drink with High Caffeine #43,Beverages,"carbonated water, sucrose, glucose, taurine, caffeine, inositol, niacinamide, pyridoxine, color e133, sodium benzoate",51.6,11.3,78.1,0.0,0.0,0.4,0.0,6,1,0,2,0,67,Moderate Risk
890255454001,Instant Fried Noodles #44,Snacks,"wheat flour, palm oil, salt, guar gum, flavor enhancer 621, caramel iv, sodium polyphosphate",466.8,3.0,1952.7,8.7,0.63,9.8,2.3,5,1,0,2,0,43,Moderate Risk
890325761757,Pure Red Chilli Powder #45,Spices & Condiments,100% dried red chillies,289.5,7.5,34.8,3.3,0.0,12.9,25.7,0,0,0,0,0,99,Low Risk
890343823801,Baked Whole Grain Crackers #46,Snacks,"whole wheat flour, canola oil, sea salt, malt extract",480.3,2.6,378.2,2.0,0.0,9.8,7.2,0,0,0,0,0,99,Low Risk
890651144237,Fried Street-Style Savory Mix #47,Snacks,"refined flour, re-used palm oil, metanil yellow, excess salt, msg",560.5,1.4,1323.3,21.0,3.58,6.0,0.9,6,2,0,2,1,5,High Risk
890687122204,Baked Whole Grain Crackers #48,Snacks,"whole wheat flour, canola oil, sea salt, malt extract",462.1,2.3,401.3,2.1,0.0,8.8,7.0,0,0,0,0,0,99,Low Risk
890407900011,Cold Pressed Orange Juice #49,Beverages,100% freshly pressed oranges,44.2,10.3,1.9,0.1,0.0,0.7,1.6,0,0,0,0,0,99,Low Risk
890419333226,Synthetic Colored Hard Candies #50,Bakery & Confectionery,"sugar, liquid glucose, allura red, brilliant blue fcf, tartrazine, artificial fruit flavor, citric acid",433.9,78.6,95.6,0.0,0.0,0.0,0.0,5,3,0,1,1,5,High Risk
890562844357,Pure Green Tea Bag #51,Beverages,100% organic green tea leaves,0.9,0.0,0.9,0.0,0.0,0.2,0.0,0,0,0,0,0,99,Low Risk
890113226653,Standard Processed Cheese #52,Dairy,"milk, salt, cheese cultures, enzymes, sodium phosphate, annatto",275.7,1.3,1108.3,21.4,0.54,18.3,0.0,3,1,0,1,0,48,Moderate Risk
890763812201,Pure Ground Turmeric Powder #53,Spices & Condiments,100% turmeric rhizome powder,335.7,2.7,35.3,2.4,0.0,9.5,21.2,0,0,0,0,0,99,Low Risk
890718585043,Adulterated Chilli Powder with Sudan Dye #54,Spices & Condiments,"red chilli powder, brick powder trace, sudan i dye, salt, mineral oil",298.8,4.6,654.0,3.4,0.0,6.1,12.8,4,1,0,0,1,50,High Risk
890848014838,Pure Red Chilli Powder #55,Spices & Condiments,100% dried red chillies,276.1,7.0,27.6,4.0,0.0,11.8,27.3,0,0,0,0,0,99,Low Risk
890478099721,100% Whole Wheat Sourdough #56,Bakery & Confectionery,"whole wheat flour, water, sourdough culture, sea salt",274.1,1.3,373.4,0.4,0.0,11.5,5.9,0,0,0,0,0,99,Low Risk
890637846699,100% Whole Wheat Sourdough #57,Bakery & Confectionery,"whole wheat flour, water, sourdough culture, sea salt",237.0,1.6,407.9,0.4,0.0,9.8,6.3,0,0,0,0,0,99,Low Risk
890400730093,Fresh Butter #58,Dairy,"pasteurized cream, salt",791.5,0.1,641.8,56.3,0.0,0.8,0.0,0,0,0,0,0,77,Moderate Risk
890679891673,Pure Red Chilli Powder #59,Spices & Condiments,100% dried red chillies,292.3,6.9,26.4,4.1,0.0,11.0,24.4,0,0,0,0,0,99,Low Risk
890642419294,Skimmed Milk #60,Dairy,"skimmed milk, vitamin a, vitamin d3",39.9,5.7,56.3,0.2,0.0,3.5,0.0,0,0,0,0,0,99,Low Risk
890199387024,Pure Red Chilli Powder #61,Spices & Condiments,100% dried red chillies,282.4,8.3,33.8,3.3,0.0,11.1,28.3,0,0,0,0,0,99,Low Risk
890213658026,Fresh Butter #62,Dairy,"pasteurized cream, salt",699.9,0.1,598.0,46.7,0.0,0.9,0.0,0,0,0,0,0,77,Low Risk
890782577383,Instant Fried Noodles #63,Snacks,"wheat flour, palm oil, salt, guar gum, flavor enhancer 621, caramel iv, sodium polyphosphate",413.8,3.1,1561.1,9.5,0.47,10.1,2.4,5,1,0,2,0,52,Moderate Risk
890362148634,Commercial Potato Crisps #64,Snacks,"potatoes, palm oil, salt, monosodium glutamate, flavor enhancer 635, dextrose",490.6,0.9,713.3,11.4,0.64,6.4,3.2,4,0,0,1,0,67,Moderate Risk
890224858651,Cream-Filled Sandwich Cookies #65,Bakery & Confectionery,"refined wheat flour, sugar, hydrogenated palm oil, cocoa, high fructose corn syrup, soy lecithin, vanillin, artificial chocolate flavor, tbhq",434.2,37.1,359.3,10.2,2.01,4.9,2.2,5,0,0,2,1,5,High Risk
890756611745,Fried Street-Style Savory Mix #66,Snacks,"refined flour, re-used palm oil, metanil yellow, excess salt, msg",611.9,1.4,1342.6,22.4,3.5,6.2,0.9,6,2,0,2,1,5,High Risk
890415476184,Carbonated Cola Drink #67,Beverages,"carbonated water, high fructose corn syrup, caramel color iv, phosphoric acid, caffeine, artificial flavors",45.3,9.8,13.8,0.0,0.0,0.0,0.0,4,1,0,1,0,78,Moderate Risk
890387730051,Carbonated Cola Drink #68,Beverages,"carbonated water, high fructose corn syrup, caramel color iv, phosphoric acid, caffeine, artificial flavors",38.8,10.9,11.1,0.0,0.0,0.0,0.0,4,1,0,1,0,77,Moderate Risk
890923618531,Adulterated Chilli Powder with Sudan Dye #69,Spices & Condiments,"red chilli powder, brick powder trace, sudan i dye, salt, mineral oil",282.9,3.8,711.1,4.1,0.0,6.3,14.2,4,1,0,0,1,49,High Risk
890769413744,Energy Drink with High Caffeine #70,Beverages,"carbonated water, sucrose, glucose, taurine, caffeine, inositol, niacinamide, pyridoxine, color e133, sodium benzoate",52.1,14.3,95.2,0.0,0.0,0.4,0.0,6,1,0,2,0,65,Moderate Risk
890343806538,Extruded Spicy Puffs #71,Snacks,"corn meal, palm olein, maltodextrin, sunset yellow fcf, tartrazine, tbhq, msg, artificial flavors",490.4,4.6,1465.7,18.0,1.27,5.4,1.5,7,2,0,2,1,5,High Risk
890142510108,Organic Trail Mix #72,Snacks,"almonds, walnuts, raisins, sunflower seeds, pumpkin seeds",490.9,19.2,12.9,4.4,0.0,15.0,7.5,0,0,0,0,0,99,Moderate Risk
890103638259,Standard Processed Cheese #73,Dairy,"milk, salt, cheese cultures, enzymes, sodium phosphate, annatto",358.2,1.0,1248.5,24.5,0.48,19.5,0.0,3,1,0,1,0,51,Moderate Risk
890434396508,Adulterated Turmeric with Metanil Yellow #74,Spices & Condiments,"turmeric powder, lead chromate trace, chalk powder, metanil yellow color",273.2,2.2,201.2,1.8,0.0,5.5,12.5,3,1,0,0,1,57,High Risk
890758461605,Coconut Water 100% Pure #75,Beverages,pure tender coconut water,18.8,3.2,29.9,0.1,0.0,0.7,1.1,0,0,0,0,0,99,Low Risk
890438326992,Commercial Potato Crisps #76,Snacks,"potatoes, palm oil, salt, monosodium glutamate, flavor enhancer 635, dextrose",462.9,0.7,747.4,10.4,0.47,6.3,3.3,4,0,0,1,0,78,Moderate Risk
890507190294,Cream-Filled Sandwich Cookies #77,Bakery & Confectionery,"refined wheat flour, sugar, hydrogenated palm oil, cocoa, high fructose corn syrup, soy lecithin, vanillin, artificial chocolate flavor, tbhq",499.9,33.7,380.5,8.6,2.1,4.7,2.1,5,0,0,2,1,5,High Risk
890282869459,Fried Street-Style Savory Mix #78,Snacks,"refined flour, re-used palm oil, metanil yellow, excess salt, msg",566.6,1.3,1546.3,20.3,3.66,5.7,1.0,6,2,0,2,1,5,High Risk
890458140851,Organic Trail Mix #79,Snacks,"almonds, walnuts, raisins, sunflower seeds, pumpkin seeds",475.3,20.5,16.7,4.1,0.0,16.3,7.9,0,0,0,0,0,99,Moderate Risk
890490624772,Dark Chocolate 85% #80,Bakery & Confectionery,"cocoa mass, cocoa butter, cane sugar, vanilla beans",584.2,14.6,17.8,28.2,0.0,8.3,10.3,0,0,0,0,0,88,Low Risk
890439240719,Fresh Butter #81,Dairy,"pasteurized cream, salt",807.8,0.1,597.1,57.1,0.0,0.9,0.0,0,0,0,0,0,77,Low Risk
890555915892,Whole Cow Milk #82,Dairy,"milk, vitamin d3",62.2,4.8,47.0,3.5,0.0,2.9,0.0,0,0,0,0,0,99,Low Risk
890802547650,Low-Cost Synthetic Fruit Drink #83,Beverages,"water, invert sugar syrup, metanil yellow, citric acid, clouding agent, artificial mango flavor, potassium metabisulphite",54.3,17.4,52.9,0.0,0.0,0.0,0.0,6,2,0,2,1,17,High Risk
890137990166,Fried Street-Style Savory Mix #84,Snacks,"refined flour, re-used palm oil, metanil yellow, excess salt, msg",634.2,1.6,1384.2,19.6,3.73,6.3,1.0,6,2,0,2,1,5,High Risk
890325557594,100% Whole Wheat Sourdough #85,Bakery & Confectionery,"whole wheat flour, water, sourdough culture, sea salt",229.1,1.8,430.7,0.5,0.0,11.4,6.0,0,0,0,0,0,99,Low Risk
890497551377,Pure Red Chilli Powder #86,Spices & Condiments,100% dried red chillies,273.2,6.7,32.6,3.8,0.0,10.9,29.5,0,0,0,0,0,99,Low Risk
890581199062,Adulterated Butter with Animal Fat & Starch #87,Dairy,"milk fat, animal tallow, starch, yellow dye 5, preservative",756.0,0.5,594.4,51.3,3.82,0.5,0.0,4,1,0,2,1,5,High Risk
890353309919,Instant Fried Noodles #88,Snacks,"wheat flour, palm oil, salt, guar gum, flavor enhancer 621, caramel iv, sodium polyphosphate",401.9,3.1,1550.8,11.1,0.43,9.5,2.4,5,1,0,2,0,46,Moderate Risk
890116114111,Whole Cow Milk #89,Dairy,"milk, vitamin d3",61.2,4.3,42.6,3.6,0.0,3.3,0.0,0,0,0,0,0,99,Low Risk
890837714476,Cold Pressed Orange Juice #90,Beverages,100% freshly pressed oranges,43.6,7.7,2.3,0.1,0.0,0.8,1.5,0,0,0,0,0,99,Low Risk
890683965691,Oat & Honey Granola Bar #91,Bakery & Confectionery,"rolled oats, honey, almonds, crisped rice, sunflower oil, salt",454.5,16.0,207.1,2.2,0.0,7.7,6.0,0,0,0,0,0,99,Low Risk
890507635870,Dark Chocolate 85% #92,Bakery & Confectionery,"cocoa mass, cocoa butter, cane sugar, vanilla beans",628.9,16.6,14.3,28.7,0.0,8.5,11.4,0,0,0,0,0,87,Low Risk
890820554203,Fried Street-Style Savory Mix #93,Snacks,"refined flour, re-used palm oil, metanil yellow, excess salt, msg",606.1,1.8,1647.8,25.2,3.66,6.0,0.9,6,2,0,2,1,5,High Risk
890839833228,Greek Plain Yogurt #94,Dairy,"cultured pasteurized nonfat milk, live active cultures",53.6,3.6,40.4,0.5,0.0,10.1,0.0,0,0,0,0,0,99,Low Risk
890226804186,Low-Cost Synthetic Fruit Drink #95,Beverages,"water, invert sugar syrup, metanil yellow, citric acid, clouding agent, artificial mango flavor, potassium metabisulphite",63.5,16.6,51.6,0.0,0.0,0.0,0.0,6,2,0,2,1,18,High Risk
890860788175,Synthetic Colored Hard Candies #96,Bakery & Confectionery,"sugar, liquid glucose, allura red, brilliant blue fcf, tartrazine, artificial fruit flavor, citric acid",407.5,79.2,72.3,0.0,0.0,0.0,0.0,5,3,0,1,1,5,High Risk
890444326629,Commercial Potato Crisps #97,Snacks,"potatoes, palm oil, salt, monosodium glutamate, flavor enhancer 635, dextrose",563.1,0.7,819.8,14.0,0.32,6.5,3.0,4,0,0,1,0,69,Moderate Risk
890166720310,Instant Fried Noodles #98,Snacks,"wheat flour, palm oil, salt, guar gum, flavor enhancer 621, caramel iv, sodium polyphosphate",505.6,3.2,1970.4,10.3,0.6,9.0,2.7,5,1,0,2,0,38,High Risk
890336456497,Fried Street-Style Savory Mix #99,Snacks,"refined flour, re-used palm oil, metanil yellow, excess salt, msg",563.3,1.5,1586.6,24.1,3.45,6.4,1.1,6,2,0,2,1,5,High Risk
890399741878,Commercial Potato Crisps #100,Snacks,"potatoes, palm oil, salt, monosodium glutamate, flavor enhancer 635, dextrose",584.9,0.7,638.7,14.3,0.4,6.2,3.3,4,0,0,1,0,75,Moderate Risk
890895674932,Commercial Tomato Ketchup #101,Spices & Condiments,"tomato paste, sugar, distilled vinegar, salt, onion powder, sodium benzoate, potassium sorbate, pectin",120.2,26.9,1060.4,0.1,0.0,1.3,1.5,3,0,0,2,0,58,Moderate Risk
890450506163,Fried Street-Style Savory Mix #102,Snacks,"refined flour, re-used palm oil, metanil yellow, excess salt, msg",611.1,1.5,1484.7,19.2,3.57,5.8,1.0,6,2,0,2,1,5,High Risk
890622193957,Fried Street-Style Savory Mix #103,Snacks,"refined flour, re-used palm oil, metanil yellow, excess salt, msg",585.4,1.7,1311.1,19.9,3.49,5.5,1.0,6,2,0,2,1,5,High Risk
890272550240,Roasted Chickpeas #104,Snacks,"chickpeas, olive oil, sea salt",322.2,2.4,254.0,1.2,0.0,17.9,17.9,0,0,0,0,0,99,Low Risk
890184767349,Carbonated Cola Drink #105,Beverages,"carbonated water, high fructose corn syrup, caramel color iv, phosphoric acid, caffeine, artificial flavors",45.1,10.1,12.2,0.0,0.0,0.0,0.0,4,1,0,1,0,78,Moderate Risk
890546864433,Extruded Spicy Puffs #106,Snacks,"corn meal, palm olein, maltodextrin, sunset yellow fcf, tartrazine, tbhq, msg, artificial flavors",608.2,4.8,1452.4,18.5,1.18,5.2,1.6,7,2,0,2,1,5,High Risk
890417929968,Cottage Cheese (Paneer) #107,Dairy,"pasteurized milk, citric acid",283.7,1.4,20.9,14.6,0.0,20.0,0.0,0,0,0,0,0,98,Low Risk
890172535389,Low-Cost Synthetic Fruit Drink #108,Beverages,"water, invert sugar syrup, metanil yellow, citric acid, clouding agent, artificial mango flavor, potassium metabisulphite",57.3,14.6,40.6,0.0,0.0,0.0,0.0,6,2,0,2,1,19,High Risk
890604892763,Cottage Cheese (Paneer) #109,Dairy,"pasteurized milk, citric acid",266.4,1.1,24.6,15.1,0.0,19.7,0.0,0,0,0,0,0,98,Low Risk
890847247155,Fresh Butter #110,Dairy,"pasteurized cream, salt",808.6,0.1,634.2,57.9,0.0,0.8,0.0,0,0,0,0,0,77,Moderate Risk
890296017804,Industrial White Sandwich Bread #111,Bakery & Confectionery,"refined wheat flour, sugar, yeast, palm oil, calcium propionate, emulsifier 481, flour treatment agent 300",277.2,5.5,553.2,1.2,0.26,7.4,1.8,4,0,0,2,0,82,Moderate Risk
890953041006,Pure Green Tea Bag #112,Beverages,100% organic green tea leaves,1.0,0.0,1.2,0.0,0.0,0.2,0.0,0,0,0,0,0,99,Low Risk
890458050437,Cottage Cheese (Paneer) #113,Dairy,"pasteurized milk, citric acid",238.1,1.3,24.7,16.3,0.0,18.2,0.0,0,0,0,0,0,96,Low Risk
890291619115,Dark Chocolate 85% #114,Bakery & Confectionery,"cocoa mass, cocoa butter, cane sugar, vanilla beans",525.0,15.3,15.2,26.2,0.0,9.0,11.3,0,0,0,0,0,88,Low Risk
890800518176,Processed Nacho Chips #115,Snacks,"corn, vegetable fat, whey powder, disodium guanylate, artificial cheese flavor, yellow 6 lake",541.1,2.4,989.3,8.6,1.02,7.3,3.9,5,1,0,1,0,51,Moderate Risk
890981155468,Pure Extra Virgin Olive Oil #116,Spices & Condiments,100% extra virgin cold pressed olive oil,851.8,0.0,1.7,14.9,0.0,0.0,0.0,0,0,0,0,0,90,Low Risk
890197765410,Diet Soda with Multiple Sweeteners #117,Beverages,"carbonated water, aspartame, acesulfame potassium, caramel iv, sodium benzoate, phosphoric acid",1.1,0.0,36.8,0.0,0.0,0.0,0.0,5,1,2,1,0,66,Moderate Risk
890326209688,100% Whole Wheat Sourdough #118,Bakery & Confectionery,"whole wheat flour, water, sourdough culture, sea salt",207.9,1.5,494.3,0.6,0.0,9.6,5.7,0,0,0,0,0,99,Low Risk
890757823397,Baked Whole Grain Crackers #119,Snacks,"whole wheat flour, canola oil, sea salt, malt extract",465.3,2.8,393.9,1.7,0.0,8.9,7.2,0,0,0,0,0,99,Low Risk
890784054601,Carbonated Cola Drink #120,Beverages,"carbonated water, high fructose corn syrup, caramel color iv, phosphoric acid, caffeine, artificial flavors",44.7,11.9,12.5,0.0,0.0,0.0,0.0,4,1,0,1,0,76,Moderate Risk
890389752547,Greek Plain Yogurt #121,Dairy,"cultured pasteurized nonfat milk, live active cultures",60.0,4.0,32.9,0.5,0.0,9.2,0.0,0,0,0,0,0,99,Low Risk
890326980890,Synthetic Colored Hard Candies #122,Bakery & Confectionery,"sugar, liquid glucose, allura red, brilliant blue fcf, tartrazine, artificial fruit flavor, citric acid",441.2,65.6,85.8,0.0,0.0,0.0,0.0,5,3,0,1,1,5,High Risk
890315132781,Low-Cost Synthetic Fruit Drink #123,Beverages,"water, invert sugar syrup, metanil yellow, citric acid, clouding agent, artificial mango flavor, potassium metabisulphite",62.4,14.0,40.7,0.0,0.0,0.0,0.0,6,2,0,2,1,20,High Risk
890500996051,Pure Extra Virgin Olive Oil #124,Spices & Condiments,100% extra virgin cold pressed olive oil,861.7,0.0,2.3,13.0,0.0,0.0,0.0,0,0,0,0,0,92,Low Risk
890119798449,Extruded Spicy Puffs #125,Snacks,"corn meal, palm olein, maltodextrin, sunset yellow fcf, tartrazine, tbhq, msg, artificial flavors",501.0,3.9,1216.4,17.6,1.42,5.2,1.6,7,2,0,2,1,5,High Risk
890574016475,Diet Soda with Multiple Sweeteners #126,Beverages,"carbonated water, aspartame, acesulfame potassium, caramel iv, sodium benzoate, phosphoric acid",1.1,0.0,30.1,0.0,0.0,0.0,0.0,5,1,2,1,0,66,Moderate Risk
890313131997,Energy Drink with High Caffeine #127,Beverages,"carbonated water, sucrose, glucose, taurine, caffeine, inositol, niacinamide, pyridoxine, color e133, sodium benzoate",48.8,13.2,84.0,0.0,0.0,0.4,0.0,6,1,0,2,0,66,Moderate Risk
890677569638,Roasted Chickpeas #128,Snacks,"chickpeas, olive oil, sea salt",353.6,2.0,239.7,1.3,0.0,19.0,15.7,0,0,0,0,0,99,Low Risk
890463284203,Adulterated Low-Cost Paneer #129,Dairy,"milk solids, vegetable oil, starch, sulfuric acid trace, detergent trace",271.8,3.2,410.1,21.5,2.42,8.6,0.0,4,0,0,2,1,5,High Risk
890569689354,Dark Chocolate 85% #130,Bakery & Confectionery,"cocoa mass, cocoa butter, cane sugar, vanilla beans",603.6,15.6,14.3,29.3,0.0,8.3,10.2,0,0,0,0,0,87,Low Risk
890210540385,Diet Soda with Multiple Sweeteners #131,Beverages,"carbonated water, aspartame, acesulfame potassium, caramel iv, sodium benzoate, phosphoric acid",1.1,0.0,31.7,0.0,0.0,0.0,0.0,5,1,2,1,0,66,Moderate Risk
890654116413,Pure Extra Virgin Olive Oil #132,Spices & Condiments,100% extra virgin cold pressed olive oil,852.0,0.0,2.1,15.9,0.0,0.0,0.0,0,0,0,0,0,89,Low Risk
890895945945,Cream-Filled Sandwich Cookies #133,Bakery & Confectionery,"refined wheat flour, sugar, hydrogenated palm oil, cocoa, high fructose corn syrup, soy lecithin, vanillin, artificial chocolate flavor, tbhq",459.6,42.0,427.5,10.4,1.98,4.6,2.0,5,0,0,2,1,5,High Risk
890242620749,Energy Drink with High Caffeine #134,Beverages,"carbonated water, sucrose, glucose, taurine, caffeine, inositol, niacinamide, pyridoxine, color e133, sodium benzoate",40.8,11.4,78.5,0.0,0.0,0.4,0.0,6,1,0,2,0,67,Moderate Risk
890352015896,Coconut Water 100% Pure #135,Beverages,pure tender coconut water,17.2,2.9,29.5,0.1,0.0,0.6,1.1,0,0,0,0,0,99,Low Risk
890886090144,Roasted Chickpeas #136,Snacks,"chickpeas, olive oil, sea salt",394.9,2.3,322.9,1.1,0.0,20.7,15.5,0,0,0,0,0,99,Low Risk
890864395763,Pure Green Tea Bag #137,Beverages,100% organic green tea leaves,1.0,0.0,1.1,0.0,0.0,0.2,0.0,0,0,0,0,0,99,Low Risk
890102109616,Diet Soda with Multiple Sweeteners #138,Beverages,"carbonated water, aspartame, acesulfame potassium, caramel iv, sodium benzoate, phosphoric acid",0.9,0.0,31.0,0.0,0.0,0.0,0.0,5,1,2,1,0,66,Moderate Risk
890619693308,Carbonated Cola Drink #139,Beverages,"carbonated water, high fructose corn syrup, caramel color iv, phosphoric acid, caffeine, artificial flavors",43.6,12.1,11.0,0.0,0.0,0.0,0.0,4,1,0,1,0,76,Moderate Risk
890727660732,Diet Soda with Multiple Sweeteners #140,Beverages,"carbonated water, aspartame, acesulfame potassium, caramel iv, sodium benzoate, phosphoric acid",1.0,0.0,39.2,0.0,0.0,0.0,0.0,5,1,2,1,0,66,Moderate Risk
890846312387,Extruded Spicy Puffs #141,Snacks,"corn meal, palm olein, maltodextrin, sunset yellow fcf, tartrazine, tbhq, msg, artificial flavors",627.7,4.0,1401.7,14.4,1.12,4.9,1.4,7,2,0,2,1,5,High Risk
890369225726,Fresh Butter #142,Dairy,"pasteurized cream, salt",648.0,0.1,528.5,58.3,0.0,1.0,0.0,0,0,0,0,0,78,Low Risk
890866634407,Extruded Spicy Puffs #143,Snacks,"corn meal, palm olein, maltodextrin, sunset yellow fcf, tartrazine, tbhq, msg, artificial flavors",519.8,3.8,1501.1,17.9,1.23,4.9,1.5,7,2,0,2,1,5,High Risk
890498137784,Instant Fried Noodles #144,Snacks,"wheat flour, palm oil, salt, guar gum, flavor enhancer 621, caramel iv, sodium polyphosphate",421.2,2.5,1692.0,10.3,0.46,8.8,2.5,5,1,0,2,0,47,Moderate Risk
890181817160,Commercial Potato Crisps #145,Snacks,"potatoes, palm oil, salt, monosodium glutamate, flavor enhancer 635, dextrose",517.9,0.8,856.8,10.5,0.51,6.5,3.4,4,0,0,1,0,64,Moderate Risk
890219826084,Industrial White Sandwich Bread #146,Bakery & Confectionery,"refined wheat flour, sugar, yeast, palm oil, calcium propionate, emulsifier 481, flour treatment agent 300",293.6,5.7,487.1,1.2,0.19,8.2,2.2,4,0,0,2,0,84,Moderate Risk
890332602067,Synthetic Colored Hard Candies #147,Bakery & Confectionery,"sugar, liquid glucose, allura red, brilliant blue fcf, tartrazine, artificial fruit flavor, citric acid",339.8,72.4,86.8,0.0,0.0,0.0,0.0,5,3,0,1,1,5,High Risk
890688913623,Diet Soda with Multiple Sweeteners #148,Beverages,"carbonated water, aspartame, acesulfame potassium, caramel iv, sodium benzoate, phosphoric acid",0.9,0.0,33.8,0.0,0.0,0.0,0.0,5,1,2,1,0,66,Moderate Risk
890316177613,Synthetic Milk Sample #149,Dairy,"urea, detergent, refined vegetable oil, caustic soda, water",182.2,0.4,786.0,16.3,4.5,1.2,0.0,5,0,0,3,1,5,High Risk
890896205497,Pure Red Chilli Powder #150,Spices & Condiments,100% dried red chillies,355.6,6.3,32.1,3.8,0.0,11.2,29.6,0,0,0,0,0,99,Low Risk
890340317803,Commercial Potato Crisps #151,Snacks,"potatoes, palm oil, salt, monosodium glutamate, flavor enhancer 635, dextrose",601.4,0.9,702.5,13.0,0.6,6.2,3.4,4,0,0,1,0,67,Moderate Risk
890104232892,Cream-Filled Sandwich Cookies #152,Bakery & Confectionery,"refined wheat flour, sugar, hydrogenated palm oil, cocoa, high fructose corn syrup, soy lecithin, vanillin, artificial chocolate flavor, tbhq",444.1,35.7,349.3,10.6,2.0,4.3,2.0,5,0,0,2,1,5,High Risk
890281730120,Whole Cow Milk #153,Dairy,"milk, vitamin d3",67.5,4.1,42.7,3.0,0.0,3.1,0.0,0,0,0,0,0,99,Low Risk
890197541889,Commercial Tomato Ketchup #154,Spices & Condiments,"tomato paste, sugar, distilled vinegar, salt, onion powder, sodium benzoate, potassium sorbate, pectin",114.1,29.0,878.3,0.1,0.0,1.5,1.6,3,0,0,2,0,59,Moderate Risk
890490268288,Adulterated Mustard Oil with Argemone #155,Spices & Condiments,"mustard oil, argemone oil, mineral oil, butter yellow dye",885.7,0.0,4.5,10.9,1.65,0.0,0.0,3,1,0,0,1,14,High Risk
890385278005,Adulterated Chilli Powder with Sudan Dye #156,Spices & Condiments,"red chilli powder, brick powder trace, sudan i dye, salt, mineral oil",318.5,4.0,662.5,4.2,0.0,6.3,15.3,4,1,0,0,1,50,High Risk
890994223230,Fresh Butter #157,Dairy,"pasteurized cream, salt",613.7,0.1,649.8,48.0,0.0,0.9,0.0,0,0,0,0,0,77,Moderate Risk
890115876326,Fried Street-Style Savory Mix #158,Snacks,"refined flour, re-used palm oil, metanil yellow, excess salt, msg",595.9,1.5,1563.7,22.4,3.61,6.3,1.0,6,2,0,2,1,5,High Risk
890267606278,Cold Pressed Orange Juice #159,Beverages,100% freshly pressed oranges,45.3,9.3,2.1,0.1,0.0,0.7,1.4,0,0,0,0,0,99,Low Risk
890237595445,Flavored Fruit Yogurt #160,Dairy,"milk, sugar, strawberries, modified corn starch, carmine color, potassium sorbate",117.7,17.7,77.9,1.5,0.0,3.9,0.5,3,1,0,1,0,77,Moderate Risk
890161390462,Synthetic Milk Sample #161,Dairy,"urea, detergent, refined vegetable oil, caustic soda, water",186.2,0.6,752.7,12.0,4.45,1.2,0.0,5,0,0,3,1,5,High Risk
890157219862,Diet Soda with Multiple Sweeteners #162,Beverages,"carbonated water, aspartame, acesulfame potassium, caramel iv, sodium benzoate, phosphoric acid",0.9,0.0,33.4,0.0,0.0,0.0,0.0,5,1,2,1,0,66,Moderate Risk
890328815329,Industrial White Sandwich Bread #163,Bakery & Confectionery,"refined wheat flour, sugar, yeast, palm oil, calcium propionate, emulsifier 481, flour treatment agent 300",227.0,5.6,563.9,1.2,0.27,7.7,1.8,4,0,0,2,0,82,Moderate Risk
890734182563,Adulterated Chilli Powder with Sudan Dye #164,Spices & Condiments,"red chilli powder, brick powder trace, sudan i dye, salt, mineral oil",283.1,4.5,729.0,3.6,0.0,6.1,13.0,4,1,0,0,1,49,High Risk
890902580935,Processed Nacho Chips #165,Snacks,"corn, vegetable fat, whey powder, disodium guanylate, artificial cheese flavor, yellow 6 lake",555.4,2.3,922.1,10.8,0.99,6.6,3.9,5,1,0,1,0,47,Moderate Risk
890831864488,Whole Cow Milk #166,Dairy,"milk, vitamin d3",56.6,5.7,52.2,2.9,0.0,3.4,0.0,0,0,0,0,0,99,Low Risk
890677669238,Fresh Butter #167,Dairy,"pasteurized cream, salt",649.1,0.1,528.6,45.7,0.0,0.9,0.0,0,0,0,0,0,78,Low Risk
890516052992,Adulterated Chilli Powder with Sudan Dye #168,Spices & Condiments,"red chilli powder, brick powder trace, sudan i dye, salt, mineral oil",281.3,4.5,553.9,3.9,0.0,5.8,14.4,4,1,0,0,1,51,High Risk
890650389199,Low-Cost Synthetic Fruit Drink #169,Beverages,"water, invert sugar syrup, metanil yellow, citric acid, clouding agent, artificial mango flavor, potassium metabisulphite",59.3,17.3,43.3,0.0,0.0,0.0,0.0,6,2,0,2,1,17,High Risk
890338560296,Instant Fried Noodles #170,Snacks,"wheat flour, palm oil, salt, guar gum, flavor enhancer 621, caramel iv, sodium polyphosphate",441.5,2.5,1765.1,11.4,0.71,10.0,2.5,5,1,0,2,0,35,High Risk
890250676258,Adulterated Mustard Oil with Argemone #171,Spices & Condiments,"mustard oil, argemone oil, mineral oil, butter yellow dye",935.7,0.0,5.9,11.7,1.44,0.0,0.0,3,1,0,0,1,16,High Risk
890193073119,Fried Street-Style Savory Mix #172,Snacks,"refined flour, re-used palm oil, metanil yellow, excess salt, msg",498.4,1.8,1497.5,24.5,3.64,6.0,1.0,6,2,0,2,1,5,High Risk
890268160730,Energy Drink with High Caffeine #173,Beverages,"carbonated water, sucrose, glucose, taurine, caffeine, inositol, niacinamide, pyridoxine, color e133, sodium benzoate",55.1,10.9,69.0,0.0,0.0,0.4,0.0,6,1,0,2,0,67,Moderate Risk
890994109495,Cottage Cheese (Paneer) #174,Dairy,"pasteurized milk, citric acid",290.3,1.1,19.2,17.1,0.0,16.6,0.0,0,0,0,0,0,95,Low Risk
890888157580,Pure Red Chilli Powder #175,Spices & Condiments,100% dried red chillies,324.5,7.0,29.5,3.8,0.0,12.3,27.6,0,0,0,0,0,99,Low Risk
890200978959,Coconut Water 100% Pure #176,Beverages,pure tender coconut water,20.5,3.0,21.8,0.1,0.0,0.7,1.2,0,0,0,0,0,99,Low Risk
890364601981,Diet Soda with Multiple Sweeteners #177,Beverages,"carbonated water, aspartame, acesulfame potassium, caramel iv, sodium benzoate, phosphoric acid",1.0,0.0,40.6,0.0,0.0,0.0,0.0,5,1,2,1,0,66,Moderate Risk
890828197914,Standard Processed Cheese #178,Dairy,"milk, salt, cheese cultures, enzymes, sodium phosphate, annatto",291.2,1.0,1167.5,20.8,0.42,19.1,0.0,3,1,0,1,0,56,Moderate Risk
890224111476,Pure Ground Turmeric Powder #179,Spices & Condiments,100% turmeric rhizome powder,303.9,3.2,34.6,2.6,0.0,8.8,21.0,0,0,0,0,0,99,Low Risk
890810309796,Commercial Potato Crisps #180,Snacks,"potatoes, palm oil, salt, monosodium glutamate, flavor enhancer 635, dextrose",580.2,0.8,897.6,14.3,0.49,6.8,3.2,4,0,0,1,0,67,Moderate Risk
890129845138,Standard Processed Cheese #181,Dairy,"milk, salt, cheese cultures, enzymes, sodium phosphate, annatto",354.3,1.3,1139.4,22.6,0.78,17.1,0.0,3,1,0,1,0,42,Moderate Risk
890833306969,Industrial White Sandwich Bread #182,Bakery & Confectionery,"refined wheat flour, sugar, yeast, palm oil, calcium propionate, emulsifier 481, flour treatment agent 300",244.3,4.3,505.4,1.4,0.19,8.8,1.9,4,0,0,2,0,83,Moderate Risk
890506964552,Industrial White Sandwich Bread #183,Bakery & Confectionery,"refined wheat flour, sugar, yeast, palm oil, calcium propionate, emulsifier 481, flour treatment agent 300",272.1,4.4,572.4,1.3,0.09,7.8,2.1,4,0,0,2,0,82,Moderate Risk
890357664393,Industrial White Sandwich Bread #184,Bakery & Confectionery,"refined wheat flour, sugar, yeast, palm oil, calcium propionate, emulsifier 481, flour treatment agent 300",257.6,5.3,511.3,1.2,0.2,7.7,2.2,4,0,0,2,0,83,Moderate Risk
890134379293,Synthetic Colored Hard Candies #185,Bakery & Confectionery,"sugar, liquid glucose, allura red, brilliant blue fcf, tartrazine, artificial fruit flavor, citric acid",406.7,82.3,70.3,0.0,0.0,0.0,0.0,5,3,0,1,1,5,High Risk
890106943952,Whole Cow Milk #186,Dairy,"milk, vitamin d3",68.7,4.5,50.7,3.5,0.0,3.4,0.0,0,0,0,0,0,99,Low Risk
890651914259,Coconut Water 100% Pure #187,Beverages,pure tender coconut water,18.3,3.6,27.6,0.1,0.0,0.7,1.2,0,0,0,0,0,99,Low Risk
890444860419,Coconut Water 100% Pure #188,Beverages,pure tender coconut water,19.2,3.6,29.6,0.1,0.0,0.7,1.0,0,0,0,0,0,99,Low Risk
890556301338,Extruded Spicy Puffs #189,Snacks,"corn meal, palm olein, maltodextrin, sunset yellow fcf, tartrazine, tbhq, msg, artificial flavors",601.8,4.1,1122.7,19.6,1.32,5.3,1.6,7,2,0,2,1,5,High Risk
890105491606,Synthetic Milk Sample #190,Dairy,"urea, detergent, refined vegetable oil, caustic soda, water",170.9,0.4,870.4,16.3,4.15,1.1,0.0,5,0,0,3,1,5,High Risk
890836848165,Organic Trail Mix #191,Snacks,"almonds, walnuts, raisins, sunflower seeds, pumpkin seeds",491.5,19.4,17.8,3.6,0.0,14.3,7.3,0,0,0,0,0,99,Moderate Risk
890337613470,Cottage Cheese (Paneer) #192,Dairy,"pasteurized milk, citric acid",292.1,1.1,20.3,15.7,0.0,18.5,0.0,0,0,0,0,0,97,Low Risk
890130090200,Pure Red Chilli Powder #193,Spices & Condiments,100% dried red chillies,310.1,8.3,26.4,3.1,0.0,13.1,28.7,0,0,0,0,0,99,Low Risk
890148359625,Commercial Potato Crisps #194,Snacks,"potatoes, palm oil, salt, monosodium glutamate, flavor enhancer 635, dextrose",488.7,0.8,827.4,12.8,0.61,6.5,2.9,4,0,0,1,0,60,Moderate Risk
890743593910,Cottage Cheese (Paneer) #195,Dairy,"pasteurized milk, citric acid",248.1,1.0,24.7,17.6,0.0,19.9,0.0,0,0,0,0,0,95,Low Risk
890997229231,Organic Trail Mix #196,Snacks,"almonds, walnuts, raisins, sunflower seeds, pumpkin seeds",467.9,16.7,14.1,4.0,0.0,14.6,8.2,0,0,0,0,0,99,Low Risk
890616043765,Adulterated Chilli Powder with Sudan Dye #197,Spices & Condiments,"red chilli powder, brick powder trace, sudan i dye, salt, mineral oil",288.3,3.9,751.3,4.0,0.0,5.4,13.2,4,1,0,0,1,48,High Risk
890226428289,Fried Street-Style Savory Mix #198,Snacks,"refined flour, re-used palm oil, metanil yellow, excess salt, msg",510.4,1.4,1611.6,20.3,3.45,6.3,1.1,6,2,0,2,1,5,High Risk
890875202825,Synthetic Milk Sample #199,Dairy,"urea, detergent, refined vegetable oil, caustic soda, water",188.7,0.6,938.9,16.6,4.19,1.1,0.0,5,0,0,3,1,5,High Risk
890993803872,Diet Soda with Multiple Sweeteners #200,Beverages,"carbonated water, aspartame, acesulfame potassium, caramel iv, sodium benzoate, phosphoric acid",0.9,0.0,37.2,0.0,0.0,0.0,0.0,5,1,2,1,0,66,Moderate Risk
890806062918,100% Whole Wheat Sourdough #201,Bakery & Confectionery,"whole wheat flour, water, sourdough culture, sea salt",246.5,1.3,498.8,0.6,0.0,9.7,6.3,0,0,0,0,0,99,Low Risk
890119869445,Pure Extra Virgin Olive Oil #202,Spices & Condiments,100% extra virgin cold pressed olive oil,757.3,0.0,2.2,12.6,0.0,0.0,0.0,0,0,0,0,0,92,Low Risk
890910949750,Pure Green Tea Bag #203,Beverages,100% organic green tea leaves,1.1,0.0,1.0,0.0,0.0,0.2,0.0,0,0,0,0,0,99,Low Risk
890969862442,Organic Trail Mix #204,Snacks,"almonds, walnuts, raisins, sunflower seeds, pumpkin seeds",495.0,17.4,13.8,4.4,0.0,15.6,8.5,0,0,0,0,0,99,Low Risk
890523031949,Synthetic Milk Sample #205,Dairy,"urea, detergent, refined vegetable oil, caustic soda, water",190.4,0.5,859.7,12.3,4.31,1.2,0.0,5,0,0,3,1,5,High Risk
890161186555,Pure Extra Virgin Olive Oil #206,Spices & Condiments,100% extra virgin cold pressed olive oil,824.0,0.0,2.2,16.0,0.0,0.0,0.0,0,0,0,0,0,89,Low Risk
890967057270,Adulterated Chilli Powder with Sudan Dye #207,Spices & Condiments,"red chilli powder, brick powder trace, sudan i dye, salt, mineral oil",307.6,4.6,597.7,3.4,0.0,6.2,15.3,4,1,0,0,1,51,High Risk
890879069316,Cottage Cheese (Paneer) #208,Dairy,"pasteurized milk, citric acid",268.1,1.1,21.7,17.6,0.0,19.9,0.0,0,0,0,0,0,95,Low Risk
890802016929,Pure Ground Turmeric Powder #209,Spices & Condiments,100% turmeric rhizome powder,313.5,3.1,39.7,2.7,0.0,9.5,22.5,0,0,0,0,0,99,Low Risk
890974118819,Adulterated Low-Cost Paneer #210,Dairy,"milk solids, vegetable oil, starch, sulfuric acid trace, detergent trace",279.1,3.7,508.7,20.6,2.76,8.2,0.0,4,0,0,2,1,5,High Risk
890842911395,Carbonated Cola Drink #211,Beverages,"carbonated water, high fructose corn syrup, caramel color iv, phosphoric acid, caffeine, artificial flavors",41.0,9.2,11.5,0.0,0.0,0.0,0.0,4,1,0,1,0,78,Moderate Risk
890936141027,Dark Chocolate 85% #212,Bakery & Confectionery,"cocoa mass, cocoa butter, cane sugar, vanilla beans",551.8,15.8,14.0,31.8,0.0,9.2,10.8,0,0,0,0,0,88,Low Risk
890123392417,Organic Trail Mix #213,Snacks,"almonds, walnuts, raisins, sunflower seeds, pumpkin seeds",503.5,20.9,13.0,4.6,0.0,15.1,8.1,0,0,0,0,0,99,Moderate Risk
890608854002,Synthetic Milk Sample #214,Dairy,"urea, detergent, refined vegetable oil, caustic soda, water",199.4,0.5,758.4,13.9,4.32,1.2,0.0,5,0,0,3,1,5,High Risk
890459623015,Organic Trail Mix #215,Snacks,"almonds, walnuts, raisins, sunflower seeds, pumpkin seeds",459.1,19.9,14.0,3.6,0.0,15.1,7.4,0,0,0,0,0,99,Moderate Risk
890459916295,Energy Drink with High Caffeine #216,Beverages,"carbonated water, sucrose, glucose, taurine, caffeine, inositol, niacinamide, pyridoxine, color e133, sodium benzoate",46.7,10.5,91.6,0.0,0.0,0.4,0.0,6,1,0,2,0,68,Moderate Risk
890180589723,Adulterated Butter with Animal Fat & Starch #217,Dairy,"milk fat, animal tallow, starch, yellow dye 5, preservative",724.9,0.6,697.8,58.3,3.88,0.5,0.0,4,1,0,2,1,5,High Risk
890520066219,Adulterated Chilli Powder with Sudan Dye #218,Spices & Condiments,"red chilli powder, brick powder trace, sudan i dye, salt, mineral oil",245.7,3.5,732.4,3.4,0.0,6.0,14.7,4,1,0,0,1,48,High Risk
890408848455,Processed Nacho Chips #219,Snacks,"corn, vegetable fat, whey powder, disodium guanylate, artificial cheese flavor, yellow 6 lake",421.1,2.2,1039.6,8.4,0.94,6.1,3.7,5,1,0,1,0,51,Moderate Risk
890838690311,Carbonated Cola Drink #220,Beverages,"carbonated water, high fructose corn syrup, caramel color iv, phosphoric acid, caffeine, artificial flavors",43.4,9.9,13.8,0.0,0.0,0.0,0.0,4,1,0,1,0,78,Moderate Risk
890209722221,Industrial White Sandwich Bread #221,Bakery & Confectionery,"refined wheat flour, sugar, yeast, palm oil, calcium propionate, emulsifier 481, flour treatment agent 300",291.9,5.4,483.9,1.3,0.0,8.8,1.8,4,0,0,2,0,84,Moderate Risk
890942654584,Fresh Butter #222,Dairy,"pasteurized cream, salt",781.3,0.1,615.1,58.0,0.0,0.9,0.0,0,0,0,0,0,77,Moderate Risk
890266480730,Greek Plain Yogurt #223,Dairy,"cultured pasteurized nonfat milk, live active cultures",62.7,3.9,34.3,0.5,0.0,9.4,0.0,0,0,0,0,0,99,Low Risk
890947349320,Low-Cost Synthetic Fruit Drink #224,Beverages,"water, invert sugar syrup, metanil yellow, citric acid, clouding agent, artificial mango flavor, potassium metabisulphite",57.5,16.4,46.5,0.0,0.0,0.0,0.0,6,2,0,2,1,18,High Risk
890557535297,Pure Ground Turmeric Powder #225,Spices & Condiments,100% turmeric rhizome powder,304.6,3.7,36.4,3.2,0.0,9.3,22.6,0,0,0,0,0,99,Low Risk
890964852176,Adulterated Chilli Powder with Sudan Dye #226,Spices & Condiments,"red chilli powder, brick powder trace, sudan i dye, salt, mineral oil",307.1,3.8,677.0,3.5,0.0,5.9,13.3,4,1,0,0,1,49,High Risk
890959024893,Fried Street-Style Savory Mix #227,Snacks,"refined flour, re-used palm oil, metanil yellow, excess salt, msg",539.3,1.5,1720.1,20.7,3.73,6.2,1.1,6,2,0,2,1,5,High Risk
890290348991,Energy Drink with High Caffeine #228,Beverages,"carbonated water, sucrose, glucose, taurine, caffeine, inositol, niacinamide, pyridoxine, color e133, sodium benzoate",51.8,12.9,88.5,0.0,0.0,0.4,0.0,6,1,0,2,0,66,Moderate Risk
890298562883,Energy Drink with High Caffeine #229,Beverages,"carbonated water, sucrose, glucose, taurine, caffeine, inositol, niacinamide, pyridoxine, color e133, sodium benzoate",45.8,12.7,69.2,0.0,0.0,0.4,0.0,6,1,0,2,0,66,Moderate Risk
890652302870,100% Whole Wheat Sourdough #230,Bakery & Confectionery,"whole wheat flour, water, sourdough culture, sea salt",273.8,1.3,422.4,0.5,0.0,10.4,6.3,0,0,0,0,0,99,Low Risk
890923304119,Carbonated Cola Drink #231,Beverages,"carbonated water, high fructose corn syrup, caramel color iv, phosphoric acid, caffeine, artificial flavors",45.9,12.6,13.8,0.0,0.0,0.0,0.0,4,1,0,1,0,76,Moderate Risk
890597046019,Adulterated Mustard Oil with Argemone #232,Spices & Condiments,"mustard oil, argemone oil, mineral oil, butter yellow dye",795.7,0.0,5.3,10.9,1.57,0.0,0.0,3,1,0,0,1,15,High Risk
890749824027,Adulterated Turmeric with Metanil Yellow #233,Spices & Condiments,"turmeric powder, lead chromate trace, chalk powder, metanil yellow color",245.0,2.3,170.7,1.3,0.0,4.7,12.1,3,1,0,0,1,56,High Risk
890737271837,Diet Soda with Multiple Sweeteners #234,Beverages,"carbonated water, aspartame, acesulfame potassium, caramel iv, sodium benzoate, phosphoric acid",1.0,0.0,34.2,0.0,0.0,0.0,0.0,5,1,2,1,0,66,Moderate Risk
890319177231,Instant Fried Noodles #235,Snacks,"wheat flour, palm oil, salt, guar gum, flavor enhancer 621, caramel iv, sodium polyphosphate",479.3,3.0,1951.9,10.8,0.46,9.2,2.7,5,1,0,2,0,47,Moderate Risk
890737097531,Adulterated Chilli Powder with Sudan Dye #236,Spices & Condiments,"red chilli powder, brick powder trace, sudan i dye, salt, mineral oil",313.4,4.6,711.5,4.0,0.0,6.2,13.7,4,1,0,0,1,49,High Risk
890179704731,Pure Extra Virgin Olive Oil #237,Spices & Condiments,100% extra virgin cold pressed olive oil,974.9,0.0,2.0,16.8,0.0,0.0,0.0,0,0,0,0,0,88,Low Risk
890471469269,Cream-Filled Sandwich Cookies #238,Bakery & Confectionery,"refined wheat flour, sugar, hydrogenated palm oil, cocoa, high fructose corn syrup, soy lecithin, vanillin, artificial chocolate flavor, tbhq",479.2,34.4,384.4,8.8,2.04,4.3,2.1,5,0,0,2,1,5,High Risk
890548173216,Greek Plain Yogurt #239,Dairy,"cultured pasteurized nonfat milk, live active cultures",59.4,3.6,40.7,0.5,0.0,10.2,0.0,0,0,0,0,0,99,Low Risk
890984450960,Adulterated Butter with Animal Fat & Starch #240,Dairy,"milk fat, animal tallow, starch, yellow dye 5, preservative",763.5,0.5,661.9,46.2,3.79,0.5,0.0,4,1,0,2,1,5,High Risk
890641836828,Organic Trail Mix #241,Snacks,"almonds, walnuts, raisins, sunflower seeds, pumpkin seeds",534.0,17.9,14.3,4.5,0.0,14.7,7.5,0,0,0,0,0,99,Low Risk
890669885142,Adulterated Mustard Oil with Argemone #242,Spices & Condiments,"mustard oil, argemone oil, mineral oil, butter yellow dye",887.0,0.0,5.4,14.3,1.71,0.0,0.0,3,1,0,0,1,10,High Risk
890990923970,Flavored Fruit Yogurt #243,Dairy,"milk, sugar, strawberries, modified corn starch, carmine color, potassium sorbate",111.0,18.4,64.4,1.4,0.0,3.8,0.5,3,1,0,1,0,77,Moderate Risk
890571847347,Pure Ground Turmeric Powder #244,Spices & Condiments,100% turmeric rhizome powder,346.1,3.4,42.5,3.1,0.0,9.5,24.1,0,0,0,0,0,99,Low Risk
890490561836,Dark Chocolate 85% #245,Bakery & Confectionery,"cocoa mass, cocoa butter, cane sugar, vanilla beans",635.2,15.4,15.1,25.3,0.0,9.3,10.7,0,0,0,0,0,88,Low Risk
890264537225,Roasted Chickpeas #246,Snacks,"chickpeas, olive oil, sea salt",311.8,1.8,247.7,1.2,0.0,18.4,16.7,0,0,0,0,0,99,Low Risk
890901258061,Processed Nacho Chips #247,Snacks,"corn, vegetable fat, whey powder, disodium guanylate, artificial cheese flavor, yellow 6 lake",563.6,1.9,1098.1,8.2,0.87,6.3,4.2,5,1,0,1,0,51,Moderate Risk
890176358666,100% Whole Wheat Sourdough #248,Bakery & Confectionery,"whole wheat flour, water, sourdough culture, sea salt",240.7,1.7,368.9,0.5,0.0,9.8,6.4,0,0,0,0,0,99,Low Risk
890122795317,Synthetic Milk Sample #249,Dairy,"urea, detergent, refined vegetable oil, caustic soda, water",171.1,0.6,789.7,12.5,4.1,1.3,0.0,5,0,0,3,1,5,High Risk
890934350044,Standard Processed Cheese #250,Dairy,"milk, salt, cheese cultures, enzymes, sodium phosphate, annatto",348.7,1.4,1054.9,20.2,0.5,17.9,0.0,3,1,0,1,0,58,Moderate Risk
890205561225,Adulterated Butter with Animal Fat & Starch #251,Dairy,"milk fat, animal tallow, starch, yellow dye 5, preservative",623.8,0.6,557.0,57.4,3.86,0.5,0.0,4,1,0,2,1,5,High Risk
890138134297,Extruded Spicy Puffs #252,Snacks,"corn meal, palm olein, maltodextrin, sunset yellow fcf, tartrazine, tbhq, msg, artificial flavors",610.8,4.8,1114.3,19.2,1.28,5.1,1.4,7,2,0,2,1,5,High Risk
890844477176,Standard Processed Cheese #253,Dairy,"milk, salt, cheese cultures, enzymes, sodium phosphate, annatto",298.3,1.1,1263.4,23.9,0.65,16.8,0.0,3,1,0,1,0,40,Moderate Risk
890529555029,Commercial Tomato Ketchup #254,Spices & Condiments,"tomato paste, sugar, distilled vinegar, salt, onion powder, sodium benzoate, potassium sorbate, pectin",110.0,22.5,951.7,0.1,0.0,1.5,1.4,3,0,0,2,0,62,Moderate Risk
890254204226,Synthetic Milk Sample #255,Dairy,"urea, detergent, refined vegetable oil, caustic soda, water",204.2,0.6,756.2,12.1,4.2,1.1,0.0,5,0,0,3,1,5,High Risk
890418195048,Adulterated Butter with Animal Fat & Starch #256,Dairy,"milk fat, animal tallow, starch, yellow dye 5, preservative",624.0,0.5,637.0,60.9,3.92,0.5,0.0,4,1,0,2,1,5,High Risk
890369123014,Pure Red Chilli Powder #257,Spices & Condiments,100% dried red chillies,315.6,6.1,32.5,3.4,0.0,11.9,25.8,0,0,0,0,0,99,Low Risk
890858150614,Commercial Potato Crisps #258,Snacks,"potatoes, palm oil, salt, monosodium glutamate, flavor enhancer 635, dextrose",600.2,0.8,734.8,10.8,0.37,6.8,3.3,4,0,0,1,0,78,Moderate Risk
890253118493,Flavored Fruit Yogurt #259,Dairy,"milk, sugar, strawberries, modified corn starch, carmine color, potassium sorbate",118.5,14.2,67.5,1.7,0.0,4.0,0.5,3,1,0,1,0,80,Moderate Risk
890134808999,Synthetic Milk Sample #260,Dairy,"urea, detergent, refined vegetable oil, caustic soda, water",155.2,0.6,912.6,14.6,4.25,1.2,0.0,5,0,0,3,1,5,High Risk
890780639427,Adulterated Low-Cost Paneer #261,Dairy,"milk solids, vegetable oil, starch, sulfuric acid trace, detergent trace",319.9,4.0,438.2,18.4,2.41,8.5,0.0,4,0,0,2,1,5,High Risk
890693041915,Skimmed Milk #262,Dairy,"skimmed milk, vitamin a, vitamin d3",33.9,5.7,48.1,0.2,0.0,3.5,0.0,0,0,0,0,0,99,Low Risk
890410075349,Pure Red Chilli Powder #263,Spices & Condiments,100% dried red chillies,339.2,8.4,31.8,3.4,0.0,11.0,25.7,0,0,0,0,0,99,Low Risk
890662144691,Dark Chocolate 85% #264,Bakery & Confectionery,"cocoa mass, cocoa butter, cane sugar, vanilla beans",574.2,16.0,13.5,32.1,0.0,8.3,11.1,0,0,0,0,0,87,Low Risk
890586042443,Synthetic Colored Hard Candies #265,Bakery & Confectionery,"sugar, liquid glucose, allura red, brilliant blue fcf, tartrazine, artificial fruit flavor, citric acid",380.8,79.8,91.5,0.0,0.0,0.0,0.0,5,3,0,1,1,5,High Risk
890702155865,Extruded Spicy Puffs #266,Snacks,"corn meal, palm olein, maltodextrin, sunset yellow fcf, tartrazine, tbhq, msg, artificial flavors",537.8,4.3,1110.8,18.4,1.2,4.6,1.5,7,2,0,2,1,5,High Risk
890355918310,Instant Fried Noodles #267,Snacks,"wheat flour, palm oil, salt, guar gum, flavor enhancer 621, caramel iv, sodium polyphosphate",434.3,2.7,2004.4,11.2,0.61,9.1,2.7,5,1,0,2,0,37,High Risk
890648365187,Pure Red Chilli Powder #268,Spices & Condiments,100% dried red chillies,354.3,7.5,31.1,3.9,0.0,12.0,28.3,0,0,0,0,0,99,Low Risk
890565405943,Greek Plain Yogurt #269,Dairy,"cultured pasteurized nonfat milk, live active cultures",67.3,3.5,41.8,0.5,0.0,9.7,0.0,0,0,0,0,0,99,Low Risk
890789209678,Processed Nacho Chips #270,Snacks,"corn, vegetable fat, whey powder, disodium guanylate, artificial cheese flavor, yellow 6 lake",501.6,2.2,1024.0,9.4,0.7,6.3,3.8,5,1,0,1,0,55,Moderate Risk
890801187814,Fresh Butter #271,Dairy,"pasteurized cream, salt",818.2,0.1,516.2,51.3,0.0,0.8,0.0,0,0,0,0,0,79,Low Risk
890661569793,Fresh Butter #272,Dairy,"pasteurized cream, salt",768.9,0.1,542.0,49.0,0.0,1.0,0.0,0,0,0,0,0,78,Low Risk
890298187785,Skimmed Milk #273,Dairy,"skimmed milk, vitamin a, vitamin d3",31.3,4.6,57.1,0.2,0.0,3.6,0.0,0,0,0,0,0,99,Low Risk
890254381024,Whole Cow Milk #274,Dairy,"milk, vitamin d3",52.7,4.7,44.6,3.1,0.0,3.4,0.0,0,0,0,0,0,99,Low Risk
890822024130,Organic Trail Mix #275,Snacks,"almonds, walnuts, raisins, sunflower seeds, pumpkin seeds",528.6,18.9,16.0,4.8,0.0,15.2,7.7,0,0,0,0,0,99,Moderate Risk
890433238630,Flavored Fruit Yogurt #276,Dairy,"milk, sugar, strawberries, modified corn starch, carmine color, potassium sorbate",121.1,15.6,76.7,1.5,0.0,3.7,0.5,3,1,0,1,0,79,Moderate Risk
890988357626,Adulterated Turmeric with Metanil Yellow #277,Spices & Condiments,"turmeric powder, lead chromate trace, chalk powder, metanil yellow color",260.3,1.9,162.9,1.6,0.0,5.0,11.2,3,1,0,0,1,55,High Risk
890542359008,Greek Plain Yogurt #278,Dairy,"cultured pasteurized nonfat milk, live active cultures",58.3,4.1,35.3,0.4,0.0,10.9,0.0,0,0,0,0,0,99,Low Risk
890917538181,Pure Green Tea Bag #279,Beverages,100% organic green tea leaves,1.0,0.0,1.1,0.0,0.0,0.2,0.0,0,0,0,0,0,99,Low Risk
890318782884,Adulterated Low-Cost Paneer #280,Dairy,"milk solids, vegetable oil, starch, sulfuric acid trace, detergent trace",283.4,3.3,531.1,18.2,2.72,8.3,0.0,4,0,0,2,1,5,High Risk
890781881640,Pure Ground Turmeric Powder #281,Spices & Condiments,100% turmeric rhizome powder,298.1,3.7,35.4,2.4,0.0,9.5,21.9,0,0,0,0,0,99,Low Risk
890544730233,Pure Extra Virgin Olive Oil #282,Spices & Condiments,100% extra virgin cold pressed olive oil,771.0,0.0,2.2,12.9,0.0,0.0,0.0,0,0,0,0,0,92,Low Risk
890692663778,Oat & Honey Granola Bar #283,Bakery & Confectionery,"rolled oats, honey, almonds, crisped rice, sunflower oil, salt",464.2,12.8,200.6,1.9,0.0,8.8,5.1,0,0,0,0,0,99,Low Risk
890674947689,Adulterated Butter with Animal Fat & Starch #284,Dairy,"milk fat, animal tallow, starch, yellow dye 5, preservative",629.0,0.4,590.3,60.5,3.95,0.5,0.0,4,1,0,2,1,5,High Risk
890230756637,Adulterated Butter with Animal Fat & Starch #285,Dairy,"milk fat, animal tallow, starch, yellow dye 5, preservative",722.0,0.6,575.3,47.0,3.79,0.5,0.0,4,1,0,2,1,5,High Risk
890652016937,Cottage Cheese (Paneer) #286,Dairy,"pasteurized milk, citric acid",244.2,1.4,20.7,19.1,0.0,19.8,0.0,0,0,0,0,0,94,Low Risk
890142683682,Extruded Spicy Puffs #287,Snacks,"corn meal, palm olein, maltodextrin, sunset yellow fcf, tartrazine, tbhq, msg, artificial flavors",502.1,4.9,1277.1,18.9,1.26,5.4,1.4,7,2,0,2,1,5,High Risk
890182675908,Adulterated Mustard Oil with Argemone #288,Spices & Condiments,"mustard oil, argemone oil, mineral oil, butter yellow dye",915.9,0.0,4.7,12.3,1.75,0.0,0.0,3,1,0,0,1,11,High Risk
890125887605,Commercial Potato Crisps #289,Snacks,"potatoes, palm oil, salt, monosodium glutamate, flavor enhancer 635, dextrose",479.2,0.9,894.0,11.5,0.57,6.2,3.1,4,0,0,1,0,61,Moderate Risk
890305091357,Oat & Honey Granola Bar #290,Bakery & Confectionery,"rolled oats, honey, almonds, crisped rice, sunflower oil, salt",361.0,16.5,202.0,2.0,0.0,8.2,5.9,0,0,0,0,0,99,Low Risk
890232339349,Whole Cow Milk #291,Dairy,"milk, vitamin d3",65.1,4.9,50.2,3.3,0.0,3.3,0.0,0,0,0,0,0,99,Low Risk
890564781128,Flavored Fruit Yogurt #292,Dairy,"milk, sugar, strawberries, modified corn starch, carmine color, potassium sorbate",121.3,15.9,71.1,1.3,0.0,4.3,0.5,3,1,0,1,0,79,Moderate Risk
890925363564,Roasted Chickpeas #293,Snacks,"chickpeas, olive oil, sea salt",362.1,2.3,272.6,1.1,0.0,19.1,17.5,0,0,0,0,0,99,Low Risk
890181068738,Adulterated Butter with Animal Fat & Starch #294,Dairy,"milk fat, animal tallow, starch, yellow dye 5, preservative",767.2,0.5,571.2,52.8,3.85,0.5,0.0,4,1,0,2,1,5,High Risk
890522915146,Pure Red Chilli Powder #295,Spices & Condiments,100% dried red chillies,275.5,7.9,31.7,3.2,0.0,11.7,26.3,0,0,0,0,0,99,Low Risk
890220763565,Industrial White Sandwich Bread #296,Bakery & Confectionery,"refined wheat flour, sugar, yeast, palm oil, calcium propionate, emulsifier 481, flour treatment agent 300",287.8,5.5,481.2,1.0,0.01,8.6,1.8,4,0,0,2,0,84,Moderate Risk
890329790224,Roasted Chickpeas #297,Snacks,"chickpeas, olive oil, sea salt",341.2,2.2,302.3,1.3,0.0,17.9,16.6,0,0,0,0,0,99,Low Risk
890723479931,Oat & Honey Granola Bar #298,Bakery & Confectionery,"rolled oats, honey, almonds, crisped rice, sunflower oil, salt",386.6,15.1,181.7,2.2,0.0,8.1,5.0,0,0,0,0,0,99,Low Risk
890357488625,Extruded Spicy Puffs #299,Snacks,"corn meal, palm olein, maltodextrin, sunset yellow fcf, tartrazine, tbhq, msg, artificial flavors",476.9,4.9,1523.4,19.3,1.38,5.1,1.4,7,2,0,2,1,5,High Risk
890229360574,Adulterated Mustard Oil with Argemone #300,Spices & Condiments,"mustard oil, argemone oil, mineral oil, butter yellow dye",999.8,0.0,5.2,13.9,1.68,0.0,0.0,3,1,0,0,1,10,High Risk
890809365572,Greek Plain Yogurt #301,Dairy,"cultured pasteurized nonfat milk, live active cultures",57.6,3.6,31.8,0.3,0.0,9.5,0.0,0,0,0,0,0,99,Low Risk
890339360805,Greek Plain Yogurt #302,Dairy,"cultured pasteurized nonfat milk, live active cultures",66.8,3.7,40.5,0.4,0.0,10.1,0.0,0,0,0,0,0,99,Low Risk
890680412134,Dark Chocolate 85% #303,Bakery & Confectionery,"cocoa mass, cocoa butter, cane sugar, vanilla beans",556.4,14.0,12.9,27.2,0.0,8.1,12.1,0,0,0,0,0,90,Low Risk
890574749256,Coconut Water 100% Pure #304,Beverages,pure tender coconut water,20.6,3.4,21.5,0.1,0.0,0.7,1.0,0,0,0,0,0,99,Low Risk
890828545180,Fried Street-Style Savory Mix #305,Snacks,"refined flour, re-used palm oil, metanil yellow, excess salt, msg",613.4,1.4,1368.8,21.3,3.53,6.5,0.9,6,2,0,2,1,5,High Risk
890723578936,Diet Soda with Multiple Sweeteners #306,Beverages,"carbonated water, aspartame, acesulfame potassium, caramel iv, sodium benzoate, phosphoric acid",0.9,0.0,30.5,0.0,0.0,0.0,0.0,5,1,2,1,0,66,Moderate Risk
890556201805,Standard Processed Cheese #307,Dairy,"milk, salt, cheese cultures, enzymes, sodium phosphate, annatto",311.9,1.2,1136.5,19.7,0.61,17.3,0.0,3,1,0,1,0,48,Moderate Risk
890515485938,Diet Soda with Multiple Sweeteners #308,Beverages,"carbonated water, aspartame, acesulfame potassium, caramel iv, sodium benzoate, phosphoric acid",1.0,0.0,32.0,0.0,0.0,0.0,0.0,5,1,2,1,0,66,Moderate Risk
890306667042,Cold Pressed Orange Juice #309,Beverages,100% freshly pressed oranges,39.2,10.5,1.7,0.1,0.0,0.7,1.4,0,0,0,0,0,99,Low Risk
890657742988,Adulterated Chilli Powder with Sudan Dye #310,Spices & Condiments,"red chilli powder, brick powder trace, sudan i dye, salt, mineral oil",317.3,4.7,664.7,3.8,0.0,6.1,14.1,4,1,0,0,1,49,High Risk
890261220956,Coconut Water 100% Pure #311,Beverages,pure tender coconut water,16.3,3.0,27.5,0.1,0.0,0.7,1.2,0,0,0,0,0,99,Low Risk
890236714390,Greek Plain Yogurt #312,Dairy,"cultured pasteurized nonfat milk, live active cultures",59.4,4.1,40.9,0.4,0.0,10.8,0.0,0,0,0,0,0,99,Low Risk
890412077617,Synthetic Milk Sample #313,Dairy,"urea, detergent, refined vegetable oil, caustic soda, water",179.0,0.5,710.4,16.5,4.28,1.2,0.0,5,0,0,3,1,5,High Risk
890498497310,Roasted Chickpeas #314,Snacks,"chickpeas, olive oil, sea salt",405.8,1.9,297.0,1.4,0.0,18.7,15.4,0,0,0,0,0,99,Low Risk
890105724096,Diet Soda with Multiple Sweeteners #315,Beverages,"carbonated water, aspartame, acesulfame potassium, caramel iv, sodium benzoate, phosphoric acid",1.0,0.0,38.7,0.0,0.0,0.0,0.0,5,1,2,1,0,66,Moderate Risk
890904808936,Organic Trail Mix #316,Snacks,"almonds, walnuts, raisins, sunflower seeds, pumpkin seeds",492.1,17.6,14.2,4.3,0.0,16.1,8.7,0,0,0,0,0,99,Low Risk
890758527875,Energy Drink with High Caffeine #317,Beverages,"carbonated water, sucrose, glucose, taurine, caffeine, inositol, niacinamide, pyridoxine, color e133, sodium benzoate",52.1,12.0,92.4,0.0,0.0,0.4,0.0,6,1,0,2,0,67,Moderate Risk
890682281269,Carbonated Cola Drink #318,Beverages,"carbonated water, high fructose corn syrup, caramel color iv, phosphoric acid, caffeine, artificial flavors",45.0,9.5,10.6,0.0,0.0,0.0,0.0,4,1,0,1,0,78,Moderate Risk
890373361339,Commercial Tomato Ketchup #319,Spices & Condiments,"tomato paste, sugar, distilled vinegar, salt, onion powder, sodium benzoate, potassium sorbate, pectin",131.1,28.9,973.2,0.1,0.0,1.4,1.6,3,0,0,2,0,57,Moderate Risk
890957890914,Oat & Honey Granola Bar #320,Bakery & Confectionery,"rolled oats, honey, almonds, crisped rice, sunflower oil, salt",404.2,14.5,181.7,2.0,0.0,8.1,6.0,0,0,0,0,0,99,Low Risk
890468910443,Cream-Filled Sandwich Cookies #321,Bakery & Confectionery,"refined wheat flour, sugar, hydrogenated palm oil, cocoa, high fructose corn syrup, soy lecithin, vanillin, artificial chocolate flavor, tbhq",535.4,33.9,365.4,10.5,1.75,4.9,2.1,5,0,0,2,1,5,High Risk
890967529704,Commercial Potato Crisps #322,Snacks,"potatoes, palm oil, salt, monosodium glutamate, flavor enhancer 635, dextrose",548.1,0.9,681.7,13.5,0.67,6.5,3.5,4,0,0,1,0,66,Moderate Risk
890964698669,Processed Nacho Chips #323,Snacks,"corn, vegetable fat, whey powder, disodium guanylate, artificial cheese flavor, yellow 6 lake",554.0,2.2,954.6,11.3,0.97,6.4,3.7,5,1,0,1,0,46,Moderate Risk
890539677982,Fresh Butter #324,Dairy,"pasteurized cream, salt",810.1,0.1,494.9,59.2,0.0,0.9,0.0,0,0,0,0,0,79,Low Risk
890452041911,Pure Green Tea Bag #325,Beverages,100% organic green tea leaves,0.9,0.0,1.1,0.0,0.0,0.2,0.0,0,0,0,0,0,99,Low Risk
890336134443,Roasted Chickpeas #326,Snacks,"chickpeas, olive oil, sea salt",366.5,2.5,334.3,1.1,0.0,18.8,16.6,0,0,0,0,0,99,Low Risk
890655642713,Fresh Butter #327,Dairy,"pasteurized cream, salt",669.2,0.1,602.2,54.6,0.0,1.0,0.0,0,0,0,0,0,77,Moderate Risk
890789389964,Commercial Potato Crisps #328,Snacks,"potatoes, palm oil, salt, monosodium glutamate, flavor enhancer 635, dextrose",482.8,0.9,873.2,13.8,0.62,6.2,3.2,4,0,0,1,0,58,Moderate Risk
890566729024,Adulterated Mustard Oil with Argemone #329,Spices & Condiments,"mustard oil, argemone oil, mineral oil, butter yellow dye",963.5,0.0,5.9,12.3,1.53,0.0,0.0,3,1,0,0,1,14,High Risk
890689992035,Baked Whole Grain Crackers #330,Snacks,"whole wheat flour, canola oil, sea salt, malt extract",400.7,2.5,357.1,1.8,0.0,9.1,7.3,0,0,0,0,0,99,Low Risk
890125641812,Carbonated Cola Drink #331,Beverages,"carbonated water, high fructose corn syrup, caramel color iv, phosphoric acid, caffeine, artificial flavors",35.9,9.4,13.1,0.0,0.0,0.0,0.0,4,1,0,1,0,78,Moderate Risk
890994355948,Coconut Water 100% Pure #332,Beverages,pure tender coconut water,21.7,3.2,24.9,0.1,0.0,0.8,1.1,0,0,0,0,0,99,Low Risk
890566168906,Oat & Honey Granola Bar #333,Bakery & Confectionery,"rolled oats, honey, almonds, crisped rice, sunflower oil, salt",451.1,12.9,176.6,2.2,0.0,8.3,5.0,0,0,0,0,0,99,Low Risk
890125615669,Roasted Chickpeas #334,Snacks,"chickpeas, olive oil, sea salt",340.4,2.2,286.5,1.4,0.0,19.6,17.6,0,0,0,0,0,99,Low Risk
890828889858,Roasted Chickpeas #335,Snacks,"chickpeas, olive oil, sea salt",366.9,2.3,317.9,1.4,0.0,18.1,17.6,0,0,0,0,0,99,Low Risk
890246755971,Adulterated Chilli Powder with Sudan Dye #336,Spices & Condiments,"red chilli powder, brick powder trace, sudan i dye, salt, mineral oil",292.2,4.3,761.1,4.2,0.0,6.5,14.7,4,1,0,0,1,48,High Risk
890604965198,Skimmed Milk #337,Dairy,"skimmed milk, vitamin a, vitamin d3",32.1,5.6,57.5,0.2,0.0,3.6,0.0,0,0,0,0,0,99,Low Risk
890280446590,Carbonated Cola Drink #338,Beverages,"carbonated water, high fructose corn syrup, caramel color iv, phosphoric acid, caffeine, artificial flavors",42.0,10.2,10.6,0.0,0.0,0.0,0.0,4,1,0,1,0,78,Moderate Risk
890883554670,Synthetic Colored Hard Candies #339,Bakery & Confectionery,"sugar, liquid glucose, allura red, brilliant blue fcf, tartrazine, artificial fruit flavor, citric acid",356.1,73.2,87.5,0.0,0.0,0.0,0.0,5,3,0,1,1,5,High Risk
890582175158,Adulterated Mustard Oil with Argemone #340,Spices & Condiments,"mustard oil, argemone oil, mineral oil, butter yellow dye",968.8,0.0,5.5,11.6,1.75,0.0,0.0,3,1,0,0,1,12,High Risk
890333272437,Adulterated Mustard Oil with Argemone #341,Spices & Condiments,"mustard oil, argemone oil, mineral oil, butter yellow dye",861.2,0.0,5.8,13.4,1.53,0.0,0.0,3,1,0,0,1,13,High Risk
890559411811,Flavored Fruit Yogurt #342,Dairy,"milk, sugar, strawberries, modified corn starch, carmine color, potassium sorbate",109.8,14.9,64.9,1.5,0.0,4.2,0.5,3,1,0,1,0,80,Moderate Risk
890398461324,Flavored Fruit Yogurt #343,Dairy,"milk, sugar, strawberries, modified corn starch, carmine color, potassium sorbate",109.8,14.4,75.7,1.6,0.0,3.7,0.5,3,1,0,1,0,80,Moderate Risk
890235215231,Cream-Filled Sandwich Cookies #344,Bakery & Confectionery,"refined wheat flour, sugar, hydrogenated palm oil, cocoa, high fructose corn syrup, soy lecithin, vanillin, artificial chocolate flavor, tbhq",547.6,45.6,323.3,10.7,1.71,4.3,2.0,5,0,0,2,1,5,High Risk
890163236510,Processed Nacho Chips #345,Snacks,"corn, vegetable fat, whey powder, disodium guanylate, artificial cheese flavor, yellow 6 lake",550.6,1.8,1047.5,11.3,0.92,7.3,4.3,5,1,0,1,0,46,Moderate Risk
890834496174,Roasted Chickpeas #346,Snacks,"chickpeas, olive oil, sea salt",348.1,1.8,273.6,1.3,0.0,20.5,18.2,0,0,0,0,0,99,Low Risk
890489961916,Flavored Fruit Yogurt #347,Dairy,"milk, sugar, strawberries, modified corn starch, carmine color, potassium sorbate",95.4,17.4,76.1,1.8,0.0,4.3,0.5,3,1,0,1,0,78,Moderate Risk
890481699860,Instant Fried Noodles #348,Snacks,"wheat flour, palm oil, salt, guar gum, flavor enhancer 621, caramel iv, sodium polyphosphate",503.5,3.1,1859.4,11.1,0.52,9.2,2.5,5,1,0,2,0,38,High Risk
890904541311,Diet Soda with Multiple Sweeteners #349,Beverages,"carbonated water, aspartame, acesulfame potassium, caramel iv, sodium benzoate, phosphoric acid",1.0,0.0,37.6,0.0,0.0,0.0,0.0,5,1,2,1,0,66,Moderate Risk
890477144066,Standard Processed Cheese #350,Dairy,"milk, salt, cheese cultures, enzymes, sodium phosphate, annatto",366.8,1.4,1044.3,19.3,0.61,17.4,0.0,3,1,0,1,0,50,Moderate Risk
890593476895,Adulterated Butter with Animal Fat & Starch #351,Dairy,"milk fat, animal tallow, starch, yellow dye 5, preservative",755.1,0.6,545.3,51.0,3.92,0.5,0.0,4,1,0,2,1,5,High Risk
890463375914,Roasted Chickpeas #352,Snacks,"chickpeas, olive oil, sea salt",403.9,2.3,330.8,1.2,0.0,19.4,15.5,0,0,0,0,0,99,Low Risk
890293783082,Oat & Honey Granola Bar #353,Bakery & Confectionery,"rolled oats, honey, almonds, crisped rice, sunflower oil, salt",439.3,17.9,195.9,2.2,0.0,8.3,5.2,0,0,0,0,0,99,Low Risk
890457984155,Roasted Chickpeas #354,Snacks,"chickpeas, olive oil, sea salt",376.0,1.9,324.1,1.0,0.0,18.2,17.7,0,0,0,0,0,99,Low Risk
890101035912,Low-Cost Synthetic Fruit Drink #355,Beverages,"water, invert sugar syrup, metanil yellow, citric acid, clouding agent, artificial mango flavor, potassium metabisulphite",55.1,17.3,43.8,0.0,0.0,0.0,0.0,6,2,0,2,1,17,High Risk
890676392037,100% Whole Wheat Sourdough #356,Bakery & Confectionery,"whole wheat flour, water, sourdough culture, sea salt",236.4,1.8,503.6,0.6,0.0,10.9,5.7,0,0,0,0,0,99,Low Risk
890833455832,Industrial White Sandwich Bread #357,Bakery & Confectionery,"refined wheat flour, sugar, yeast, palm oil, calcium propionate, emulsifier 481, flour treatment agent 300",244.3,4.6,610.2,1.1,0.39,7.3,2.2,4,0,0,2,0,82,Moderate Risk
890462369496,Commercial Potato Crisps #358,Snacks,"potatoes, palm oil, salt, monosodium glutamate, flavor enhancer 635, dextrose",481.0,0.7,705.9,10.8,0.7,5.9,3.1,4,0,0,1,0,67,Moderate Risk
890243521145,Adulterated Butter with Animal Fat & Starch #359,Dairy,"milk fat, animal tallow, starch, yellow dye 5, preservative",773.7,0.4,691.6,44.5,3.79,0.5,0.0,4,1,0,2,1,5,High Risk
890480427061,Pure Extra Virgin Olive Oil #360,Spices & Condiments,100% extra virgin cold pressed olive oil,808.6,0.0,2.3,13.5,0.0,0.0,0.0,0,0,0,0,0,92,Low Risk
890723485335,Processed Nacho Chips #361,Snacks,"corn, vegetable fat, whey powder, disodium guanylate, artificial cheese flavor, yellow 6 lake",451.1,1.8,937.0,11.0,1.01,6.9,3.6,5,1,0,1,0,46,Moderate Risk
890775448153,Cold Pressed Orange Juice #362,Beverages,100% freshly pressed oranges,44.2,7.6,2.2,0.1,0.0,0.7,1.5,0,0,0,0,0,99,Low Risk
890471401740,Cream-Filled Sandwich Cookies #363,Bakery & Confectionery,"refined wheat flour, sugar, hydrogenated palm oil, cocoa, high fructose corn syrup, soy lecithin, vanillin, artificial chocolate flavor, tbhq",449.9,35.1,359.1,9.0,1.76,4.5,1.9,5,0,0,2,1,5,High Risk
890120334871,Coconut Water 100% Pure #364,Beverages,pure tender coconut water,18.0,3.6,21.8,0.1,0.0,0.7,1.1,0,0,0,0,0,99,Low Risk
890702519013,Carbonated Cola Drink #365,Beverages,"carbonated water, high fructose corn syrup, caramel color iv, phosphoric acid, caffeine, artificial flavors",38.9,11.4,11.0,0.0,0.0,0.0,0.0,4,1,0,1,0,77,Moderate Risk
890619526857,Industrial White Sandwich Bread #366,Bakery & Confectionery,"refined wheat flour, sugar, yeast, palm oil, calcium propionate, emulsifier 481, flour treatment agent 300",241.1,5.4,544.7,1.4,0.3,8.0,2.1,4,0,0,2,0,83,Moderate Risk
890841615021,Pure Extra Virgin Olive Oil #367,Spices & Condiments,100% extra virgin cold pressed olive oil,999.2,0.0,1.8,15.2,0.0,0.0,0.0,0,0,0,0,0,90,Low Risk
890520558669,Skimmed Milk #368,Dairy,"skimmed milk, vitamin a, vitamin d3",34.7,5.4,59.4,0.2,0.0,3.3,0.0,0,0,0,0,0,99,Low Risk
890202193337,Cold Pressed Orange Juice #369,Beverages,100% freshly pressed oranges,48.5,9.3,1.8,0.1,0.0,0.7,1.6,0,0,0,0,0,99,Low Risk
890771137231,Pure Red Chilli Powder #370,Spices & Condiments,100% dried red chillies,315.8,7.3,27.9,3.9,0.0,12.1,27.8,0,0,0,0,0,99,Low Risk
890835390146,Cream-Filled Sandwich Cookies #371,Bakery & Confectionery,"refined wheat flour, sugar, hydrogenated palm oil, cocoa, high fructose corn syrup, soy lecithin, vanillin, artificial chocolate flavor, tbhq",455.4,44.7,414.3,9.0,1.87,4.2,2.0,5,0,0,2,1,5,High Risk
890481605223,Synthetic Milk Sample #372,Dairy,"urea, detergent, refined vegetable oil, caustic soda, water",206.7,0.4,980.5,14.7,4.37,1.3,0.0,5,0,0,3,1,5,High Risk
890143735483,Low-Cost Synthetic Fruit Drink #373,Beverages,"water, invert sugar syrup, metanil yellow, citric acid, clouding agent, artificial mango flavor, potassium metabisulphite",52.5,12.6,41.7,0.0,0.0,0.0,0.0,6,2,0,2,1,21,High Risk
890348233278,Greek Plain Yogurt #374,Dairy,"cultured pasteurized nonfat milk, live active cultures",62.6,4.2,34.2,0.4,0.0,9.6,0.0,0,0,0,0,0,99,Low Risk
890324431273,Industrial White Sandwich Bread #375,Bakery & Confectionery,"refined wheat flour, sugar, yeast, palm oil, calcium propionate, emulsifier 481, flour treatment agent 300",253.3,4.2,556.3,1.2,0.2,8.2,2.2,4,0,0,2,0,83,Moderate Risk
890772005356,Flavored Fruit Yogurt #376,Dairy,"milk, sugar, strawberries, modified corn starch, carmine color, potassium sorbate",122.4,17.0,74.7,1.3,0.0,4.2,0.5,3,1,0,1,0,78,Moderate Risk
890830022445,Cold Pressed Orange Juice #377,Beverages,100% freshly pressed oranges,40.6,8.5,1.8,0.1,0.0,0.7,1.4,0,0,0,0,0,99,Low Risk
890532512161,Whole Cow Milk #378,Dairy,"milk, vitamin d3",64.3,5.5,40.6,3.8,0.0,3.2,0.0,0,0,0,0,0,99,Low Risk
890643841478,Oat & Honey Granola Bar #379,Bakery & Confectionery,"rolled oats, honey, almonds, crisped rice, sunflower oil, salt",462.2,13.1,187.8,2.4,0.0,8.1,5.6,0,0,0,0,0,99,Low Risk
890767443325,Pure Extra Virgin Olive Oil #380,Spices & Condiments,100% extra virgin cold pressed olive oil,998.3,0.0,2.1,13.3,0.0,0.0,0.0,0,0,0,0,0,92,Low Risk
890928160485,Organic Trail Mix #381,Snacks,"almonds, walnuts, raisins, sunflower seeds, pumpkin seeds",426.8,15.7,14.0,4.7,0.0,14.4,8.6,0,0,0,0,0,99,Low Risk
890375589848,Cottage Cheese (Paneer) #382,Dairy,"pasteurized milk, citric acid",296.5,1.3,26.1,18.3,0.0,18.3,0.0,0,0,0,0,0,94,Low Risk
890896040623,Cream-Filled Sandwich Cookies #383,Bakery & Confectionery,"refined wheat flour, sugar, hydrogenated palm oil, cocoa, high fructose corn syrup, soy lecithin, vanillin, artificial chocolate flavor, tbhq",429.2,35.4,306.7,8.9,1.7,4.6,1.9,5,0,0,2,1,5,High Risk
890307242725,Adulterated Turmeric with Metanil Yellow #384,Spices & Condiments,"turmeric powder, lead chromate trace, chalk powder, metanil yellow color",244.3,2.1,199.0,1.3,0.0,5.3,11.2,3,1,0,0,1,56,High Risk
890180835785,Pure Red Chilli Powder #385,Spices & Condiments,100% dried red chillies,364.0,8.4,34.5,4.1,0.0,11.3,25.5,0,0,0,0,0,99,Low Risk
890255241367,Roasted Chickpeas #386,Snacks,"chickpeas, olive oil, sea salt",354.6,2.4,258.4,1.2,0.0,18.1,18.4,0,0,0,0,0,99,Low Risk
890563013463,Processed Nacho Chips #387,Snacks,"corn, vegetable fat, whey powder, disodium guanylate, artificial cheese flavor, yellow 6 lake",514.5,2.1,1022.2,10.2,0.91,6.8,3.8,5,1,0,1,0,47,Moderate Risk
890207264257,Pure Red Chilli Powder #388,Spices & Condiments,100% dried red chillies,306.1,7.2,30.8,3.7,0.0,12.0,28.8,0,0,0,0,0,99,Low Risk
890953923774,Commercial Tomato Ketchup #389,Spices & Condiments,"tomato paste, sugar, distilled vinegar, salt, onion powder, sodium benzoate, potassium sorbate, pectin",122.6,29.2,870.7,0.1,0.0,1.5,1.6,3,0,0,2,0,59,Moderate Risk
890327320086,Commercial Potato Crisps #390,Snacks,"potatoes, palm oil, salt, monosodium glutamate, flavor enhancer 635, dextrose",473.5,0.9,817.1,13.8,0.52,6.2,3.2,4,0,0,1,0,61,Moderate Risk
890108340560,Pure Ground Turmeric Powder #391,Spices & Condiments,100% turmeric rhizome powder,328.9,3.7,41.7,2.6,0.0,8.8,22.6,0,0,0,0,0,99,Low Risk
890676231114,Pure Green Tea Bag #392,Beverages,100% organic green tea leaves,1.1,0.0,0.9,0.0,0.0,0.2,0.0,0,0,0,0,0,99,Low Risk
890866553761,Commercial Tomato Ketchup #393,Spices & Condiments,"tomato paste, sugar, distilled vinegar, salt, onion powder, sodium benzoate, potassium sorbate, pectin",127.2,24.0,811.4,0.1,0.0,1.5,1.5,3,0,0,2,0,64,Moderate Risk
890892411840,Instant Fried Noodles #394,Snacks,"wheat flour, palm oil, salt, guar gum, flavor enhancer 621, caramel iv, sodium polyphosphate",396.6,3.0,2094.4,11.1,0.46,8.7,2.3,5,1,0,2,0,46,Moderate Risk
890865136513,Industrial White Sandwich Bread #395,Bakery & Confectionery,"refined wheat flour, sugar, yeast, palm oil, calcium propionate, emulsifier 481, flour treatment agent 300",228.6,4.8,523.1,1.2,0.21,8.7,1.9,4,0,0,2,0,83,Moderate Risk
890815790980,Synthetic Milk Sample #396,Dairy,"urea, detergent, refined vegetable oil, caustic soda, water",188.7,0.5,963.7,14.4,4.18,1.3,0.0,5,0,0,3,1,5,High Risk
890339638344,Synthetic Milk Sample #397,Dairy,"urea, detergent, refined vegetable oil, caustic soda, water",160.9,0.5,946.2,14.5,4.17,1.2,0.0,5,0,0,3,1,5,High Risk
890319716143,Standard Processed Cheese #398,Dairy,"milk, salt, cheese cultures, enzymes, sodium phosphate, annatto",306.0,1.0,1272.5,23.4,0.61,16.9,0.0,3,1,0,1,0,41,Moderate Risk
890514239236,Pure Red Chilli Powder #399,Spices & Condiments,100% dried red chillies,356.1,6.8,31.8,3.5,0.0,12.3,28.3,0,0,0,0,0,99,Low Risk
890927255528,Commercial Potato Crisps #400,Snacks,"potatoes, palm oil, salt, monosodium glutamate, flavor enhancer 635, dextrose",465.7,0.9,825.5,10.9,0.37,7.1,3.2,4,0,0,1,0,72,Moderate Risk
890949666866,Cottage Cheese (Paneer) #401,Dairy,"pasteurized milk, citric acid",267.0,1.2,24.4,18.6,0.0,19.7,0.0,0,0,0,0,0,94,Low Risk
890108251179,Processed Nacho Chips #402,Snacks,"corn, vegetable fat, whey powder, disodium guanylate, artificial cheese flavor, yellow 6 lake",543.7,2.3,1029.1,9.7,0.85,7.3,4.4,5,1,0,1,0,54,Moderate Risk
890615491256,Pure Green Tea Bag #403,Beverages,100% organic green tea leaves,1.1,0.0,1.2,0.0,0.0,0.2,0.0,0,0,0,0,0,99,Low Risk
890661203261,Cold Pressed Orange Juice #404,Beverages,100% freshly pressed oranges,44.7,8.1,2.1,0.1,0.0,0.8,1.6,0,0,0,0,0,99,Low Risk
890829350701,Extruded Spicy Puffs #405,Snacks,"corn meal, palm olein, maltodextrin, sunset yellow fcf, tartrazine, tbhq, msg, artificial flavors",517.4,4.8,1417.1,14.5,1.36,5.2,1.5,7,2,0,2,1,5,High Risk
890308373170,Flavored Fruit Yogurt #406,Dairy,"milk, sugar, strawberries, modified corn starch, carmine color, potassium sorbate",96.4,15.5,61.8,1.6,0.0,3.8,0.5,3,1,0,1,0,79,Moderate Risk
890369715412,Pure Red Chilli Powder #407,Spices & Condiments,100% dried red chillies,328.6,7.9,32.8,4.0,0.0,10.8,26.9,0,0,0,0,0,99,Low Risk
890389348579,Instant Fried Noodles #408,Snacks,"wheat flour, palm oil, salt, guar gum, flavor enhancer 621, caramel iv, sodium polyphosphate",496.2,2.8,1520.0,11.4,0.43,10.0,2.3,5,1,0,2,0,47,Moderate Risk
890887063584,Roasted Chickpeas #409,Snacks,"chickpeas, olive oil, sea salt",344.4,2.1,296.9,1.1,0.0,17.6,15.9,0,0,0,0,0,99,Low Risk
890299177329,Skimmed Milk #410,Dairy,"skimmed milk, vitamin a, vitamin d3",36.4,4.4,43.8,0.2,0.0,3.2,0.0,0,0,0,0,0,99,Low Risk
890864325919,Organic Trail Mix #411,Snacks,"almonds, walnuts, raisins, sunflower seeds, pumpkin seeds",431.0,21.3,14.2,4.9,0.0,15.9,7.8,0,0,0,0,0,99,Moderate Risk
890323098073,100% Whole Wheat Sourdough #412,Bakery & Confectionery,"whole wheat flour, water, sourdough culture, sea salt",233.8,1.3,376.1,0.5,0.0,10.6,5.7,0,0,0,0,0,99,Low Risk
890307535031,Adulterated Turmeric with Metanil Yellow #413,Spices & Condiments,"turmeric powder, lead chromate trace, chalk powder, metanil yellow color",224.7,2.1,216.0,1.6,0.0,5.0,11.8,3,1,0,0,1,56,High Risk
890816388820,Processed Nacho Chips #414,Snacks,"corn, vegetable fat, whey powder, disodium guanylate, artificial cheese flavor, yellow 6 lake",506.3,1.9,960.7,9.8,0.8,6.5,4.3,5,1,0,1,0,55,Moderate Risk
890487172841,Commercial Tomato Ketchup #415,Spices & Condiments,"tomato paste, sugar, distilled vinegar, salt, onion powder, sodium benzoate, potassium sorbate, pectin",118.1,24.9,1014.5,0.1,0.0,1.3,1.4,3,0,0,2,0,59,Moderate Risk
890708492045,Greek Plain Yogurt #416,Dairy,"cultured pasteurized nonfat milk, live active cultures",55.8,3.5,30.9,0.4,0.0,10.8,0.0,0,0,0,0,0,99,Low Risk
890896040370,Standard Processed Cheese #417,Dairy,"milk, salt, cheese cultures, enzymes, sodium phosphate, annatto",356.7,1.4,1330.6,23.2,0.77,18.0,0.0,3,1,0,1,0,38,High Risk
890855123762,Skimmed Milk #418,Dairy,"skimmed milk, vitamin a, vitamin d3",33.0,5.3,44.3,0.2,0.0,3.4,0.0,0,0,0,0,0,99,Low Risk
890592470414,Standard Processed Cheese #419,Dairy,"milk, salt, cheese cultures, enzymes, sodium phosphate, annatto",273.9,1.3,1175.1,24.9,0.54,18.1,0.0,3,1,0,1,0,43,Moderate Risk
890978640904,Standard Processed Cheese #420,Dairy,"milk, salt, cheese cultures, enzymes, sodium phosphate, annatto",317.8,1.4,1176.6,20.2,0.49,17.3,0.0,3,1,0,1,0,56,Moderate Risk
890380728139,Extruded Spicy Puffs #421,Snacks,"corn meal, palm olein, maltodextrin, sunset yellow fcf, tartrazine, tbhq, msg, artificial flavors",482.3,4.5,1393.4,19.6,1.31,5.1,1.5,7,2,0,2,1,5,High Risk
890337301585,Cream-Filled Sandwich Cookies #422,Bakery & Confectionery,"refined wheat flour, sugar, hydrogenated palm oil, cocoa, high fructose corn syrup, soy lecithin, vanillin, artificial chocolate flavor, tbhq",430.9,40.9,406.7,10.0,2.08,4.5,1.9,5,0,0,2,1,5,High Risk
890580619818,Cold Pressed Orange Juice #423,Beverages,100% freshly pressed oranges,42.6,10.4,2.2,0.1,0.0,0.7,1.4,0,0,0,0,0,99,Low Risk
890621441738,Coconut Water 100% Pure #424,Beverages,pure tender coconut water,19.3,3.2,25.9,0.1,0.0,0.7,1.2,0,0,0,0,0,99,Low Risk
890826673932,Extruded Spicy Puffs #425,Snacks,"corn meal, palm olein, maltodextrin, sunset yellow fcf, tartrazine, tbhq, msg, artificial flavors",481.0,3.7,1431.1,17.6,1.12,5.2,1.6,7,2,0,2,1,5,High Risk
890928947309,Standard Processed Cheese #426,Dairy,"milk, salt, cheese cultures, enzymes, sodium phosphate, annatto",305.3,1.0,1282.0,24.7,0.5,19.2,0.0,3,1,0,1,0,50,Moderate Risk
890602758642,Adulterated Turmeric with Metanil Yellow #427,Spices & Condiments,"turmeric powder, lead chromate trace, chalk powder, metanil yellow color",264.3,2.1,153.7,1.4,0.0,5.1,11.9,3,1,0,0,1,56,High Risk
890188429063,Roasted Chickpeas #428,Snacks,"chickpeas, olive oil, sea salt",408.0,2.0,292.8,1.1,0.0,18.6,18.5,0,0,0,0,0,99,Low Risk
890423294144,Cold Pressed Orange Juice #429,Beverages,100% freshly pressed oranges,41.3,9.5,2.2,0.1,0.0,0.7,1.4,0,0,0,0,0,99,Low Risk
890767528554,100% Whole Wheat Sourdough #430,Bakery & Confectionery,"whole wheat flour, water, sourdough culture, sea salt",236.0,1.7,412.8,0.6,0.0,10.3,6.5,0,0,0,0,0,99,Low Risk
890223707244,Low-Cost Synthetic Fruit Drink #431,Beverages,"water, invert sugar syrup, metanil yellow, citric acid, clouding agent, artificial mango flavor, potassium metabisulphite",54.8,13.7,41.6,0.0,0.0,0.0,0.0,6,2,0,2,1,20,High Risk
890592551399,Adulterated Low-Cost Paneer #432,Dairy,"milk solids, vegetable oil, starch, sulfuric acid trace, detergent trace",261.6,4.0,516.1,17.0,2.44,9.6,0.0,4,0,0,2,1,5,High Risk
890644819389,Flavored Fruit Yogurt #433,Dairy,"milk, sugar, strawberries, modified corn starch, carmine color, potassium sorbate",93.5,14.3,67.7,1.6,0.0,4.1,0.5,3,1,0,1,0,80,Moderate Risk
890654357763,Adulterated Turmeric with Metanil Yellow #434,Spices & Condiments,"turmeric powder, lead chromate trace, chalk powder, metanil yellow color",220.5,2.1,190.4,1.3,0.0,4.8,11.0,3,1,0,0,1,55,High Risk
890459239816,Coconut Water 100% Pure #435,Beverages,pure tender coconut water,21.8,3.2,27.8,0.1,0.0,0.7,1.1,0,0,0,0,0,99,Low Risk
890905424116,Adulterated Turmeric with Metanil Yellow #436,Spices & Condiments,"turmeric powder, lead chromate trace, chalk powder, metanil yellow color",278.3,2.2,197.9,1.7,0.0,4.8,12.6,3,1,0,0,1,56,High Risk
890441882741,Skimmed Milk #437,Dairy,"skimmed milk, vitamin a, vitamin d3",35.9,5.5,58.1,0.2,0.0,3.5,0.0,0,0,0,0,0,99,Low Risk
890662303942,Adulterated Turmeric with Metanil Yellow #438,Spices & Condiments,"turmeric powder, lead chromate trace, chalk powder, metanil yellow color",259.4,2.1,184.9,1.7,0.0,5.4,10.9,3,1,0,0,1,55,High Risk
890369090489,Greek Plain Yogurt #439,Dairy,"cultured pasteurized nonfat milk, live active cultures",51.6,3.6,34.8,0.4,0.0,10.5,0.0,0,0,0,0,0,99,Low Risk
890219394473,Instant Fried Noodles #440,Snacks,"wheat flour, palm oil, salt, guar gum, flavor enhancer 621, caramel iv, sodium polyphosphate",439.1,2.7,1631.9,8.5,0.43,9.3,2.6,5,1,0,2,0,52,Moderate Risk
890842676753,Cold Pressed Orange Juice #441,Beverages,100% freshly pressed oranges,38.7,8.6,2.1,0.1,0.0,0.7,1.4,0,0,0,0,0,99,Low Risk
890837400902,Adulterated Chilli Powder with Sudan Dye #442,Spices & Condiments,"red chilli powder, brick powder trace, sudan i dye, salt, mineral oil",282.9,3.8,555.8,3.4,0.0,5.9,13.5,4,1,0,0,1,51,High Risk
890585385027,Adulterated Low-Cost Paneer #443,Dairy,"milk solids, vegetable oil, starch, sulfuric acid trace, detergent trace",284.8,3.2,490.4,18.0,2.4,8.3,0.0,4,0,0,2,1,5,High Risk
890172462300,Organic Trail Mix #444,Snacks,"almonds, walnuts, raisins, sunflower seeds, pumpkin seeds",460.0,20.5,15.2,4.3,0.0,16.1,7.7,0,0,0,0,0,99,Moderate Risk
890596017229,Cream-Filled Sandwich Cookies #445,Bakery & Confectionery,"refined wheat flour, sugar, hydrogenated palm oil, cocoa, high fructose corn syrup, soy lecithin, vanillin, artificial chocolate flavor, tbhq",464.4,32.3,375.7,8.9,2.0,4.4,2.2,5,0,0,2,1,5,High Risk
890490084265,Cold Pressed Orange Juice #446,Beverages,100% freshly pressed oranges,39.2,8.6,2.2,0.1,0.0,0.7,1.6,0,0,0,0,0,99,Low Risk
890827939715,Carbonated Cola Drink #447,Beverages,"carbonated water, high fructose corn syrup, caramel color iv, phosphoric acid, caffeine, artificial flavors",41.9,12.2,11.9,0.0,0.0,0.0,0.0,4,1,0,1,0,76,Moderate Risk
890330230341,Dark Chocolate 85% #448,Bakery & Confectionery,"cocoa mass, cocoa butter, cane sugar, vanilla beans",529.6,16.1,13.7,32.0,0.0,8.6,11.8,0,0,0,0,0,88,Low Risk
890374954989,Fried Street-Style Savory Mix #449,Snacks,"refined flour, re-used palm oil, metanil yellow, excess salt, msg",635.1,1.6,1667.7,23.3,3.74,5.9,1.0,6,2,0,2,1,5,High Risk
890259314022,Fresh Butter #450,Dairy,"pasteurized cream, salt",777.9,0.1,626.4,51.0,0.0,0.8,0.0,0,0,0,0,0,77,Moderate Risk
890883280040,Dark Chocolate 85% #451,Bakery & Confectionery,"cocoa mass, cocoa butter, cane sugar, vanilla beans",594.2,13.1,16.3,25.2,0.0,8.5,10.8,0,0,0,0,0,90,Low Risk
890734734731,Coconut Water 100% Pure #452,Beverages,pure tender coconut water,18.6,3.2,23.0,0.1,0.0,0.6,1.1,0,0,0,0,0,99,Low Risk
890732609011,Diet Soda with Multiple Sweeteners #453,Beverages,"carbonated water, aspartame, acesulfame potassium, caramel iv, sodium benzoate, phosphoric acid",1.1,0.0,32.3,0.0,0.0,0.0,0.0,5,1,2,1,0,66,Moderate Risk
890891781841,Cottage Cheese (Paneer) #454,Dairy,"pasteurized milk, citric acid",299.3,1.3,21.0,19.7,0.0,18.3,0.0,0,0,0,0,0,93,Low Risk
890350445418,Adulterated Turmeric with Metanil Yellow #455,Spices & Condiments,"turmeric powder, lead chromate trace, chalk powder, metanil yellow color",287.3,2.1,165.4,1.7,0.0,5.4,11.5,3,1,0,0,1,56,High Risk
890689118237,Energy Drink with High Caffeine #456,Beverages,"carbonated water, sucrose, glucose, taurine, caffeine, inositol, niacinamide, pyridoxine, color e133, sodium benzoate",49.3,12.0,75.0,0.0,0.0,0.4,0.0,6,1,0,2,0,67,Moderate Risk
890454721652,Skimmed Milk #457,Dairy,"skimmed milk, vitamin a, vitamin d3",31.4,4.7,54.1,0.2,0.0,3.7,0.0,0,0,0,0,0,99,Low Risk
890347114350,Coconut Water 100% Pure #458,Beverages,pure tender coconut water,19.0,2.9,27.4,0.1,0.0,0.7,1.2,0,0,0,0,0,99,Low Risk
890899132909,Roasted Chickpeas #459,Snacks,"chickpeas, olive oil, sea salt",364.2,2.3,264.2,1.4,0.0,19.2,16.4,0,0,0,0,0,99,Low Risk
890957764915,Adulterated Low-Cost Paneer #460,Dairy,"milk solids, vegetable oil, starch, sulfuric acid trace, detergent trace",329.3,3.4,477.3,19.2,2.45,8.4,0.0,4,0,0,2,1,5,High Risk
890190798846,Adulterated Low-Cost Paneer #461,Dairy,"milk solids, vegetable oil, starch, sulfuric acid trace, detergent trace",279.2,3.5,557.3,18.3,2.7,8.8,0.0,4,0,0,2,1,5,High Risk
890668688343,Flavored Fruit Yogurt #462,Dairy,"milk, sugar, strawberries, modified corn starch, carmine color, potassium sorbate",124.3,18.1,73.9,1.3,0.0,4.2,0.5,3,1,0,1,0,77,Moderate Risk
890769630761,Fresh Butter #463,Dairy,"pasteurized cream, salt",712.4,0.1,686.1,53.2,0.0,0.9,0.0,0,0,0,0,0,76,Moderate Risk
890861096435,Organic Trail Mix #464,Snacks,"almonds, walnuts, raisins, sunflower seeds, pumpkin seeds",562.2,20.3,14.1,4.9,0.0,16.2,7.8,0,0,0,0,0,99,Moderate Risk
890742440840,Instant Fried Noodles #465,Snacks,"wheat flour, palm oil, salt, guar gum, flavor enhancer 621, caramel iv, sodium polyphosphate",452.2,3.3,1887.1,11.4,0.45,8.8,2.4,5,1,0,2,0,46,Moderate Risk
890418595764,Coconut Water 100% Pure #466,Beverages,pure tender coconut water,20.4,3.0,26.6,0.1,0.0,0.7,1.1,0,0,0,0,0,99,Low Risk
890936664092,Skimmed Milk #467,Dairy,"skimmed milk, vitamin a, vitamin d3",38.7,4.8,50.6,0.2,0.0,3.7,0.0,0,0,0,0,0,99,Low Risk
890618369936,Instant Fried Noodles #468,Snacks,"wheat flour, palm oil, salt, guar gum, flavor enhancer 621, caramel iv, sodium polyphosphate",435.1,2.9,1747.4,11.3,0.68,8.5,2.6,5,1,0,2,0,35,High Risk
890450761733,Pure Red Chilli Powder #469,Spices & Condiments,100% dried red chillies,277.7,7.3,33.2,3.8,0.0,10.9,25.7,0,0,0,0,0,99,Low Risk
890549334962,Adulterated Chilli Powder with Sudan Dye #470,Spices & Condiments,"red chilli powder, brick powder trace, sudan i dye, salt, mineral oil",274.4,4.1,571.5,4.2,0.0,6.1,13.8,4,1,0,0,1,51,High Risk
890992627773,Commercial Tomato Ketchup #471,Spices & Condiments,"tomato paste, sugar, distilled vinegar, salt, onion powder, sodium benzoate, potassium sorbate, pectin",111.4,22.6,1014.7,0.1,0.0,1.3,1.4,3,0,0,2,0,61,Moderate Risk
890587599659,Adulterated Mustard Oil with Argemone #472,Spices & Condiments,"mustard oil, argemone oil, mineral oil, butter yellow dye",817.7,0.0,5.0,13.0,1.47,0.0,0.0,3,1,0,0,1,14,High Risk
890639048426,Cold Pressed Orange Juice #473,Beverages,100% freshly pressed oranges,39.4,10.2,2.2,0.1,0.0,0.7,1.4,0,0,0,0,0,99,Low Risk
890550419367,Adulterated Turmeric with Metanil Yellow #474,Spices & Condiments,"turmeric powder, lead chromate trace, chalk powder, metanil yellow color",235.7,1.9,175.8,1.5,0.0,5.1,12.8,3,1,0,0,1,57,High Risk
890400489089,Whole Cow Milk #475,Dairy,"milk, vitamin d3",68.8,4.3,46.9,3.6,0.0,3.1,0.0,0,0,0,0,0,99,Low Risk
890759370054,Greek Plain Yogurt #476,Dairy,"cultured pasteurized nonfat milk, live active cultures",67.8,3.6,33.4,0.4,0.0,10.4,0.0,0,0,0,0,0,99,Low Risk
890954086028,Coconut Water 100% Pure #477,Beverages,pure tender coconut water,18.7,3.4,29.7,0.1,0.0,0.7,1.0,0,0,0,0,0,99,Low Risk
890139859279,Adulterated Chilli Powder with Sudan Dye #478,Spices & Condiments,"red chilli powder, brick powder trace, sudan i dye, salt, mineral oil",283.9,3.4,606.8,4.8,0.0,6.5,14.4,4,1,0,0,1,50,High Risk
890808638522,Greek Plain Yogurt #479,Dairy,"cultured pasteurized nonfat milk, live active cultures",57.1,3.3,33.6,0.4,0.0,9.9,0.0,0,0,0,0,0,99,Low Risk
890148597616,Greek Plain Yogurt #480,Dairy,"cultured pasteurized nonfat milk, live active cultures",53.8,3.5,32.0,0.5,0.0,10.3,0.0,0,0,0,0,0,99,Low Risk
890733272874,Fried Street-Style Savory Mix #481,Snacks,"refined flour, re-used palm oil, metanil yellow, excess salt, msg",622.4,1.5,1352.9,20.0,3.64,6.2,0.9,6,2,0,2,1,5,High Risk
890328398301,Cottage Cheese (Paneer) #482,Dairy,"pasteurized milk, citric acid",304.5,1.4,25.2,16.6,0.0,18.6,0.0,0,0,0,0,0,96,Low Risk
890259909244,Baked Whole Grain Crackers #483,Snacks,"whole wheat flour, canola oil, sea salt, malt extract",418.6,2.9,468.0,2.1,0.0,8.7,7.9,0,0,0,0,0,99,Low Risk
890434278778,Skimmed Milk #484,Dairy,"skimmed milk, vitamin a, vitamin d3",38.0,5.1,49.3,0.2,0.0,3.4,0.0,0,0,0,0,0,99,Low Risk
890378229924,Whole Cow Milk #485,Dairy,"milk, vitamin d3",58.0,4.5,52.4,3.5,0.0,3.3,0.0,0,0,0,0,0,99,Low Risk
890411414056,Whole Cow Milk #486,Dairy,"milk, vitamin d3",58.5,4.8,48.3,2.9,0.0,3.0,0.0,0,0,0,0,0,99,Low Risk
890481451983,Pure Extra Virgin Olive Oil #487,Spices & Condiments,100% extra virgin cold pressed olive oil,768.7,0.0,2.3,16.0,0.0,0.0,0.0,0,0,0,0,0,89,Low Risk
890622161004,Fresh Butter #488,Dairy,"pasteurized cream, salt",821.8,0.1,554.7,56.6,0.0,0.9,0.0,0,0,0,0,0,78,Low Risk
890577779848,Standard Processed Cheese #489,Dairy,"milk, salt, cheese cultures, enzymes, sodium phosphate, annatto",366.6,1.3,1249.8,24.6,0.66,18.9,0.0,3,1,0,1,0,41,Moderate Risk
890209846688,Cream-Filled Sandwich Cookies #490,Bakery & Confectionery,"refined wheat flour, sugar, hydrogenated palm oil, cocoa, high fructose corn syrup, soy lecithin, vanillin, artificial chocolate flavor, tbhq",556.4,44.2,365.2,8.3,2.06,4.3,2.1,5,0,0,2,1,5,High Risk
890812081379,Diet Soda with Multiple Sweeteners #491,Beverages,"carbonated water, aspartame, acesulfame potassium, caramel iv, sodium benzoate, phosphoric acid",1.1,0.0,40.8,0.0,0.0,0.0,0.0,5,1,2,1,0,66,Moderate Risk
890189265572,Whole Cow Milk #492,Dairy,"milk, vitamin d3",57.7,4.8,45.2,2.7,0.0,3.5,0.0,0,0,0,0,0,99,Low Risk
890782178566,Cottage Cheese (Paneer) #493,Dairy,"pasteurized milk, citric acid",253.0,1.2,23.3,17.0,0.0,17.6,0.0,0,0,0,0,0,95,Low Risk
890813778717,Fresh Butter #494,Dairy,"pasteurized cream, salt",633.4,0.1,654.8,55.8,0.0,0.8,0.0,0,0,0,0,0,76,Moderate Risk
890925918750,Commercial Tomato Ketchup #495,Spices & Condiments,"tomato paste, sugar, distilled vinegar, salt, onion powder, sodium benzoate, potassium sorbate, pectin",98.7,23.6,1123.3,0.1,0.0,1.5,1.4,3,0,0,2,0,58,Moderate Risk
890628558642,Roasted Chickpeas #496,Snacks,"chickpeas, olive oil, sea salt",390.2,1.8,259.8,1.3,0.0,19.7,16.5,0,0,0,0,0,99,Low Risk
890525540958,Instant Fried Noodles #497,Snacks,"wheat flour, palm oil, salt, guar gum, flavor enhancer 621, caramel iv, sodium polyphosphate",515.4,2.9,1795.8,11.5,0.73,9.3,2.6,5,1,0,2,0,35,High Risk
890530601206,Organic Trail Mix #498,Snacks,"almonds, walnuts, raisins, sunflower seeds, pumpkin seeds",463.7,21.0,15.4,3.8,0.0,15.1,7.7,0,0,0,0,0,99,Moderate Risk
890823125601,Industrial White Sandwich Bread #499,Bakery & Confectionery,"refined wheat flour, sugar, yeast, palm oil, calcium propionate, emulsifier 481, flour treatment agent 300",272.8,4.7,546.7,1.2,0.17,7.9,2.0,4,0,0,2,0,83,Moderate Risk
890788326529,Skimmed Milk #500,Dairy,"skimmed milk, vitamin a, vitamin d3",31.0,5.1,51.0,0.2,0.0,3.4,0.0,0,0,0,0,0,99,Low Risk
890784239223,Carbonated Cola Drink #501,Beverages,"carbonated water, high fructose corn syrup, caramel color iv, phosphoric acid, caffeine, artificial flavors",39.7,9.9,14.1,0.0,0.0,0.0,0.0,4,1,0,1,0,78,Moderate Risk
890906032942,Synthetic Milk Sample #502,Dairy,"urea, detergent, refined vegetable oil, caustic soda, water",159.7,0.5,701.3,12.7,4.11,1.2,0.0,5,0,0,3,1,5,High Risk
890867273032,Dark Chocolate 85% #503,Bakery & Confectionery,"cocoa mass, cocoa butter, cane sugar, vanilla beans",550.0,15.9,16.1,28.1,0.0,7.9,12.0,0,0,0,0,0,88,Low Risk
890249177723,Synthetic Colored Hard Candies #504,Bakery & Confectionery,"sugar, liquid glucose, allura red, brilliant blue fcf, tartrazine, artificial fruit flavor, citric acid",381.6,79.3,80.8,0.0,0.0,0.0,0.0,5,3,0,1,1,5,High Risk
890678404252,Baked Whole Grain Crackers #505,Snacks,"whole wheat flour, canola oil, sea salt, malt extract",401.0,2.3,428.1,1.9,0.0,9.0,7.0,0,0,0,0,0,99,Low Risk
890808956386,Flavored Fruit Yogurt #506,Dairy,"milk, sugar, strawberries, modified corn starch, carmine color, potassium sorbate",98.1,18.2,62.3,1.4,0.0,4.1,0.5,3,1,0,1,0,77,Moderate Risk
890968523368,Pure Red Chilli Powder #507,Spices & Condiments,100% dried red chillies,323.7,6.4,29.7,4.1,0.0,12.2,25.3,0,0,0,0,0,99,Low Risk
890253940435,Diet Soda with Multiple Sweeteners #508,Beverages,"carbonated water, aspartame, acesulfame potassium, caramel iv, sodium benzoate, phosphoric acid",0.9,0.0,34.2,0.0,0.0,0.0,0.0,5,1,2,1,0,66,Moderate Risk
890648473025,Commercial Potato Crisps #509,Snacks,"potatoes, palm oil, salt, monosodium glutamate, flavor enhancer 635, dextrose",551.1,1.0,846.3,11.0,0.65,6.1,3.1,4,0,0,1,0,61,Moderate Risk
890574827129,Adulterated Mustard Oil with Argemone #510,Spices & Condiments,"mustard oil, argemone oil, mineral oil, butter yellow dye",956.3,0.0,5.7,10.8,1.69,0.0,0.0,3,1,0,0,1,13,High Risk
890741767001,Pure Extra Virgin Olive Oil #511,Spices & Condiments,100% extra virgin cold pressed olive oil,954.3,0.0,1.8,15.9,0.0,0.0,0.0,0,0,0,0,0,89,Low Risk
890682291136,Energy Drink with High Caffeine #512,Beverages,"carbonated water, sucrose, glucose, taurine, caffeine, inositol, niacinamide, pyridoxine, color e133, sodium benzoate",49.0,10.4,84.5,0.0,0.0,0.4,0.0,6,1,0,2,0,68,Moderate Risk
890762321228,Standard Processed Cheese #513,Dairy,"milk, salt, cheese cultures, enzymes, sodium phosphate, annatto",287.5,1.0,1029.2,18.3,0.79,18.3,0.0,3,1,0,1,0,49,Moderate Risk
890302791495,Cold Pressed Orange Juice #514,Beverages,100% freshly pressed oranges,51.2,9.3,2.3,0.1,0.0,0.7,1.6,0,0,0,0,0,99,Low Risk
890769695197,100% Whole Wheat Sourdough #515,Bakery & Confectionery,"whole wheat flour, water, sourdough culture, sea salt",257.0,1.4,449.2,0.6,0.0,10.9,5.9,0,0,0,0,0,99,Low Risk
890855393226,Adulterated Low-Cost Paneer #516,Dairy,"milk solids, vegetable oil, starch, sulfuric acid trace, detergent trace",268.4,3.6,442.5,17.8,2.57,8.8,0.0,4,0,0,2,1,5,High Risk
890383291147,Diet Soda with Multiple Sweeteners #517,Beverages,"carbonated water, aspartame, acesulfame potassium, caramel iv, sodium benzoate, phosphoric acid",0.9,0.0,34.9,0.0,0.0,0.0,0.0,5,1,2,1,0,66,Moderate Risk
890254774929,Low-Cost Synthetic Fruit Drink #518,Beverages,"water, invert sugar syrup, metanil yellow, citric acid, clouding agent, artificial mango flavor, potassium metabisulphite",48.0,16.2,46.6,0.0,0.0,0.0,0.0,6,2,0,2,1,18,High Risk
890708798576,Adulterated Low-Cost Paneer #519,Dairy,"milk solids, vegetable oil, starch, sulfuric acid trace, detergent trace",248.4,3.3,455.4,17.4,2.66,8.7,0.0,4,0,0,2,1,5,High Risk
890859457716,Oat & Honey Granola Bar #520,Bakery & Confectionery,"rolled oats, honey, almonds, crisped rice, sunflower oil, salt",433.4,13.5,168.6,2.6,0.0,8.6,5.1,0,0,0,0,0,99,Low Risk
890698003274,Pure Extra Virgin Olive Oil #521,Spices & Condiments,100% extra virgin cold pressed olive oil,960.5,0.0,2.3,15.8,0.0,0.0,0.0,0,0,0,0,0,89,Low Risk
890395600550,Commercial Tomato Ketchup #522,Spices & Condiments,"tomato paste, sugar, distilled vinegar, salt, onion powder, sodium benzoate, potassium sorbate, pectin",102.8,22.1,1009.5,0.1,0.0,1.3,1.6,3,0,0,2,0,61,Moderate Risk
890200774049,Carbonated Cola Drink #523,Beverages,"carbonated water, high fructose corn syrup, caramel color iv, phosphoric acid, caffeine, artificial flavors",43.3,11.8,13.6,0.0,0.0,0.0,0.0,4,1,0,1,0,77,Moderate Risk
890577245393,Adulterated Turmeric with Metanil Yellow #524,Spices & Condiments,"turmeric powder, lead chromate trace, chalk powder, metanil yellow color",250.4,2.1,200.8,1.3,0.0,5.0,11.6,3,1,0,0,1,56,High Risk
890641125499,Pure Extra Virgin Olive Oil #525,Spices & Condiments,100% extra virgin cold pressed olive oil,922.7,0.0,1.9,16.3,0.0,0.0,0.0,0,0,0,0,0,89,Low Risk
890666340335,Extruded Spicy Puffs #526,Snacks,"corn meal, palm olein, maltodextrin, sunset yellow fcf, tartrazine, tbhq, msg, artificial flavors",590.0,4.3,1336.9,18.3,1.18,4.7,1.4,7,2,0,2,1,5,High Risk
890317071835,Fresh Butter #527,Dairy,"pasteurized cream, salt",609.9,0.1,651.4,61.0,0.0,0.8,0.0,0,0,0,0,0,77,Moderate Risk
890908973785,Pure Ground Turmeric Powder #528,Spices & Condiments,100% turmeric rhizome powder,349.9,3.8,38.0,2.6,0.0,8.7,21.9,0,0,0,0,0,99,Low Risk
890306680017,Diet Soda with Multiple Sweeteners #529,Beverages,"carbonated water, aspartame, acesulfame potassium, caramel iv, sodium benzoate, phosphoric acid",1.1,0.0,33.0,0.0,0.0,0.0,0.0,5,1,2,1,0,66,Moderate Risk
890433382280,Skimmed Milk #530,Dairy,"skimmed milk, vitamin a, vitamin d3",35.8,4.4,56.9,0.2,0.0,3.4,0.0,0,0,0,0,0,99,Low Risk
890340013073,Adulterated Mustard Oil with Argemone #531,Spices & Condiments,"mustard oil, argemone oil, mineral oil, butter yellow dye",810.4,0.0,5.5,10.4,1.78,0.0,0.0,3,1,0,0,1,12,High Risk
890599275290,Pure Ground Turmeric Powder #532,Spices & Condiments,100% turmeric rhizome powder,301.9,2.9,35.3,2.4,0.0,9.3,20.7,0,0,0,0,0,99,Low Risk
890807462306,Commercial Tomato Ketchup #533,Spices & Condiments,"tomato paste, sugar, distilled vinegar, salt, onion powder, sodium benzoate, potassium sorbate, pectin",111.0,22.7,920.5,0.1,0.0,1.4,1.5,3,0,0,2,0,63,Moderate Risk
890575626531,Pure Extra Virgin Olive Oil #534,Spices & Condiments,100% extra virgin cold pressed olive oil,996.6,0.0,1.8,16.4,0.0,0.0,0.0,0,0,0,0,0,89,Low Risk
890787568519,Processed Nacho Chips #535,Snacks,"corn, vegetable fat, whey powder, disodium guanylate, artificial cheese flavor, yellow 6 lake",536.1,2.0,826.6,10.4,1.06,7.3,3.6,5,1,0,1,0,48,Moderate Risk
890728971155,Pure Ground Turmeric Powder #536,Spices & Condiments,100% turmeric rhizome powder,266.8,2.7,34.3,2.6,0.0,9.5,22.4,0,0,0,0,0,99,Low Risk
890103632101,Synthetic Milk Sample #537,Dairy,"urea, detergent, refined vegetable oil, caustic soda, water",182.0,0.5,971.9,16.7,4.39,1.2,0.0,5,0,0,3,1,5,High Risk
890177654662,Extruded Spicy Puffs #538,Snacks,"corn meal, palm olein, maltodextrin, sunset yellow fcf, tartrazine, tbhq, msg, artificial flavors",537.9,3.9,1101.9,19.5,1.26,5.1,1.5,7,2,0,2,1,5,High Risk
890694414998,Fried Street-Style Savory Mix #539,Snacks,"refined flour, re-used palm oil, metanil yellow, excess salt, msg",614.1,1.5,1596.2,21.8,3.49,5.5,1.0,6,2,0,2,1,5,High Risk
890368868298,Roasted Chickpeas #540,Snacks,"chickpeas, olive oil, sea salt",321.3,2.0,252.0,1.2,0.0,20.1,18.5,0,0,0,0,0,99,Low Risk
890821653674,Roasted Chickpeas #541,Snacks,"chickpeas, olive oil, sea salt",408.5,2.5,251.0,1.4,0.0,18.1,16.3,0,0,0,0,0,99,Low Risk
890137983127,Commercial Potato Crisps #542,Snacks,"potatoes, palm oil, salt, monosodium glutamate, flavor enhancer 635, dextrose",481.2,0.9,886.9,11.5,0.63,6.7,3.4,4,0,0,1,0,61,Moderate Risk
890902513547,Fried Street-Style Savory Mix #543,Snacks,"refined flour, re-used palm oil, metanil yellow, excess salt, msg",517.4,1.5,1294.3,26.4,3.77,5.8,1.1,6,2,0,2,1,5,High Risk
890283113495,Adulterated Turmeric with Metanil Yellow #544,Spices & Condiments,"turmeric powder, lead chromate trace, chalk powder, metanil yellow color",284.4,2.1,194.4,1.5,0.0,4.9,12.9,3,1,0,0,1,56,High Risk
890863107285,Pure Extra Virgin Olive Oil #545,Spices & Condiments,100% extra virgin cold pressed olive oil,831.8,0.0,1.8,12.6,0.0,0.0,0.0,0,0,0,0,0,92,Low Risk
890293517052,Fresh Butter #546,Dairy,"pasteurized cream, salt",771.2,0.1,669.0,50.4,0.0,0.8,0.0,0,0,0,0,0,76,Moderate Risk
890206025350,Carbonated Cola Drink #547,Beverages,"carbonated water, high fructose corn syrup, caramel color iv, phosphoric acid, caffeine, artificial flavors",35.9,9.9,12.0,0.0,0.0,0.0,0.0,4,1,0,1,0,78,Moderate Risk
890831922104,Diet Soda with Multiple Sweeteners #548,Beverages,"carbonated water, aspartame, acesulfame potassium, caramel iv, sodium benzoate, phosphoric acid",0.9,0.0,32.6,0.0,0.0,0.0,0.0,5,1,2,1,0,66,Moderate Risk
890688329613,Cottage Cheese (Paneer) #549,Dairy,"pasteurized milk, citric acid",234.5,1.2,21.3,19.7,0.0,19.1,0.0,0,0,0,0,0,93,Low Risk
890453688692,Whole Cow Milk #550,Dairy,"milk, vitamin d3",55.9,4.3,47.5,3.5,0.0,3.2,0.0,0,0,0,0,0,99,Low Risk
890784410669,Cottage Cheese (Paneer) #551,Dairy,"pasteurized milk, citric acid",273.8,1.3,21.0,19.1,0.0,18.0,0.0,0,0,0,0,0,93,Low Risk
890862836225,Processed Nacho Chips #552,Snacks,"corn, vegetable fat, whey powder, disodium guanylate, artificial cheese flavor, yellow 6 lake",496.3,2.3,1090.8,11.3,0.82,7.5,3.7,5,1,0,1,0,46,Moderate Risk
890100544619,Pure Red Chilli Powder #553,Spices & Condiments,100% dried red chillies,284.9,7.2,27.6,3.4,0.0,11.3,28.0,0,0,0,0,0,99,Low Risk
890309029568,Low-Cost Synthetic Fruit Drink #554,Beverages,"water, invert sugar syrup, metanil yellow, citric acid, clouding agent, artificial mango flavor, potassium metabisulphite",64.3,13.4,43.9,0.0,0.0,0.0,0.0,6,2,0,2,1,20,High Risk
890715274958,Fresh Butter #555,Dairy,"pasteurized cream, salt",623.3,0.1,604.1,60.5,0.0,0.9,0.0,0,0,0,0,0,77,Moderate Risk
890844265527,Adulterated Turmeric with Metanil Yellow #556,Spices & Condiments,"turmeric powder, lead chromate trace, chalk powder, metanil yellow color",221.6,2.0,203.5,1.8,0.0,5.1,11.0,3,1,0,0,1,55,High Risk
890352360926,Whole Cow Milk #557,Dairy,"milk, vitamin d3",54.0,4.6,42.8,3.6,0.0,3.4,0.0,0,0,0,0,0,99,Low Risk
890977764183,Carbonated Cola Drink #558,Beverages,"carbonated water, high fructose corn syrup, caramel color iv, phosphoric acid, caffeine, artificial flavors",44.6,9.7,13.7,0.0,0.0,0.0,0.0,4,1,0,1,0,78,Moderate Risk
890147542657,Oat & Honey Granola Bar #559,Bakery & Confectionery,"rolled oats, honey, almonds, crisped rice, sunflower oil, salt",403.3,16.8,185.4,2.4,0.0,8.4,5.0,0,0,0,0,0,99,Low Risk
890133863525,Adulterated Chilli Powder with Sudan Dye #560,Spices & Condiments,"red chilli powder, brick powder trace, sudan i dye, salt, mineral oil",299.7,3.9,659.0,4.6,0.0,6.1,15.1,4,1,0,0,1,50,High Risk
890573788683,Flavored Fruit Yogurt #561,Dairy,"milk, sugar, strawberries, modified corn starch, carmine color, potassium sorbate",121.0,17.9,60.6,1.4,0.0,3.7,0.5,3,1,0,1,0,77,Moderate Risk
890644438378,Flavored Fruit Yogurt #562,Dairy,"milk, sugar, strawberries, modified corn starch, carmine color, potassium sorbate",123.3,16.5,59.2,1.7,0.0,3.7,0.5,3,1,0,1,0,78,Moderate Risk
890763929604,Processed Nacho Chips #563,Snacks,"corn, vegetable fat, whey powder, disodium guanylate, artificial cheese flavor, yellow 6 lake",449.7,1.8,865.2,9.5,0.73,7.0,4.3,5,1,0,1,0,58,Moderate Risk
890918805906,Commercial Tomato Ketchup #564,Spices & Condiments,"tomato paste, sugar, distilled vinegar, salt, onion powder, sodium benzoate, potassium sorbate, pectin",101.8,25.5,1021.9,0.1,0.0,1.3,1.6,3,0,0,2,0,60,Moderate Risk
890333235814,Whole Cow Milk #565,Dairy,"milk, vitamin d3",60.7,5.0,37.7,3.6,0.0,3.0,0.0,0,0,0,0,0,99,Low Risk
890550160615,Industrial White Sandwich Bread #566,Bakery & Confectionery,"refined wheat flour, sugar, yeast, palm oil, calcium propionate, emulsifier 481, flour treatment agent 300",239.4,5.7,548.7,1.3,0.08,7.8,2.1,4,0,0,2,0,83,Moderate Risk
890375604909,Adulterated Low-Cost Paneer #567,Dairy,"milk solids, vegetable oil, starch, sulfuric acid trace, detergent trace",326.3,4.2,457.6,20.1,2.4,9.5,0.0,4,0,0,2,1,5,High Risk
890609138832,Standard Processed Cheese #568,Dairy,"milk, salt, cheese cultures, enzymes, sodium phosphate, annatto",272.6,1.0,1282.6,18.0,0.52,19.0,0.0,3,1,0,1,0,49,Moderate Risk
890226825643,Roasted Chickpeas #569,Snacks,"chickpeas, olive oil, sea salt",349.3,1.9,246.3,1.2,0.0,19.5,17.7,0,0,0,0,0,99,Low Risk
890571647615,Energy Drink with High Caffeine #570,Beverages,"carbonated water, sucrose, glucose, taurine, caffeine, inositol, niacinamide, pyridoxine, color e133, sodium benzoate",49.3,11.4,83.6,0.0,0.0,0.4,0.0,6,1,0,2,0,67,Moderate Risk
890244718068,Cold Pressed Orange Juice #571,Beverages,100% freshly pressed oranges,39.7,9.8,2.2,0.1,0.0,0.7,1.6,0,0,0,0,0,99,Low Risk
890708140526,Adulterated Mustard Oil with Argemone #572,Spices & Condiments,"mustard oil, argemone oil, mineral oil, butter yellow dye",858.8,0.0,5.9,13.9,1.54,0.0,0.0,3,1,0,0,1,12,High Risk
890870025890,Flavored Fruit Yogurt #573,Dairy,"milk, sugar, strawberries, modified corn starch, carmine color, potassium sorbate",106.0,15.6,59.0,1.7,0.0,4.0,0.5,3,1,0,1,0,79,Moderate Risk
890849704947,Roasted Chickpeas #574,Snacks,"chickpeas, olive oil, sea salt",389.5,2.2,334.1,1.3,0.0,18.1,18.4,0,0,0,0,0,99,Low Risk
890980739145,Adulterated Turmeric with Metanil Yellow #575,Spices & Condiments,"turmeric powder, lead chromate trace, chalk powder, metanil yellow color",225.3,2.2,154.5,1.5,0.0,5.2,12.0,3,1,0,0,1,56,High Risk
890396129385,Extruded Spicy Puffs #576,Snacks,"corn meal, palm olein, maltodextrin, sunset yellow fcf, tartrazine, tbhq, msg, artificial flavors",491.0,4.4,1401.9,15.7,1.12,5.4,1.6,7,2,0,2,1,5,High Risk
890176915507,Pure Green Tea Bag #577,Beverages,100% organic green tea leaves,1.0,0.0,1.1,0.0,0.0,0.2,0.0,0,0,0,0,0,99,Low Risk
890424033078,Industrial White Sandwich Bread #578,Bakery & Confectionery,"refined wheat flour, sugar, yeast, palm oil, calcium propionate, emulsifier 481, flour treatment agent 300",299.6,4.4,448.1,1.1,0.33,8.7,2.0,4,0,0,2,0,84,Moderate Risk
890314831422,Dark Chocolate 85% #579,Bakery & Confectionery,"cocoa mass, cocoa butter, cane sugar, vanilla beans",630.6,13.6,13.2,26.4,0.0,8.4,11.2,0,0,0,0,0,89,Low Risk
890771057579,Roasted Chickpeas #580,Snacks,"chickpeas, olive oil, sea salt",311.7,2.5,257.0,1.1,0.0,20.7,16.5,0,0,0,0,0,99,Low Risk
890688962583,Coconut Water 100% Pure #581,Beverages,pure tender coconut water,20.0,3.3,24.9,0.1,0.0,0.7,1.1,0,0,0,0,0,99,Low Risk
890653326475,Adulterated Mustard Oil with Argemone #582,Spices & Condiments,"mustard oil, argemone oil, mineral oil, butter yellow dye",991.8,0.0,5.1,11.4,1.54,0.0,0.0,3,1,0,0,1,15,High Risk
890491068339,Carbonated Cola Drink #583,Beverages,"carbonated water, high fructose corn syrup, caramel color iv, phosphoric acid, caffeine, artificial flavors",45.8,12.7,11.0,0.0,0.0,0.0,0.0,4,1,0,1,0,76,Moderate Risk
890225867133,Fresh Butter #584,Dairy,"pasteurized cream, salt",749.6,0.1,614.0,49.0,0.0,0.9,0.0,0,0,0,0,0,77,Moderate Risk
890704234170,Pure Ground Turmeric Powder #585,Spices & Condiments,100% turmeric rhizome powder,323.2,3.1,41.8,2.4,0.0,9.1,20.7,0,0,0,0,0,99,Low Risk
890422051743,Synthetic Colored Hard Candies #586,Bakery & Confectionery,"sugar, liquid glucose, allura red, brilliant blue fcf, tartrazine, artificial fruit flavor, citric acid",399.6,63.5,68.6,0.0,0.0,0.0,0.0,5,3,0,1,1,5,High Risk
890478101370,Adulterated Mustard Oil with Argemone #587,Spices & Condiments,"mustard oil, argemone oil, mineral oil, butter yellow dye",979.7,0.0,4.3,13.3,1.72,0.0,0.0,3,1,0,0,1,10,High Risk
890165313687,Cream-Filled Sandwich Cookies #588,Bakery & Confectionery,"refined wheat flour, sugar, hydrogenated palm oil, cocoa, high fructose corn syrup, soy lecithin, vanillin, artificial chocolate flavor, tbhq",511.2,44.6,397.0,9.9,1.91,4.7,2.2,5,0,0,2,1,5,High Risk
890687784181,Diet Soda with Multiple Sweeteners #589,Beverages,"carbonated water, aspartame, acesulfame potassium, caramel iv, sodium benzoate, phosphoric acid",0.9,0.0,40.1,0.0,0.0,0.0,0.0,5,1,2,1,0,66,Moderate Risk
890807732490,Adulterated Low-Cost Paneer #590,Dairy,"milk solids, vegetable oil, starch, sulfuric acid trace, detergent trace",249.6,3.8,459.5,18.2,2.51,9.8,0.0,4,0,0,2,1,5,High Risk
890895656253,Adulterated Turmeric with Metanil Yellow #591,Spices & Condiments,"turmeric powder, lead chromate trace, chalk powder, metanil yellow color",286.8,2.0,163.4,1.4,0.0,4.8,11.0,3,1,0,0,1,55,High Risk
890925587650,Instant Fried Noodles #592,Snacks,"wheat flour, palm oil, salt, guar gum, flavor enhancer 621, caramel iv, sodium polyphosphate",491.3,3.3,1642.7,9.7,0.5,9.6,2.3,5,1,0,2,0,52,Moderate Risk
890824301113,Adulterated Low-Cost Paneer #593,Dairy,"milk solids, vegetable oil, starch, sulfuric acid trace, detergent trace",248.9,3.3,472.1,19.2,2.63,8.8,0.0,4,0,0,2,1,5,High Risk
890918357729,Synthetic Milk Sample #594,Dairy,"urea, detergent, refined vegetable oil, caustic soda, water",204.7,0.6,967.9,14.3,4.49,1.1,0.0,5,0,0,3,1,5,High Risk
890880210292,Commercial Potato Crisps #595,Snacks,"potatoes, palm oil, salt, monosodium glutamate, flavor enhancer 635, dextrose",540.4,0.8,870.7,10.5,0.61,7.1,3.1,4,0,0,1,0,62,Moderate Risk
890935323166,Fresh Butter #596,Dairy,"pasteurized cream, salt",683.8,0.1,634.2,49.8,0.0,0.9,0.0,0,0,0,0,0,77,Moderate Risk
890331441952,Oat & Honey Granola Bar #597,Bakery & Confectionery,"rolled oats, honey, almonds, crisped rice, sunflower oil, salt",388.3,16.0,165.9,2.3,0.0,7.9,5.6,0,0,0,0,0,99,Low Risk
890342586490,Flavored Fruit Yogurt #598,Dairy,"milk, sugar, strawberries, modified corn starch, carmine color, potassium sorbate",117.1,18.2,65.0,1.3,0.0,3.7,0.5,3,1,0,1,0,77,Moderate Risk
890960902450,Commercial Potato Crisps #599,Snacks,"potatoes, palm oil, salt, monosodium glutamate, flavor enhancer 635, dextrose",550.3,0.9,741.1,13.0,0.51,7.0,3.4,4,0,0,1,0,68,Moderate Risk
890458662795,Standard Processed Cheese #600,Dairy,"milk, salt, cheese cultures, enzymes, sodium phosphate, annatto",349.6,1.2,1207.7,23.3,0.62,17.6,0.0,3,1,0,1,0,43,Moderate Risk
890748771855,Commercial Potato Crisps #601,Snacks,"potatoes, palm oil, salt, monosodium glutamate, flavor enhancer 635, dextrose",462.5,0.9,871.0,11.0,0.54,6.6,2.9,4,0,0,1,0,62,Moderate Risk
890933508771,Pure Ground Turmeric Powder #602,Spices & Condiments,100% turmeric rhizome powder,341.6,3.7,39.7,2.8,0.0,9.4,21.1,0,0,0,0,0,99,Low Risk
890790792048,Pure Ground Turmeric Powder #603,Spices & Condiments,100% turmeric rhizome powder,311.2,2.8,35.1,3.0,0.0,10.1,21.4,0,0,0,0,0,99,Low Risk
890861322898,Flavored Fruit Yogurt #604,Dairy,"milk, sugar, strawberries, modified corn starch, carmine color, potassium sorbate",97.8,15.5,76.1,1.6,0.0,3.7,0.5,3,1,0,1,0,79,Moderate Risk
890517111628,Pure Extra Virgin Olive Oil #605,Spices & Condiments,100% extra virgin cold pressed olive oil,918.9,0.0,2.4,13.4,0.0,0.0,0.0,0,0,0,0,0,92,Low Risk
890599984350,Cold Pressed Orange Juice #606,Beverages,100% freshly pressed oranges,40.5,8.0,1.7,0.1,0.0,0.6,1.6,0,0,0,0,0,99,Low Risk
890489866467,Processed Nacho Chips #607,Snacks,"corn, vegetable fat, whey powder, disodium guanylate, artificial cheese flavor, yellow 6 lake",477.9,2.3,817.2,9.9,0.76,6.8,4.3,5,1,0,1,0,59,Moderate Risk
890863418377,Pure Red Chilli Powder #608,Spices & Condiments,100% dried red chillies,283.7,7.5,35.8,4.1,0.0,11.1,26.7,0,0,0,0,0,99,Low Risk
890295498046,Synthetic Milk Sample #609,Dairy,"urea, detergent, refined vegetable oil, caustic soda, water",175.0,0.5,702.6,13.8,4.18,1.2,0.0,5,0,0,3,1,5,High Risk
890994733999,Pure Red Chilli Powder #610,Spices & Condiments,100% dried red chillies,328.0,6.2,26.9,3.6,0.0,12.8,27.6,0,0,0,0,0,99,Low Risk
890377742660,Adulterated Low-Cost Paneer #611,Dairy,"milk solids, vegetable oil, starch, sulfuric acid trace, detergent trace",331.7,3.5,446.4,20.8,2.65,8.5,0.0,4,0,0,2,1,5,High Risk
890991649756,Fresh Butter #612,Dairy,"pasteurized cream, salt",734.3,0.1,574.2,60.7,0.0,0.8,0.0,0,0,0,0,0,78,Low Risk
890953165002,Fresh Butter #613,Dairy,"pasteurized cream, salt",794.6,0.1,563.9,59.0,0.0,0.8,0.0,0,0,0,0,0,78,Low Risk
890891631806,Oat & Honey Granola Bar #614,Bakery & Confectionery,"rolled oats, honey, almonds, crisped rice, sunflower oil, salt",350.8,14.5,161.2,2.5,0.0,7.7,5.1,0,0,0,0,0,99,Low Risk
890124265635,Pure Extra Virgin Olive Oil #615,Spices & Condiments,100% extra virgin cold pressed olive oil,898.1,0.0,2.0,15.0,0.0,0.0,0.0,0,0,0,0,0,90,Low Risk
890366434508,Commercial Potato Crisps #616,Snacks,"potatoes, palm oil, salt, monosodium glutamate, flavor enhancer 635, dextrose",512.1,0.9,666.3,13.7,0.49,5.9,3.1,4,0,0,1,0,75,Moderate Risk
890832716986,Low-Cost Synthetic Fruit Drink #617,Beverages,"water, invert sugar syrup, metanil yellow, citric acid, clouding agent, artificial mango flavor, potassium metabisulphite",57.0,16.9,49.4,0.0,0.0,0.0,0.0,6,2,0,2,1,17,High Risk
890132265713,Standard Processed Cheese #618,Dairy,"milk, salt, cheese cultures, enzymes, sodium phosphate, annatto",276.0,1.3,1073.3,22.0,0.54,17.2,0.0,3,1,0,1,0,48,Moderate Risk
890717233134,Adulterated Mustard Oil with Argemone #619,Spices & Condiments,"mustard oil, argemone oil, mineral oil, butter yellow dye",865.2,0.0,5.8,11.1,1.42,0.0,0.0,3,1,0,0,1,17,High Risk
890619190021,100% Whole Wheat Sourdough #620,Bakery & Confectionery,"whole wheat flour, water, sourdough culture, sea salt",206.7,1.5,433.0,0.5,0.0,9.8,6.0,0,0,0,0,0,99,Low Risk
890653467124,Organic Trail Mix #621,Snacks,"almonds, walnuts, raisins, sunflower seeds, pumpkin seeds",464.2,20.5,14.8,4.3,0.0,15.7,8.4,0,0,0,0,0,99,Moderate Risk
890183527376,Adulterated Chilli Powder with Sudan Dye #622,Spices & Condiments,"red chilli powder, brick powder trace, sudan i dye, salt, mineral oil",246.4,3.9,586.1,4.5,0.0,5.8,14.5,4,1,0,0,1,51,High Risk
890359115571,Processed Nacho Chips #623,Snacks,"corn, vegetable fat, whey powder, disodium guanylate, artificial cheese flavor, yellow 6 lake",435.1,2.3,874.2,8.3,1.03,6.6,4.1,5,1,0,1,0,53,Moderate Risk
890283691698,Pure Extra Virgin Olive Oil #624,Spices & Condiments,100% extra virgin cold pressed olive oil,995.5,0.0,2.1,13.5,0.0,0.0,0.0,0,0,0,0,0,92,Low Risk
890656482212,Pure Green Tea Bag #625,Beverages,100% organic green tea leaves,1.1,0.0,1.2,0.0,0.0,0.2,0.0,0,0,0,0,0,99,Low Risk
890422122612,Standard Processed Cheese #626,Dairy,"milk, salt, cheese cultures, enzymes, sodium phosphate, annatto",309.0,1.2,1316.6,22.6,0.72,18.3,0.0,3,1,0,1,0,40,Moderate Risk
890430833799,Carbonated Cola Drink #627,Beverages,"carbonated water, high fructose corn syrup, caramel color iv, phosphoric acid, caffeine, artificial flavors",45.7,10.9,10.2,0.0,0.0,0.0,0.0,4,1,0,1,0,77,Moderate Risk
890464675131,Adulterated Low-Cost Paneer #628,Dairy,"milk solids, vegetable oil, starch, sulfuric acid trace, detergent trace",280.8,4.0,502.8,19.9,2.79,8.6,0.0,4,0,0,2,1,5,High Risk
890807884309,Flavored Fruit Yogurt #629,Dairy,"milk, sugar, strawberries, modified corn starch, carmine color, potassium sorbate",112.4,19.3,70.7,1.7,0.0,4.1,0.5,3,1,0,1,0,76,Moderate Risk
890222304406,100% Whole Wheat Sourdough #630,Bakery & Confectionery,"whole wheat flour, water, sourdough culture, sea salt",243.7,1.7,418.2,0.5,0.0,9.8,6.1,0,0,0,0,0,99,Low Risk
890101948192,Synthetic Milk Sample #631,Dairy,"urea, detergent, refined vegetable oil, caustic soda, water",181.2,0.5,781.3,15.5,4.38,1.2,0.0,5,0,0,3,1,5,High Risk
890648072009,Dark Chocolate 85% #632,Bakery & Confectionery,"cocoa mass, cocoa butter, cane sugar, vanilla beans",588.0,14.5,13.3,24.2,0.0,9.2,11.1,0,0,0,0,0,90,Low Risk
890133274787,Roasted Chickpeas #633,Snacks,"chickpeas, olive oil, sea salt",392.9,1.8,308.3,1.4,0.0,17.9,16.0,0,0,0,0,0,99,Low Risk
890514296005,Baked Whole Grain Crackers #634,Snacks,"whole wheat flour, canola oil, sea salt, malt extract",418.7,2.4,383.8,1.5,0.0,8.9,7.6,0,0,0,0,0,99,Low Risk
890201617607,Extruded Spicy Puffs #635,Snacks,"corn meal, palm olein, maltodextrin, sunset yellow fcf, tartrazine, tbhq, msg, artificial flavors",547.5,4.2,1185.0,16.3,1.4,5.3,1.4,7,2,0,2,1,5,High Risk
890177790064,Instant Fried Noodles #636,Snacks,"wheat flour, palm oil, salt, guar gum, flavor enhancer 621, caramel iv, sodium polyphosphate",423.8,2.6,2101.1,9.0,0.7,9.3,2.7,5,1,0,2,0,42,Moderate Risk
890384624490,Adulterated Mustard Oil with Argemone #637,Spices & Condiments,"mustard oil, argemone oil, mineral oil, butter yellow dye",968.9,0.0,5.3,11.9,1.74,0.0,0.0,3,1,0,0,1,12,High Risk
890135872302,Adulterated Chilli Powder with Sudan Dye #638,Spices & Condiments,"red chilli powder, brick powder trace, sudan i dye, salt, mineral oil",275.5,4.3,685.4,4.7,0.0,6.4,13.7,4,1,0,0,1,49,High Risk
890234144032,Commercial Potato Crisps #639,Snacks,"potatoes, palm oil, salt, monosodium glutamate, flavor enhancer 635, dextrose",480.2,0.9,672.0,10.4,0.7,6.0,3.1,4,0,0,1,0,68,Moderate Risk
890917615474,Cottage Cheese (Paneer) #640,Dairy,"pasteurized milk, citric acid",270.7,1.3,21.5,20.3,0.0,19.0,0.0,0,0,0,0,0,92,Low Risk
890265974769,100% Whole Wheat Sourdough #641,Bakery & Confectionery,"whole wheat flour, water, sourdough culture, sea salt",260.8,1.4,380.0,0.5,0.0,10.7,5.9,0,0,0,0,0,99,Low Risk
890682255267,Roasted Chickpeas #642,Snacks,"chickpeas, olive oil, sea salt",395.4,2.2,253.3,1.0,0.0,17.6,17.7,0,0,0,0,0,99,Low Risk
890733002972,Adulterated Mustard Oil with Argemone #643,Spices & Condiments,"mustard oil, argemone oil, mineral oil, butter yellow dye",951.9,0.0,5.3,10.6,1.55,0.0,0.0,3,1,0,0,1,16,High Risk
890731137082,Cream-Filled Sandwich Cookies #644,Bakery & Confectionery,"refined wheat flour, sugar, hydrogenated palm oil, cocoa, high fructose corn syrup, soy lecithin, vanillin, artificial chocolate flavor, tbhq",517.4,36.6,379.4,10.7,2.03,4.3,2.0,5,0,0,2,1,5,High Risk
890177012656,Pure Green Tea Bag #645,Beverages,100% organic green tea leaves,1.1,0.0,1.1,0.0,0.0,0.2,0.0,0,0,0,0,0,99,Low Risk
890318627244,Flavored Fruit Yogurt #646,Dairy,"milk, sugar, strawberries, modified corn starch, carmine color, potassium sorbate",108.2,16.9,64.3,1.5,0.0,4.0,0.5,3,1,0,1,0,78,Moderate Risk
890731459346,Low-Cost Synthetic Fruit Drink #647,Beverages,"water, invert sugar syrup, metanil yellow, citric acid, clouding agent, artificial mango flavor, potassium metabisulphite",62.3,17.2,39.8,0.0,0.0,0.0,0.0,6,2,0,2,1,17,High Risk
890823368286,Roasted Chickpeas #648,Snacks,"chickpeas, olive oil, sea salt",328.7,2.3,323.5,1.4,0.0,19.3,17.3,0,0,0,0,0,99,Low Risk
890671312055,Fried Street-Style Savory Mix #649,Snacks,"refined flour, re-used palm oil, metanil yellow, excess salt, msg",568.3,1.7,1615.1,19.2,3.45,6.6,1.0,6,2,0,2,1,5,High Risk
890690426225,Organic Trail Mix #650,Snacks,"almonds, walnuts, raisins, sunflower seeds, pumpkin seeds",525.7,21.0,17.3,4.7,0.0,13.6,8.0,0,0,0,0,0,99,Moderate Risk
890848861809,Diet Soda with Multiple Sweeteners #651,Beverages,"carbonated water, aspartame, acesulfame potassium, caramel iv, sodium benzoate, phosphoric acid",0.9,0.0,32.6,0.0,0.0,0.0,0.0,5,1,2,1,0,66,Moderate Risk
890413471646,Instant Fried Noodles #652,Snacks,"wheat flour, palm oil, salt, guar gum, flavor enhancer 621, caramel iv, sodium polyphosphate",401.8,3.2,1994.5,10.0,0.43,9.4,2.6,5,1,0,2,0,52,Moderate Risk
890122875226,Coconut Water 100% Pure #653,Beverages,pure tender coconut water,20.2,3.1,26.4,0.1,0.0,0.7,1.0,0,0,0,0,0,99,Low Risk
890759099091,Instant Fried Noodles #654,Snacks,"wheat flour, palm oil, salt, guar gum, flavor enhancer 621, caramel iv, sodium polyphosphate",450.4,3.1,2064.6,9.1,0.61,9.2,2.6,5,1,0,2,0,43,Moderate Risk
890452013382,Low-Cost Synthetic Fruit Drink #655,Beverages,"water, invert sugar syrup, metanil yellow, citric acid, clouding agent, artificial mango flavor, potassium metabisulphite",60.3,13.3,42.9,0.0,0.0,0.0,0.0,6,2,0,2,1,20,High Risk
890723047735,Adulterated Mustard Oil with Argemone #656,Spices & Condiments,"mustard oil, argemone oil, mineral oil, butter yellow dye",906.6,0.0,4.4,12.1,1.45,0.0,0.0,3,1,0,0,1,16,High Risk
890747994705,Skimmed Milk #657,Dairy,"skimmed milk, vitamin a, vitamin d3",32.6,5.5,44.3,0.2,0.0,3.7,0.0,0,0,0,0,0,99,Low Risk
890628857309,Industrial White Sandwich Bread #658,Bakery & Confectionery,"refined wheat flour, sugar, yeast, palm oil, calcium propionate, emulsifier 481, flour treatment agent 300",256.4,5.1,549.4,1.2,0.03,7.5,2.1,4,0,0,2,0,82,Moderate Risk
890403694702,Cottage Cheese (Paneer) #659,Dairy,"pasteurized milk, citric acid",292.8,1.3,22.4,15.0,0.0,18.8,0.0,0,0,0,0,0,98,Low Risk
890902900827,Baked Whole Grain Crackers #660,Snacks,"whole wheat flour, canola oil, sea salt, malt extract",409.4,2.2,377.1,1.7,0.0,9.5,8.2,0,0,0,0,0,99,Low Risk
890535989995,Processed Nacho Chips #661,Snacks,"corn, vegetable fat, whey powder, disodium guanylate, artificial cheese flavor, yellow 6 lake",502.1,1.7,966.5,9.9,1.09,7.1,4.3,5,1,0,1,0,51,Moderate Risk
890960385984,Pure Green Tea Bag #662,Beverages,100% organic green tea leaves,0.9,0.0,1.1,0.0,0.0,0.2,0.0,0,0,0,0,0,99,Low Risk
890652001680,Fried Street-Style Savory Mix #663,Snacks,"refined flour, re-used palm oil, metanil yellow, excess salt, msg",556.7,1.4,1666.1,23.1,3.68,5.6,1.1,6,2,0,2,1,5,High Risk
890182611792,Processed Nacho Chips #664,Snacks,"corn, vegetable fat, whey powder, disodium guanylate, artificial cheese flavor, yellow 6 lake",501.7,2.0,1000.2,10.4,0.89,6.4,4.1,5,1,0,1,0,48,Moderate Risk
890504170867,Pure Ground Turmeric Powder #665,Spices & Condiments,100% turmeric rhizome powder,331.4,2.9,38.8,2.5,0.0,9.2,23.2,0,0,0,0,0,99,Low Risk
890201277861,Adulterated Chilli Powder with Sudan Dye #666,Spices & Condiments,"red chilli powder, brick powder trace, sudan i dye, salt, mineral oil",310.5,4.2,735.5,3.4,0.0,5.9,14.9,4,1,0,0,1,48,High Risk
890883045714,Low-Cost Synthetic Fruit Drink #667,Beverages,"water, invert sugar syrup, metanil yellow, citric acid, clouding agent, artificial mango flavor, potassium metabisulphite",55.2,15.9,45.6,0.0,0.0,0.0,0.0,6,2,0,2,1,18,High Risk
890423957040,Cream-Filled Sandwich Cookies #668,Bakery & Confectionery,"refined wheat flour, sugar, hydrogenated palm oil, cocoa, high fructose corn syrup, soy lecithin, vanillin, artificial chocolate flavor, tbhq",481.5,43.6,427.3,9.6,1.93,4.2,2.2,5,0,0,2,1,5,High Risk
890550537239,Oat & Honey Granola Bar #669,Bakery & Confectionery,"rolled oats, honey, almonds, crisped rice, sunflower oil, salt",390.7,15.6,173.6,2.6,0.0,8.8,5.5,0,0,0,0,0,99,Low Risk
890969026478,Skimmed Milk #670,Dairy,"skimmed milk, vitamin a, vitamin d3",35.3,4.4,44.3,0.2,0.0,3.4,0.0,0,0,0,0,0,99,Low Risk
890516796295,Baked Whole Grain Crackers #671,Snacks,"whole wheat flour, canola oil, sea salt, malt extract",427.6,2.9,397.2,1.7,0.0,9.5,7.4,0,0,0,0,0,99,Low Risk
890984741519,Carbonated Cola Drink #672,Beverages,"carbonated water, high fructose corn syrup, caramel color iv, phosphoric acid, caffeine, artificial flavors",40.1,10.5,14.0,0.0,0.0,0.0,0.0,4,1,0,1,0,78,Moderate Risk
890939333315,Carbonated Cola Drink #673,Beverages,"carbonated water, high fructose corn syrup, caramel color iv, phosphoric acid, caffeine, artificial flavors",40.5,11.0,13.9,0.0,0.0,0.0,0.0,4,1,0,1,0,77,Moderate Risk
890100028487,Adulterated Mustard Oil with Argemone #674,Spices & Condiments,"mustard oil, argemone oil, mineral oil, butter yellow dye",875.3,0.0,5.6,13.2,1.72,0.0,0.0,3,1,0,0,1,10,High Risk
890235757934,Extruded Spicy Puffs #675,Snacks,"corn meal, palm olein, maltodextrin, sunset yellow fcf, tartrazine, tbhq, msg, artificial flavors",486.2,4.6,1088.5,17.8,1.29,4.6,1.6,7,2,0,2,1,5,High Risk
890366055461,Cream-Filled Sandwich Cookies #676,Bakery & Confectionery,"refined wheat flour, sugar, hydrogenated palm oil, cocoa, high fructose corn syrup, soy lecithin, vanillin, artificial chocolate flavor, tbhq",461.8,34.5,396.7,8.1,1.73,4.3,2.1,5,0,0,2,1,5,High Risk
890357376515,Roasted Chickpeas #677,Snacks,"chickpeas, olive oil, sea salt",354.3,2.2,243.4,1.2,0.0,17.2,16.0,0,0,0,0,0,99,Low Risk
890513425290,Baked Whole Grain Crackers #678,Snacks,"whole wheat flour, canola oil, sea salt, malt extract",378.1,2.7,436.3,2.1,0.0,8.5,7.3,0,0,0,0,0,99,Low Risk
890137754420,Cottage Cheese (Paneer) #679,Dairy,"pasteurized milk, citric acid",266.8,1.1,21.0,18.0,0.0,18.5,0.0,0,0,0,0,0,94,Low Risk
890660783907,Industrial White Sandwich Bread #680,Bakery & Confectionery,"refined wheat flour, sugar, yeast, palm oil, calcium propionate, emulsifier 481, flour treatment agent 300",249.8,4.6,528.9,1.2,0.33,8.6,2.0,4,0,0,2,0,83,Moderate Risk
890499645789,Dark Chocolate 85% #681,Bakery & Confectionery,"cocoa mass, cocoa butter, cane sugar, vanilla beans",657.1,16.8,13.3,29.4,0.0,8.4,10.1,0,0,0,0,0,86,Low Risk
890305105234,Cottage Cheese (Paneer) #682,Dairy,"pasteurized milk, citric acid",286.8,1.4,24.7,19.2,0.0,19.4,0.0,0,0,0,0,0,94,Low Risk
890143829192,Commercial Potato Crisps #683,Snacks,"potatoes, palm oil, salt, monosodium glutamate, flavor enhancer 635, dextrose",540.4,0.8,852.0,10.6,0.49,6.6,3.0,4,0,0,1,0,71,Moderate Risk
890997050454,Coconut Water 100% Pure #684,Beverages,pure tender coconut water,16.3,3.1,28.9,0.1,0.0,0.7,1.0,0,0,0,0,0,99,Low Risk
890674724244,Cream-Filled Sandwich Cookies #685,Bakery & Confectionery,"refined wheat flour, sugar, hydrogenated palm oil, cocoa, high fructose corn syrup, soy lecithin, vanillin, artificial chocolate flavor, tbhq",507.2,42.8,415.1,9.5,1.73,4.5,1.9,5,0,0,2,1,5,High Risk
890609151527,Pure Extra Virgin Olive Oil #686,Spices & Condiments,100% extra virgin cold pressed olive oil,833.6,0.0,1.9,16.3,0.0,0.0,0.0,0,0,0,0,0,89,Low Risk
890650993254,Pure Green Tea Bag #687,Beverages,100% organic green tea leaves,1.1,0.0,1.1,0.0,0.0,0.2,0.0,0,0,0,0,0,99,Low Risk
890702674783,Baked Whole Grain Crackers #688,Snacks,"whole wheat flour, canola oil, sea salt, malt extract",408.5,2.5,420.1,2.1,0.0,9.4,7.8,0,0,0,0,0,99,Low Risk
890803949497,Processed Nacho Chips #689,Snacks,"corn, vegetable fat, whey powder, disodium guanylate, artificial cheese flavor, yellow 6 lake",477.7,2.0,943.9,8.8,0.89,7.0,3.9,5,1,0,1,0,54,Moderate Risk
890607144770,Whole Cow Milk #690,Dairy,"milk, vitamin d3",66.1,5.7,47.7,3.7,0.0,3.3,0.0,0,0,0,0,0,99,Low Risk
890663959161,Synthetic Colored Hard Candies #691,Bakery & Confectionery,"sugar, liquid glucose, allura red, brilliant blue fcf, tartrazine, artificial fruit flavor, citric acid",421.5,67.7,92.3,0.0,0.0,0.0,0.0,5,3,0,1,1,5,High Risk
890524945439,Cottage Cheese (Paneer) #692,Dairy,"pasteurized milk, citric acid",244.4,1.1,18.8,17.6,0.0,19.7,0.0,0,0,0,0,0,95,Low Risk
890869955906,Adulterated Butter with Animal Fat & Starch #693,Dairy,"milk fat, animal tallow, starch, yellow dye 5, preservative",721.4,0.5,713.9,48.5,3.92,0.5,0.0,4,1,0,2,1,5,High Risk
890611280538,Greek Plain Yogurt #694,Dairy,"cultured pasteurized nonfat milk, live active cultures",66.8,3.5,41.1,0.4,0.0,10.0,0.0,0,0,0,0,0,99,Low Risk
890419080136,Pure Green Tea Bag #695,Beverages,100% organic green tea leaves,1.1,0.0,1.2,0.0,0.0,0.2,0.0,0,0,0,0,0,99,Low Risk
890126388490,Commercial Potato Crisps #696,Snacks,"potatoes, palm oil, salt, monosodium glutamate, flavor enhancer 635, dextrose",504.0,0.9,859.9,10.7,0.44,6.9,3.5,4,0,0,1,0,72,Moderate Risk
890577933615,Cream-Filled Sandwich Cookies #697,Bakery & Confectionery,"refined wheat flour, sugar, hydrogenated palm oil, cocoa, high fructose corn syrup, soy lecithin, vanillin, artificial chocolate flavor, tbhq",427.9,41.1,320.6,8.7,1.74,4.1,1.8,5,0,0,2,1,5,High Risk
890526331587,Energy Drink with High Caffeine #698,Beverages,"carbonated water, sucrose, glucose, taurine, caffeine, inositol, niacinamide, pyridoxine, color e133, sodium benzoate",41.6,12.8,73.6,0.0,0.0,0.4,0.0,6,1,0,2,0,66,Moderate Risk
890427646947,Pure Ground Turmeric Powder #699,Spices & Condiments,100% turmeric rhizome powder,280.4,3.5,38.9,3.0,0.0,9.1,23.1,0,0,0,0,0,99,Low Risk
890137715874,Commercial Potato Crisps #700,Snacks,"potatoes, palm oil, salt, monosodium glutamate, flavor enhancer 635, dextrose",478.4,0.7,892.1,12.0,0.32,7.0,2.9,4,0,0,1,0,69,Moderate Risk
890182495339,Coconut Water 100% Pure #701,Beverages,pure tender coconut water,17.5,3.4,24.4,0.1,0.0,0.7,1.2,0,0,0,0,0,99,Low Risk
890969986192,Energy Drink with High Caffeine #702,Beverages,"carbonated water, sucrose, glucose, taurine, caffeine, inositol, niacinamide, pyridoxine, color e133, sodium benzoate",41.7,12.3,82.3,0.0,0.0,0.4,0.0,6,1,0,2,0,66,Moderate Risk
890183941751,Commercial Tomato Ketchup #703,Spices & Condiments,"tomato paste, sugar, distilled vinegar, salt, onion powder, sodium benzoate, potassium sorbate, pectin",112.0,22.7,1053.1,0.1,0.0,1.3,1.6,3,0,0,2,0,60,Moderate Risk
890365985585,Coconut Water 100% Pure #704,Beverages,pure tender coconut water,18.0,3.1,26.4,0.1,0.0,0.7,1.1,0,0,0,0,0,99,Low Risk
890930968167,Carbonated Cola Drink #705,Beverages,"carbonated water, high fructose corn syrup, caramel color iv, phosphoric acid, caffeine, artificial flavors",44.9,11.6,10.9,0.0,0.0,0.0,0.0,4,1,0,1,0,77,Moderate Risk
890226933088,Standard Processed Cheese #706,Dairy,"milk, salt, cheese cultures, enzymes, sodium phosphate, annatto",298.5,1.2,1182.3,19.5,0.59,18.3,0.0,3,1,0,1,0,48,Moderate Risk
890358809255,Dark Chocolate 85% #707,Bakery & Confectionery,"cocoa mass, cocoa butter, cane sugar, vanilla beans",554.8,13.1,14.6,32.0,0.0,8.0,10.9,0,0,0,0,0,89,Low Risk
890515221880,Synthetic Milk Sample #708,Dairy,"urea, detergent, refined vegetable oil, caustic soda, water",194.8,0.5,918.0,15.8,4.49,1.3,0.0,5,0,0,3,1,5,High Risk
890162771616,Cottage Cheese (Paneer) #709,Dairy,"pasteurized milk, citric acid",273.6,1.4,22.7,15.1,0.0,16.5,0.0,0,0,0,0,0,96,Low Risk
890646782259,Energy Drink with High Caffeine #710,Beverages,"carbonated water, sucrose, glucose, taurine, caffeine, inositol, niacinamide, pyridoxine, color e133, sodium benzoate",54.3,11.5,80.8,0.0,0.0,0.4,0.0,6,1,0,2,0,67,Moderate Risk
890643018824,Adulterated Turmeric with Metanil Yellow #711,Spices & Condiments,"turmeric powder, lead chromate trace, chalk powder, metanil yellow color",215.6,1.8,181.8,1.4,0.0,5.1,12.1,3,1,0,0,1,56,High Risk
890781691091,Adulterated Mustard Oil with Argemone #712,Spices & Condiments,"mustard oil, argemone oil, mineral oil, butter yellow dye",820.9,0.0,5.3,11.5,1.65,0.0,0.0,3,1,0,0,1,13,High Risk
890777107096,Pure Extra Virgin Olive Oil #713,Spices & Condiments,100% extra virgin cold pressed olive oil,996.8,0.0,2.3,14.8,0.0,0.0,0.0,0,0,0,0,0,90,Low Risk
890747783999,Dark Chocolate 85% #714,Bakery & Confectionery,"cocoa mass, cocoa butter, cane sugar, vanilla beans",613.3,15.4,13.8,25.3,0.0,8.5,10.3,0,0,0,0,0,87,Low Risk
890413689099,Pure Extra Virgin Olive Oil #715,Spices & Condiments,100% extra virgin cold pressed olive oil,753.6,0.0,2.4,13.0,0.0,0.0,0.0,0,0,0,0,0,92,Low Risk
890595318068,Roasted Chickpeas #716,Snacks,"chickpeas, olive oil, sea salt",393.4,2.1,291.9,1.2,0.0,20.5,17.7,0,0,0,0,0,99,Low Risk
890796452741,100% Whole Wheat Sourdough #717,Bakery & Confectionery,"whole wheat flour, water, sourdough culture, sea salt",238.5,1.3,461.1,0.5,0.0,9.9,5.5,0,0,0,0,0,99,Low Risk
890504556714,Cottage Cheese (Paneer) #718,Dairy,"pasteurized milk, citric acid",278.8,1.2,22.7,18.0,0.0,17.4,0.0,0,0,0,0,0,94,Low Risk
890373530156,Greek Plain Yogurt #719,Dairy,"cultured pasteurized nonfat milk, live active cultures",59.3,3.1,40.6,0.4,0.0,9.5,0.0,0,0,0,0,0,99,Low Risk
890507512479,Greek Plain Yogurt #720,Dairy,"cultured pasteurized nonfat milk, live active cultures",57.1,3.7,34.9,0.5,0.0,10.2,0.0,0,0,0,0,0,99,Low Risk
890684286931,Flavored Fruit Yogurt #721,Dairy,"milk, sugar, strawberries, modified corn starch, carmine color, potassium sorbate",102.7,19.0,60.1,1.3,0.0,4.2,0.5,3,1,0,1,0,76,Moderate Risk
890750914530,Flavored Fruit Yogurt #722,Dairy,"milk, sugar, strawberries, modified corn starch, carmine color, potassium sorbate",121.4,18.3,76.7,1.3,0.0,3.6,0.5,3,1,0,1,0,77,Moderate Risk
890374565694,Adulterated Low-Cost Paneer #723,Dairy,"milk solids, vegetable oil, starch, sulfuric acid trace, detergent trace",330.2,3.2,418.1,18.3,2.75,9.6,0.0,4,0,0,2,1,5,High Risk
890192227820,Coconut Water 100% Pure #724,Beverages,pure tender coconut water,19.7,3.6,29.8,0.1,0.0,0.6,1.0,0,0,0,0,0,99,Low Risk
890415379866,Commercial Tomato Ketchup #725,Spices & Condiments,"tomato paste, sugar, distilled vinegar, salt, onion powder, sodium benzoate, potassium sorbate, pectin",132.2,22.7,1014.7,0.1,0.0,1.3,1.6,3,0,0,2,0,61,Moderate Risk
890653132482,Pure Red Chilli Powder #726,Spices & Condiments,100% dried red chillies,336.4,8.5,30.5,3.5,0.0,12.9,26.8,0,0,0,0,0,99,Low Risk
890500260783,Low-Cost Synthetic Fruit Drink #727,Beverages,"water, invert sugar syrup, metanil yellow, citric acid, clouding agent, artificial mango flavor, potassium metabisulphite",49.3,13.8,39.4,0.0,0.0,0.0,0.0,6,2,0,2,1,20,High Risk
890209193559,Fried Street-Style Savory Mix #728,Snacks,"refined flour, re-used palm oil, metanil yellow, excess salt, msg",553.9,1.6,1603.5,23.2,3.61,6.6,0.9,6,2,0,2,1,5,High Risk
890140241511,Pure Ground Turmeric Powder #729,Spices & Condiments,100% turmeric rhizome powder,302.2,3.1,42.6,3.0,0.0,9.7,20.6,0,0,0,0,0,99,Low Risk
890611177889,Cream-Filled Sandwich Cookies #730,Bakery & Confectionery,"refined wheat flour, sugar, hydrogenated palm oil, cocoa, high fructose corn syrup, soy lecithin, vanillin, artificial chocolate flavor, tbhq",531.2,43.5,317.0,10.5,1.82,4.3,1.9,5,0,0,2,1,5,High Risk
890619406503,Pure Green Tea Bag #731,Beverages,100% organic green tea leaves,0.9,0.0,1.1,0.0,0.0,0.2,0.0,0,0,0,0,0,99,Low Risk
890660447175,Roasted Chickpeas #732,Snacks,"chickpeas, olive oil, sea salt",368.6,2.1,306.0,1.4,0.0,20.3,18.1,0,0,0,0,0,99,Low Risk
890612508116,Cream-Filled Sandwich Cookies #733,Bakery & Confectionery,"refined wheat flour, sugar, hydrogenated palm oil, cocoa, high fructose corn syrup, soy lecithin, vanillin, artificial chocolate flavor, tbhq",534.6,34.6,395.3,8.5,1.91,4.1,2.1,5,0,0,2,1,5,High Risk
890480181899,Whole Cow Milk #734,Dairy,"milk, vitamin d3",62.0,4.4,42.1,3.3,0.0,3.1,0.0,0,0,0,0,0,99,Low Risk
890417001164,Oat & Honey Granola Bar #735,Bakery & Confectionery,"rolled oats, honey, almonds, crisped rice, sunflower oil, salt",385.5,13.2,161.7,2.5,0.0,8.2,5.6,0,0,0,0,0,99,Low Risk
890160384437,Extruded Spicy Puffs #736,Snacks,"corn meal, palm olein, maltodextrin, sunset yellow fcf, tartrazine, tbhq, msg, artificial flavors",482.6,4.7,1091.9,15.5,1.19,5.2,1.6,7,2,0,2,1,5,High Risk
890670327694,100% Whole Wheat Sourdough #737,Bakery & Confectionery,"whole wheat flour, water, sourdough culture, sea salt",211.9,1.8,470.7,0.6,0.0,9.8,6.0,0,0,0,0,0,99,Low Risk
890919506549,Coconut Water 100% Pure #738,Beverages,pure tender coconut water,19.0,3.6,23.5,0.1,0.0,0.8,1.2,0,0,0,0,0,99,Low Risk
890858136161,Energy Drink with High Caffeine #739,Beverages,"carbonated water, sucrose, glucose, taurine, caffeine, inositol, niacinamide, pyridoxine, color e133, sodium benzoate",49.1,11.2,85.7,0.0,0.0,0.4,0.0,6,1,0,2,0,67,Moderate Risk
890295716429,Cream-Filled Sandwich Cookies #740,Bakery & Confectionery,"refined wheat flour, sugar, hydrogenated palm oil, cocoa, high fructose corn syrup, soy lecithin, vanillin, artificial chocolate flavor, tbhq",437.6,41.5,363.7,10.6,1.99,4.4,2.1,5,0,0,2,1,5,High Risk
890298823759,Cottage Cheese (Paneer) #741,Dairy,"pasteurized milk, citric acid",255.6,1.1,23.7,15.3,0.0,17.3,0.0,0,0,0,0,0,97,Low Risk
890509432275,Diet Soda with Multiple Sweeteners #742,Beverages,"carbonated water, aspartame, acesulfame potassium, caramel iv, sodium benzoate, phosphoric acid",0.9,0.0,35.2,0.0,0.0,0.0,0.0,5,1,2,1,0,66,Moderate Risk
890465347151,Pure Ground Turmeric Powder #743,Spices & Condiments,100% turmeric rhizome powder,337.2,2.7,44.1,2.6,0.0,9.9,21.4,0,0,0,0,0,99,Low Risk
890829835562,Carbonated Cola Drink #744,Beverages,"carbonated water, high fructose corn syrup, caramel color iv, phosphoric acid, caffeine, artificial flavors",47.4,9.5,13.6,0.0,0.0,0.0,0.0,4,1,0,1,0,78,Moderate Risk
890538877486,Synthetic Colored Hard Candies #745,Bakery & Confectionery,"sugar, liquid glucose, allura red, brilliant blue fcf, tartrazine, artificial fruit flavor, citric acid",393.8,80.5,85.4,0.0,0.0,0.0,0.0,5,3,0,1,1,5,High Risk
890144699195,Pure Ground Turmeric Powder #746,Spices & Condiments,100% turmeric rhizome powder,298.1,3.0,36.4,3.3,0.0,9.0,21.6,0,0,0,0,0,99,Low Risk
890474413881,Adulterated Turmeric with Metanil Yellow #747,Spices & Condiments,"turmeric powder, lead chromate trace, chalk powder, metanil yellow color",234.9,2.2,168.7,1.3,0.0,5.2,11.4,3,1,0,0,1,56,High Risk
890132560535,Cottage Cheese (Paneer) #748,Dairy,"pasteurized milk, citric acid",303.3,1.4,19.0,14.9,0.0,19.7,0.0,0,0,0,0,0,98,Low Risk
890638874031,Flavored Fruit Yogurt #749,Dairy,"milk, sugar, strawberries, modified corn starch, carmine color, potassium sorbate",102.7,18.3,74.0,1.3,0.0,4.2,0.5,3,1,0,1,0,77,Moderate Risk
890997979732,Whole Cow Milk #750,Dairy,"milk, vitamin d3",66.4,4.7,49.3,2.9,0.0,3.2,0.0,0,0,0,0,0,99,Low Risk
890173778034,Pure Green Tea Bag #751,Beverages,100% organic green tea leaves,0.9,0.0,1.2,0.0,0.0,0.2,0.0,0,0,0,0,0,99,Low Risk
890287446188,Cold Pressed Orange Juice #752,Beverages,100% freshly pressed oranges,46.7,9.9,2.0,0.1,0.0,0.7,1.4,0,0,0,0,0,99,Low Risk
890354483343,Adulterated Turmeric with Metanil Yellow #753,Spices & Condiments,"turmeric powder, lead chromate trace, chalk powder, metanil yellow color",254.3,2.0,185.4,1.5,0.0,4.6,12.1,3,1,0,0,1,56,High Risk
890434968113,Fried Street-Style Savory Mix #754,Snacks,"refined flour, re-used palm oil, metanil yellow, excess salt, msg",532.3,1.8,1468.6,24.8,3.78,6.1,0.9,6,2,0,2,1,5,High Risk
890175463816,Diet Soda with Multiple Sweeteners #755,Beverages,"carbonated water, aspartame, acesulfame potassium, caramel iv, sodium benzoate, phosphoric acid",1.0,0.0,40.7,0.0,0.0,0.0,0.0,5,1,2,1,0,66,Moderate Risk
890662354188,Adulterated Chilli Powder with Sudan Dye #756,Spices & Condiments,"red chilli powder, brick powder trace, sudan i dye, salt, mineral oil",298.4,3.9,699.7,4.4,0.0,5.9,13.8,4,1,0,0,1,49,High Risk
890219761469,Coconut Water 100% Pure #757,Beverages,pure tender coconut water,21.7,3.3,29.5,0.1,0.0,0.7,1.1,0,0,0,0,0,99,Low Risk
890258777894,Pure Ground Turmeric Powder #758,Spices & Condiments,100% turmeric rhizome powder,271.0,3.1,36.1,2.4,0.0,9.7,20.6,0,0,0,0,0,99,Low Risk
890587297404,Industrial White Sandwich Bread #759,Bakery & Confectionery,"refined wheat flour, sugar, yeast, palm oil, calcium propionate, emulsifier 481, flour treatment agent 300",298.1,4.2,567.7,1.4,0.11,8.4,2.0,4,0,0,2,0,82,Moderate Risk
890683784094,Pure Green Tea Bag #760,Beverages,100% organic green tea leaves,0.9,0.0,1.1,0.0,0.0,0.2,0.0,0,0,0,0,0,99,Low Risk
890304613743,Fried Street-Style Savory Mix #761,Snacks,"refined flour, re-used palm oil, metanil yellow, excess salt, msg",568.8,1.3,1243.2,24.6,3.68,5.8,1.0,6,2,0,2,1,5,High Risk
890627294439,Cream-Filled Sandwich Cookies #762,Bakery & Confectionery,"refined wheat flour, sugar, hydrogenated palm oil, cocoa, high fructose corn syrup, soy lecithin, vanillin, artificial chocolate flavor, tbhq",539.3,33.7,388.0,9.8,1.98,4.4,2.1,5,0,0,2,1,5,High Risk
890819110749,Cottage Cheese (Paneer) #763,Dairy,"pasteurized milk, citric acid",257.0,1.4,24.5,15.0,0.0,19.4,0.0,0,0,0,0,0,98,Low Risk
890108724985,Commercial Tomato Ketchup #764,Spices & Condiments,"tomato paste, sugar, distilled vinegar, salt, onion powder, sodium benzoate, potassium sorbate, pectin",108.9,25.1,1089.7,0.1,0.0,1.4,1.5,3,0,0,2,0,59,Moderate Risk
890332227470,Greek Plain Yogurt #765,Dairy,"cultured pasteurized nonfat milk, live active cultures",66.0,4.0,34.5,0.5,0.0,9.4,0.0,0,0,0,0,0,99,Low Risk
890276213827,100% Whole Wheat Sourdough #766,Bakery & Confectionery,"whole wheat flour, water, sourdough culture, sea salt",273.0,1.5,477.7,0.6,0.0,11.5,5.7,0,0,0,0,0,99,Low Risk
890453069909,Cream-Filled Sandwich Cookies #767,Bakery & Confectionery,"refined wheat flour, sugar, hydrogenated palm oil, cocoa, high fructose corn syrup, soy lecithin, vanillin, artificial chocolate flavor, tbhq",521.7,39.2,407.7,9.2,1.77,4.4,2.0,5,0,0,2,1,5,High Risk
890278982334,Carbonated Cola Drink #768,Beverages,"carbonated water, high fructose corn syrup, caramel color iv, phosphoric acid, caffeine, artificial flavors",35.9,9.6,13.6,0.0,0.0,0.0,0.0,4,1,0,1,0,78,Moderate Risk
890319206434,Organic Trail Mix #769,Snacks,"almonds, walnuts, raisins, sunflower seeds, pumpkin seeds",554.5,19.2,14.7,4.9,0.0,13.6,7.7,0,0,0,0,0,99,Moderate Risk
890725627938,Industrial White Sandwich Bread #770,Bakery & Confectionery,"refined wheat flour, sugar, yeast, palm oil, calcium propionate, emulsifier 481, flour treatment agent 300",227.2,4.6,554.0,1.3,0.26,7.5,2.1,4,0,0,2,0,82,Moderate Risk
890387766304,Oat & Honey Granola Bar #771,Bakery & Confectionery,"rolled oats, honey, almonds, crisped rice, sunflower oil, salt",375.7,16.1,154.4,2.0,0.0,7.7,5.0,0,0,0,0,0,99,Low Risk
890994335529,Roasted Chickpeas #772,Snacks,"chickpeas, olive oil, sea salt",403.4,2.2,307.0,1.3,0.0,18.2,18.7,0,0,0,0,0,99,Low Risk
890739185472,Skimmed Milk #773,Dairy,"skimmed milk, vitamin a, vitamin d3",39.7,5.2,56.7,0.2,0.0,3.1,0.0,0,0,0,0,0,99,Low Risk
890103517188,Greek Plain Yogurt #774,Dairy,"cultured pasteurized nonfat milk, live active cultures",52.8,3.1,34.9,0.5,0.0,9.5,0.0,0,0,0,0,0,99,Low Risk
890937508772,Greek Plain Yogurt #775,Dairy,"cultured pasteurized nonfat milk, live active cultures",61.3,3.6,34.6,0.4,0.0,10.9,0.0,0,0,0,0,0,99,Low Risk
890654032236,Adulterated Mustard Oil with Argemone #776,Spices & Condiments,"mustard oil, argemone oil, mineral oil, butter yellow dye",960.3,0.0,5.2,13.8,1.67,0.0,0.0,3,1,0,0,1,11,High Risk
890399283087,Commercial Tomato Ketchup #777,Spices & Condiments,"tomato paste, sugar, distilled vinegar, salt, onion powder, sodium benzoate, potassium sorbate, pectin",130.8,26.0,854.5,0.1,0.0,1.5,1.6,3,0,0,2,0,63,Moderate Risk
890810383294,Baked Whole Grain Crackers #778,Snacks,"whole wheat flour, canola oil, sea salt, malt extract",412.7,2.7,343.0,1.8,0.0,9.3,7.9,0,0,0,0,0,99,Low Risk
890176687931,100% Whole Wheat Sourdough #779,Bakery & Confectionery,"whole wheat flour, water, sourdough culture, sea salt",255.8,1.6,468.1,0.5,0.0,9.7,6.0,0,0,0,0,0,99,Low Risk
890903988195,Pure Extra Virgin Olive Oil #780,Spices & Condiments,100% extra virgin cold pressed olive oil,993.4,0.0,2.2,12.9,0.0,0.0,0.0,0,0,0,0,0,92,Low Risk
890251366626,Adulterated Turmeric with Metanil Yellow #781,Spices & Condiments,"turmeric powder, lead chromate trace, chalk powder, metanil yellow color",217.3,2.1,184.6,1.4,0.0,4.8,12.0,3,1,0,0,1,56,High Risk
890391511756,Commercial Potato Crisps #782,Snacks,"potatoes, palm oil, salt, monosodium glutamate, flavor enhancer 635, dextrose",479.7,0.7,679.2,14.3,0.67,6.8,3.3,4,0,0,1,0,65,Moderate Risk
890376410966,Flavored Fruit Yogurt #783,Dairy,"milk, sugar, strawberries, modified corn starch, carmine color, potassium sorbate",124.0,18.8,73.1,1.8,0.0,3.6,0.5,3,1,0,1,0,76,Moderate Risk
890581770513,Energy Drink with High Caffeine #784,Beverages,"carbonated water, sucrose, glucose, taurine, caffeine, inositol, niacinamide, pyridoxine, color e133, sodium benzoate",47.8,12.0,68.7,0.0,0.0,0.4,0.0,6,1,0,2,0,67,Moderate Risk
890218397514,Diet Soda with Multiple Sweeteners #785,Beverages,"carbonated water, aspartame, acesulfame potassium, caramel iv, sodium benzoate, phosphoric acid",1.1,0.0,39.7,0.0,0.0,0.0,0.0,5,1,2,1,0,66,Moderate Risk
890833005464,Pure Ground Turmeric Powder #786,Spices & Condiments,100% turmeric rhizome powder,324.0,3.2,44.8,3.3,0.0,9.0,21.3,0,0,0,0,0,99,Low Risk
890803682708,Cold Pressed Orange Juice #787,Beverages,100% freshly pressed oranges,50.0,9.2,2.2,0.1,0.0,0.7,1.6,0,0,0,0,0,99,Low Risk
890568622311,Cottage Cheese (Paneer) #788,Dairy,"pasteurized milk, citric acid",249.7,1.1,25.4,14.7,0.0,19.2,0.0,0,0,0,0,0,98,Low Risk
890183887177,Baked Whole Grain Crackers #789,Snacks,"whole wheat flour, canola oil, sea salt, malt extract",366.2,2.6,432.4,1.6,0.0,8.6,7.6,0,0,0,0,0,99,Low Risk
890776782094,Synthetic Milk Sample #790,Dairy,"urea, detergent, refined vegetable oil, caustic soda, water",155.1,0.6,892.6,16.1,4.13,1.2,0.0,5,0,0,3,1,5,High Risk
890580091419,Commercial Potato Crisps #791,Snacks,"potatoes, palm oil, salt, monosodium glutamate, flavor enhancer 635, dextrose",546.7,0.7,827.9,11.7,0.64,7.0,2.9,4,0,0,1,0,61,Moderate Risk
890924505754,Pure Green Tea Bag #792,Beverages,100% organic green tea leaves,0.9,0.0,1.1,0.0,0.0,0.2,0.0,0,0,0,0,0,99,Low Risk
890596452002,Synthetic Colored Hard Candies #793,Bakery & Confectionery,"sugar, liquid glucose, allura red, brilliant blue fcf, tartrazine, artificial fruit flavor, citric acid",388.9,61.4,76.3,0.0,0.0,0.0,0.0,5,3,0,1,1,5,High Risk
890906872625,Diet Soda with Multiple Sweeteners #794,Beverages,"carbonated water, aspartame, acesulfame potassium, caramel iv, sodium benzoate, phosphoric acid",1.1,0.0,41.3,0.0,0.0,0.0,0.0,5,1,2,1,0,66,Moderate Risk
890301127124,Cold Pressed Orange Juice #795,Beverages,100% freshly pressed oranges,49.3,10.0,2.2,0.1,0.0,0.8,1.4,0,0,0,0,0,99,Low Risk
890574093082,Skimmed Milk #796,Dairy,"skimmed milk, vitamin a, vitamin d3",34.1,4.6,45.7,0.2,0.0,3.4,0.0,0,0,0,0,0,99,Low Risk
890947333440,Synthetic Milk Sample #797,Dairy,"urea, detergent, refined vegetable oil, caustic soda, water",154.7,0.5,792.2,14.2,4.32,1.2,0.0,5,0,0,3,1,5,High Risk
890110253842,Whole Cow Milk #798,Dairy,"milk, vitamin d3",65.5,4.8,52.3,3.6,0.0,3.2,0.0,0,0,0,0,0,99,Low Risk
890112311580,Fried Street-Style Savory Mix #799,Snacks,"refined flour, re-used palm oil, metanil yellow, excess salt, msg",512.2,1.5,1639.7,25.7,3.44,5.6,1.0,6,2,0,2,1,5,High Risk
890929364851,Extruded Spicy Puffs #800,Snacks,"corn meal, palm olein, maltodextrin, sunset yellow fcf, tartrazine, tbhq, msg, artificial flavors",475.7,4.0,1343.3,15.6,1.33,5.3,1.5,7,2,0,2,1,5,High Risk
890755484496,Energy Drink with High Caffeine #801,Beverages,"carbonated water, sucrose, glucose, taurine, caffeine, inositol, niacinamide, pyridoxine, color e133, sodium benzoate",52.0,12.4,89.3,0.0,0.0,0.4,0.0,6,1,0,2,0,66,Moderate Risk
890695554614,Oat & Honey Granola Bar #802,Bakery & Confectionery,"rolled oats, honey, almonds, crisped rice, sunflower oil, salt",468.0,15.9,194.8,2.2,0.0,8.5,5.2,0,0,0,0,0,99,Low Risk
890608573606,Carbonated Cola Drink #803,Beverages,"carbonated water, high fructose corn syrup, caramel color iv, phosphoric acid, caffeine, artificial flavors",38.3,12.6,10.8,0.0,0.0,0.0,0.0,4,1,0,1,0,76,Moderate Risk
890722303936,Cottage Cheese (Paneer) #804,Dairy,"pasteurized milk, citric acid",270.3,1.2,19.8,14.9,0.0,18.0,0.0,0,0,0,0,0,97,Low Risk
890449293205,Adulterated Low-Cost Paneer #805,Dairy,"milk solids, vegetable oil, starch, sulfuric acid trace, detergent trace",258.0,3.2,482.8,19.6,2.41,8.2,0.0,4,0,0,2,1,5,High Risk
890537779040,Processed Nacho Chips #806,Snacks,"corn, vegetable fat, whey powder, disodium guanylate, artificial cheese flavor, yellow 6 lake",445.3,1.9,979.8,8.8,0.75,6.1,3.7,5,1,0,1,0,55,Moderate Risk
890234416149,Extruded Spicy Puffs #807,Snacks,"corn meal, palm olein, maltodextrin, sunset yellow fcf, tartrazine, tbhq, msg, artificial flavors",618.3,4.4,1100.2,18.0,1.16,5.4,1.5,7,2,0,2,1,5,High Risk
890138480713,Adulterated Chilli Powder with Sudan Dye #808,Spices & Condiments,"red chilli powder, brick powder trace, sudan i dye, salt, mineral oil",297.4,3.8,602.5,4.6,0.0,6.0,14.1,4,1,0,0,1,50,High Risk
890429408518,Roasted Chickpeas #809,Snacks,"chickpeas, olive oil, sea salt",415.7,2.4,318.9,1.2,0.0,17.9,17.6,0,0,0,0,0,99,Low Risk
890145279978,Pure Red Chilli Powder #810,Spices & Condiments,100% dried red chillies,331.3,8.3,30.3,3.5,0.0,13.1,25.5,0,0,0,0,0,99,Low Risk
890347903425,Fresh Butter #811,Dairy,"pasteurized cream, salt",769.7,0.1,662.8,45.4,0.0,0.9,0.0,0,0,0,0,0,76,Moderate Risk
890481091545,Commercial Potato Crisps #812,Snacks,"potatoes, palm oil, salt, monosodium glutamate, flavor enhancer 635, dextrose",608.3,0.8,878.6,10.9,0.57,6.5,3.0,4,0,0,1,0,62,Moderate Risk
890886413044,Energy Drink with High Caffeine #813,Beverages,"carbonated water, sucrose, glucose, taurine, caffeine, inositol, niacinamide, pyridoxine, color e133, sodium benzoate",52.1,10.7,88.3,0.0,0.0,0.4,0.0,6,1,0,2,0,68,Moderate Risk
890502973268,Synthetic Colored Hard Candies #814,Bakery & Confectionery,"sugar, liquid glucose, allura red, brilliant blue fcf, tartrazine, artificial fruit flavor, citric acid",334.4,66.4,87.0,0.0,0.0,0.0,0.0,5,3,0,1,1,5,High Risk
890517541714,Synthetic Milk Sample #815,Dairy,"urea, detergent, refined vegetable oil, caustic soda, water",196.0,0.5,921.4,13.1,4.42,1.3,0.0,5,0,0,3,1,5,High Risk
890510283339,Fried Street-Style Savory Mix #816,Snacks,"refined flour, re-used palm oil, metanil yellow, excess salt, msg",576.3,1.3,1465.2,22.7,3.57,5.8,1.0,6,2,0,2,1,5,High Risk
890615292595,Organic Trail Mix #817,Snacks,"almonds, walnuts, raisins, sunflower seeds, pumpkin seeds",474.3,16.9,13.5,4.8,0.0,13.6,8.1,0,0,0,0,0,99,Low Risk
890832228255,Pure Red Chilli Powder #818,Spices & Condiments,100% dried red chillies,302.2,7.7,29.8,4.0,0.0,13.1,29.5,0,0,0,0,0,99,Low Risk
890406920520,Low-Cost Synthetic Fruit Drink #819,Beverages,"water, invert sugar syrup, metanil yellow, citric acid, clouding agent, artificial mango flavor, potassium metabisulphite",57.8,13.5,50.5,0.0,0.0,0.0,0.0,6,2,0,2,1,20,High Risk
890433774946,Roasted Chickpeas #820,Snacks,"chickpeas, olive oil, sea salt",309.6,2.2,283.6,1.4,0.0,20.8,18.5,0,0,0,0,0,99,Low Risk
890438920159,Organic Trail Mix #821,Snacks,"almonds, walnuts, raisins, sunflower seeds, pumpkin seeds",425.9,19.2,17.4,5.0,0.0,13.7,7.5,0,0,0,0,0,99,Moderate Risk
890867212322,Adulterated Low-Cost Paneer #822,Dairy,"milk solids, vegetable oil, starch, sulfuric acid trace, detergent trace",311.5,3.8,495.1,17.6,2.58,9.0,0.0,4,0,0,2,1,5,High Risk
890847715255,Adulterated Butter with Animal Fat & Starch #823,Dairy,"milk fat, animal tallow, starch, yellow dye 5, preservative",700.8,0.5,534.9,61.2,3.99,0.5,0.0,4,1,0,2,1,5,High Risk
890851001204,Dark Chocolate 85% #824,Bakery & Confectionery,"cocoa mass, cocoa butter, cane sugar, vanilla beans",533.7,15.4,15.0,30.6,0.0,8.0,10.9,0,0,0,0,0,88,Low Risk
890657019257,Fried Street-Style Savory Mix #825,Snacks,"refined flour, re-used palm oil, metanil yellow, excess salt, msg",561.7,1.6,1648.4,20.0,3.72,6.3,0.9,6,2,0,2,1,5,High Risk
890325698351,Adulterated Turmeric with Metanil Yellow #826,Spices & Condiments,"turmeric powder, lead chromate trace, chalk powder, metanil yellow color",239.7,2.0,157.4,1.7,0.0,5.1,10.8,3,1,0,0,1,55,High Risk
890383254616,Greek Plain Yogurt #827,Dairy,"cultured pasteurized nonfat milk, live active cultures",56.0,3.3,31.8,0.5,0.0,9.5,0.0,0,0,0,0,0,99,Low Risk
890171329663,Standard Processed Cheese #828,Dairy,"milk, salt, cheese cultures, enzymes, sodium phosphate, annatto",285.7,1.1,1238.5,23.2,0.79,18.7,0.0,3,1,0,1,0,40,Moderate Risk
890354055625,Organic Trail Mix #829,Snacks,"almonds, walnuts, raisins, sunflower seeds, pumpkin seeds",456.6,19.5,17.7,4.1,0.0,14.8,7.9,0,0,0,0,0,99,Moderate Risk
890350585899,Organic Trail Mix #830,Snacks,"almonds, walnuts, raisins, sunflower seeds, pumpkin seeds",478.7,19.3,15.4,4.9,0.0,16.0,7.7,0,0,0,0,0,99,Moderate Risk
890190271197,Synthetic Milk Sample #831,Dairy,"urea, detergent, refined vegetable oil, caustic soda, water",158.8,0.5,768.4,16.0,4.23,1.1,0.0,5,0,0,3,1,5,High Risk
890500488998,Low-Cost Synthetic Fruit Drink #832,Beverages,"water, invert sugar syrup, metanil yellow, citric acid, clouding agent, artificial mango flavor, potassium metabisulphite",48.9,17.1,46.4,0.0,0.0,0.0,0.0,6,2,0,2,1,17,High Risk
890727687338,Greek Plain Yogurt #833,Dairy,"cultured pasteurized nonfat milk, live active cultures",51.3,3.9,34.7,0.3,0.0,10.4,0.0,0,0,0,0,0,99,Low Risk
890753960437,Adulterated Butter with Animal Fat & Starch #834,Dairy,"milk fat, animal tallow, starch, yellow dye 5, preservative",580.5,0.5,702.7,54.3,3.94,0.5,0.0,4,1,0,2,1,5,High Risk
890669060767,Fried Street-Style Savory Mix #835,Snacks,"refined flour, re-used palm oil, metanil yellow, excess salt, msg",509.8,1.8,1563.3,19.2,3.59,6.1,1.0,6,2,0,2,1,5,High Risk
890672401284,Pure Extra Virgin Olive Oil #836,Spices & Condiments,100% extra virgin cold pressed olive oil,933.1,0.0,1.7,14.9,0.0,0.0,0.0,0,0,0,0,0,90,Low Risk
890142864038,Industrial White Sandwich Bread #837,Bakery & Confectionery,"refined wheat flour, sugar, yeast, palm oil, calcium propionate, emulsifier 481, flour treatment agent 300",255.2,5.1,491.5,1.1,0.34,7.4,1.9,4,0,0,2,0,83,Moderate Risk
890943715650,Fried Street-Style Savory Mix #838,Snacks,"refined flour, re-used palm oil, metanil yellow, excess salt, msg",492.2,1.5,1414.1,23.1,3.71,5.7,1.1,6,2,0,2,1,5,High Risk
890185360469,Instant Fried Noodles #839,Snacks,"wheat flour, palm oil, salt, guar gum, flavor enhancer 621, caramel iv, sodium polyphosphate",441.6,2.4,1762.1,8.9,0.79,8.5,2.5,5,1,0,2,0,40,Moderate Risk
890193117337,Diet Soda with Multiple Sweeteners #840,Beverages,"carbonated water, aspartame, acesulfame potassium, caramel iv, sodium benzoate, phosphoric acid",0.9,0.0,31.1,0.0,0.0,0.0,0.0,5,1,2,1,0,66,Moderate Risk
890556554076,Carbonated Cola Drink #841,Beverages,"carbonated water, high fructose corn syrup, caramel color iv, phosphoric acid, caffeine, artificial flavors",39.7,12.3,13.7,0.0,0.0,0.0,0.0,4,1,0,1,0,76,Moderate Risk
890497909296,Pure Green Tea Bag #842,Beverages,100% organic green tea leaves,1.0,0.0,1.0,0.0,0.0,0.2,0.0,0,0,0,0,0,99,Low Risk
890512210535,Adulterated Butter with Animal Fat & Starch #843,Dairy,"milk fat, animal tallow, starch, yellow dye 5, preservative",755.6,0.6,665.6,59.3,4.04,0.5,0.0,4,1,0,2,1,5,High Risk
890388810735,Dark Chocolate 85% #844,Bakery & Confectionery,"cocoa mass, cocoa butter, cane sugar, vanilla beans",570.9,14.3,17.3,26.2,0.0,9.3,10.9,0,0,0,0,0,89,Low Risk
890856641771,Low-Cost Synthetic Fruit Drink #845,Beverages,"water, invert sugar syrup, metanil yellow, citric acid, clouding agent, artificial mango flavor, potassium metabisulphite",57.8,16.4,49.3,0.0,0.0,0.0,0.0,6,2,0,2,1,18,High Risk
890341692792,Cottage Cheese (Paneer) #846,Dairy,"pasteurized milk, citric acid",277.7,1.1,19.5,17.7,0.0,19.6,0.0,0,0,0,0,0,95,Low Risk
890344946049,Pure Extra Virgin Olive Oil #847,Spices & Condiments,100% extra virgin cold pressed olive oil,934.0,0.0,1.8,16.1,0.0,0.0,0.0,0,0,0,0,0,89,Low Risk
890147307880,Diet Soda with Multiple Sweeteners #848,Beverages,"carbonated water, aspartame, acesulfame potassium, caramel iv, sodium benzoate, phosphoric acid",1.1,0.0,39.4,0.0,0.0,0.0,0.0,5,1,2,1,0,66,Moderate Risk
890294205968,Extruded Spicy Puffs #849,Snacks,"corn meal, palm olein, maltodextrin, sunset yellow fcf, tartrazine, tbhq, msg, artificial flavors",576.1,4.5,1316.4,17.6,1.12,4.9,1.5,7,2,0,2,1,5,High Risk
890212372958,Commercial Potato Crisps #850,Snacks,"potatoes, palm oil, salt, monosodium glutamate, flavor enhancer 635, dextrose",556.2,0.9,750.3,12.8,0.37,6.9,3.4,4,0,0,1,0,75,Moderate Risk
890855494472,Diet Soda with Multiple Sweeteners #851,Beverages,"carbonated water, aspartame, acesulfame potassium, caramel iv, sodium benzoate, phosphoric acid",0.9,0.0,38.0,0.0,0.0,0.0,0.0,5,1,2,1,0,66,Moderate Risk
890332234111,100% Whole Wheat Sourdough #852,Bakery & Confectionery,"whole wheat flour, water, sourdough culture, sea salt",240.4,1.3,424.2,0.5,0.0,11.4,5.5,0,0,0,0,0,99,Low Risk
890224081732,Oat & Honey Granola Bar #853,Bakery & Confectionery,"rolled oats, honey, almonds, crisped rice, sunflower oil, salt",375.0,13.2,203.8,2.3,0.0,7.8,5.3,0,0,0,0,0,99,Low Risk
890903546254,Adulterated Mustard Oil with Argemone #854,Spices & Condiments,"mustard oil, argemone oil, mineral oil, butter yellow dye",854.3,0.0,4.4,11.5,1.66,0.0,0.0,3,1,0,0,1,13,High Risk
890684990970,Pure Ground Turmeric Powder #855,Spices & Condiments,100% turmeric rhizome powder,319.4,3.6,34.5,3.3,0.0,10.4,22.4,0,0,0,0,0,99,Low Risk
890110104113,Synthetic Colored Hard Candies #856,Bakery & Confectionery,"sugar, liquid glucose, allura red, brilliant blue fcf, tartrazine, artificial fruit flavor, citric acid",367.1,68.5,68.9,0.0,0.0,0.0,0.0,5,3,0,1,1,5,High Risk
890124229479,Fresh Butter #857,Dairy,"pasteurized cream, salt",822.0,0.1,564.6,46.1,0.0,0.9,0.0,0,0,0,0,0,78,Low Risk
890665665399,Industrial White Sandwich Bread #858,Bakery & Confectionery,"refined wheat flour, sugar, yeast, palm oil, calcium propionate, emulsifier 481, flour treatment agent 300",295.9,5.4,462.9,1.3,0.01,7.4,1.8,4,0,0,2,0,83,Moderate Risk
890340344952,Adulterated Mustard Oil with Argemone #859,Spices & Condiments,"mustard oil, argemone oil, mineral oil, butter yellow dye",803.8,0.0,6.0,12.4,1.46,0.0,0.0,3,1,0,0,1,15,High Risk
890174380332,Synthetic Colored Hard Candies #860,Bakery & Confectionery,"sugar, liquid glucose, allura red, brilliant blue fcf, tartrazine, artificial fruit flavor, citric acid",429.6,65.4,86.7,0.0,0.0,0.0,0.0,5,3,0,1,1,5,High Risk
890224801233,Standard Processed Cheese #861,Dairy,"milk, salt, cheese cultures, enzymes, sodium phosphate, annatto",296.6,1.1,1024.5,24.4,0.79,16.7,0.0,3,1,0,1,0,42,Moderate Risk
890506564605,Commercial Potato Crisps #862,Snacks,"potatoes, palm oil, salt, monosodium glutamate, flavor enhancer 635, dextrose",462.5,0.9,811.2,13.7,0.61,6.2,3.1,4,0,0,1,0,60,Moderate Risk
890835241023,Cream-Filled Sandwich Cookies #863,Bakery & Confectionery,"refined wheat flour, sugar, hydrogenated palm oil, cocoa, high fructose corn syrup, soy lecithin, vanillin, artificial chocolate flavor, tbhq",465.4,36.7,325.5,8.3,1.86,4.5,2.0,5,0,0,2,1,5,High Risk
890314357360,Cold Pressed Orange Juice #864,Beverages,100% freshly pressed oranges,49.6,9.7,2.0,0.1,0.0,0.7,1.5,0,0,0,0,0,99,Low Risk
890913682067,Diet Soda with Multiple Sweeteners #865,Beverages,"carbonated water, aspartame, acesulfame potassium, caramel iv, sodium benzoate, phosphoric acid",1.0,0.0,36.4,0.0,0.0,0.0,0.0,5,1,2,1,0,66,Moderate Risk
890170867549,Industrial White Sandwich Bread #866,Bakery & Confectionery,"refined wheat flour, sugar, yeast, palm oil, calcium propionate, emulsifier 481, flour treatment agent 300",238.2,5.7,536.6,1.3,0.18,7.9,2.0,4,0,0,2,0,83,Moderate Risk
890833605739,Extruded Spicy Puffs #867,Snacks,"corn meal, palm olein, maltodextrin, sunset yellow fcf, tartrazine, tbhq, msg, artificial flavors",626.6,4.4,1357.0,17.9,1.25,5.1,1.5,7,2,0,2,1,5,High Risk
890257016122,Coconut Water 100% Pure #868,Beverages,pure tender coconut water,19.6,3.0,28.7,0.1,0.0,0.6,1.1,0,0,0,0,0,99,Low Risk
890417912493,Greek Plain Yogurt #869,Dairy,"cultured pasteurized nonfat milk, live active cultures",60.7,4.2,42.9,0.5,0.0,10.5,0.0,0,0,0,0,0,99,Low Risk
890578961991,Fresh Butter #870,Dairy,"pasteurized cream, salt",681.0,0.1,528.1,46.0,0.0,0.9,0.0,0,0,0,0,0,78,Low Risk
890210734495,Greek Plain Yogurt #871,Dairy,"cultured pasteurized nonfat milk, live active cultures",59.2,4.3,39.4,0.5,0.0,10.0,0.0,0,0,0,0,0,99,Low Risk
890995351617,Cream-Filled Sandwich Cookies #872,Bakery & Confectionery,"refined wheat flour, sugar, hydrogenated palm oil, cocoa, high fructose corn syrup, soy lecithin, vanillin, artificial chocolate flavor, tbhq",450.2,36.2,307.4,10.6,1.81,4.4,1.9,5,0,0,2,1,5,High Risk
890338675027,Whole Cow Milk #873,Dairy,"milk, vitamin d3",65.8,4.6,41.0,3.5,0.0,3.5,0.0,0,0,0,0,0,99,Low Risk
890263903515,100% Whole Wheat Sourdough #874,Bakery & Confectionery,"whole wheat flour, water, sourdough culture, sea salt",225.6,1.8,474.7,0.5,0.0,9.5,6.0,0,0,0,0,0,99,Low Risk
890368754214,Processed Nacho Chips #875,Snacks,"corn, vegetable fat, whey powder, disodium guanylate, artificial cheese flavor, yellow 6 lake",524.8,2.1,914.8,10.3,0.92,7.4,4.3,5,1,0,1,0,50,Moderate Risk
890172672446,Adulterated Mustard Oil with Argemone #876,Spices & Condiments,"mustard oil, argemone oil, mineral oil, butter yellow dye",1010.1,0.0,5.9,12.2,1.78,0.0,0.0,3,1,0,0,1,11,High Risk
890745595784,Synthetic Colored Hard Candies #877,Bakery & Confectionery,"sugar, liquid glucose, allura red, brilliant blue fcf, tartrazine, artificial fruit flavor, citric acid",333.4,84.4,75.7,0.0,0.0,0.0,0.0,5,3,0,1,1,5,High Risk
890331739579,Adulterated Chilli Powder with Sudan Dye #878,Spices & Condiments,"red chilli powder, brick powder trace, sudan i dye, salt, mineral oil",318.7,4.7,634.2,4.0,0.0,5.4,14.1,4,1,0,0,1,50,High Risk
890729558252,Fried Street-Style Savory Mix #879,Snacks,"refined flour, re-used palm oil, metanil yellow, excess salt, msg",561.2,1.4,1708.4,24.7,3.43,6.0,1.0,6,2,0,2,1,5,High Risk
890207108676,Instant Fried Noodles #880,Snacks,"wheat flour, palm oil, salt, guar gum, flavor enhancer 621, caramel iv, sodium polyphosphate",423.4,3.4,2003.2,8.8,0.66,10.0,2.6,5,1,0,2,0,43,Moderate Risk
890208719686,Energy Drink with High Caffeine #881,Beverages,"carbonated water, sucrose, glucose, taurine, caffeine, inositol, niacinamide, pyridoxine, color e133, sodium benzoate",41.2,12.6,80.4,0.0,0.0,0.4,0.0,6,1,0,2,0,66,Moderate Risk
890353741774,Skimmed Milk #882,Dairy,"skimmed milk, vitamin a, vitamin d3",35.0,4.9,43.1,0.2,0.0,3.4,0.0,0,0,0,0,0,99,Low Risk
890772630584,Oat & Honey Granola Bar #883,Bakery & Confectionery,"rolled oats, honey, almonds, crisped rice, sunflower oil, salt",399.0,15.6,194.7,2.0,0.0,8.1,5.2,0,0,0,0,0,99,Low Risk
890897888937,Adulterated Low-Cost Paneer #884,Dairy,"milk solids, vegetable oil, starch, sulfuric acid trace, detergent trace",277.8,4.1,439.3,21.5,2.68,9.1,0.0,4,0,0,2,1,5,High Risk
890717657531,Processed Nacho Chips #885,Snacks,"corn, vegetable fat, whey powder, disodium guanylate, artificial cheese flavor, yellow 6 lake",464.0,1.7,792.7,10.6,1.04,7.1,3.8,5,1,0,1,0,53,Moderate Risk
890260014340,Whole Cow Milk #886,Dairy,"milk, vitamin d3",63.0,5.2,44.3,3.8,0.0,3.1,0.0,0,0,0,0,0,99,Low Risk
890355826676,Baked Whole Grain Crackers #887,Snacks,"whole wheat flour, canola oil, sea salt, malt extract",400.2,2.3,456.4,1.6,0.0,9.2,7.4,0,0,0,0,0,99,Low Risk
890305293556,Extruded Spicy Puffs #888,Snacks,"corn meal, palm olein, maltodextrin, sunset yellow fcf, tartrazine, tbhq, msg, artificial flavors",599.0,4.8,1193.0,19.3,1.3,4.5,1.6,7,2,0,2,1,5,High Risk
890361409744,Industrial White Sandwich Bread #889,Bakery & Confectionery,"refined wheat flour, sugar, yeast, palm oil, calcium propionate, emulsifier 481, flour treatment agent 300",258.8,4.8,452.5,1.1,0.33,8.7,2.1,4,0,0,2,0,84,Moderate Risk
890172185054,Pure Extra Virgin Olive Oil #890,Spices & Condiments,100% extra virgin cold pressed olive oil,890.2,0.0,2.2,12.4,0.0,0.0,0.0,0,0,0,0,0,93,Low Risk
890377308897,Pure Extra Virgin Olive Oil #891,Spices & Condiments,100% extra virgin cold pressed olive oil,842.4,0.0,2.3,16.6,0.0,0.0,0.0,0,0,0,0,0,88,Low Risk
890375194434,Adulterated Low-Cost Paneer #892,Dairy,"milk solids, vegetable oil, starch, sulfuric acid trace, detergent trace",256.3,3.0,554.3,16.0,2.58,8.7,0.0,4,0,0,2,1,5,High Risk
890669913089,Low-Cost Synthetic Fruit Drink #893,Beverages,"water, invert sugar syrup, metanil yellow, citric acid, clouding agent, artificial mango flavor, potassium metabisulphite",48.0,15.6,43.2,0.0,0.0,0.0,0.0,6,2,0,2,1,19,High Risk
890907773624,Adulterated Butter with Animal Fat & Starch #894,Dairy,"milk fat, animal tallow, starch, yellow dye 5, preservative",712.6,0.5,725.4,57.8,3.96,0.5,0.0,4,1,0,2,1,5,High Risk
890859349232,Greek Plain Yogurt #895,Dairy,"cultured pasteurized nonfat milk, live active cultures",65.4,3.9,32.5,0.4,0.0,10.2,0.0,0,0,0,0,0,99,Low Risk
890127077546,Cottage Cheese (Paneer) #896,Dairy,"pasteurized milk, citric acid",237.1,1.0,21.2,17.6,0.0,19.5,0.0,0,0,0,0,0,95,Low Risk
890196634330,Roasted Chickpeas #897,Snacks,"chickpeas, olive oil, sea salt",402.0,2.2,277.2,1.1,0.0,20.5,16.8,0,0,0,0,0,99,Low Risk
890136876079,Pure Ground Turmeric Powder #898,Spices & Condiments,100% turmeric rhizome powder,321.4,3.2,41.9,3.3,0.0,9.6,22.8,0,0,0,0,0,99,Low Risk
890661459749,Pure Green Tea Bag #899,Beverages,100% organic green tea leaves,1.1,0.0,0.9,0.0,0.0,0.2,0.0,0,0,0,0,0,99,Low Risk
890283743288,Diet Soda with Multiple Sweeteners #900,Beverages,"carbonated water, aspartame, acesulfame potassium, caramel iv, sodium benzoate, phosphoric acid",1.0,0.0,35.1,0.0,0.0,0.0,0.0,5,1,2,1,0,66,Moderate Risk
890269955877,Processed Nacho Chips #901,Snacks,"corn, vegetable fat, whey powder, disodium guanylate, artificial cheese flavor, yellow 6 lake",566.8,2.1,976.5,9.4,0.97,7.5,4.2,5,1,0,1,0,53,Moderate Risk
890783181785,Pure Ground Turmeric Powder #902,Spices & Condiments,100% turmeric rhizome powder,306.8,3.0,37.4,2.8,0.0,10.6,22.9,0,0,0,0,0,99,Low Risk
890533408101,Fried Street-Style Savory Mix #903,Snacks,"refined flour, re-used palm oil, metanil yellow, excess salt, msg",587.3,1.5,1282.5,20.1,3.42,5.8,1.0,6,2,0,2,1,5,High Risk
890982179030,Greek Plain Yogurt #904,Dairy,"cultured pasteurized nonfat milk, live active cultures",65.0,3.1,36.8,0.4,0.0,9.9,0.0,0,0,0,0,0,99,Low Risk
890384987565,Standard Processed Cheese #905,Dairy,"milk, salt, cheese cultures, enzymes, sodium phosphate, annatto",319.5,1.1,1282.2,24.1,0.46,16.9,0.0,3,1,0,1,0,50,Moderate Risk
890143845693,Oat & Honey Granola Bar #906,Bakery & Confectionery,"rolled oats, honey, almonds, crisped rice, sunflower oil, salt",355.0,14.4,162.6,2.3,0.0,7.9,5.4,0,0,0,0,0,99,Low Risk
890624505731,Oat & Honey Granola Bar #907,Bakery & Confectionery,"rolled oats, honey, almonds, crisped rice, sunflower oil, salt",457.1,17.9,164.3,2.2,0.0,9.0,6.0,0,0,0,0,0,99,Low Risk
890949571710,100% Whole Wheat Sourdough #908,Bakery & Confectionery,"whole wheat flour, water, sourdough culture, sea salt",273.9,1.5,458.0,0.5,0.0,10.2,5.7,0,0,0,0,0,99,Low Risk
890988235413,Adulterated Butter with Animal Fat & Starch #909,Dairy,"milk fat, animal tallow, starch, yellow dye 5, preservative",679.3,0.6,700.4,61.7,4.09,0.5,0.0,4,1,0,2,1,5,High Risk
890485495939,Fried Street-Style Savory Mix #910,Snacks,"refined flour, re-used palm oil, metanil yellow, excess salt, msg",524.9,1.5,1598.7,24.6,3.51,6.5,1.0,6,2,0,2,1,5,High Risk
890874104606,Adulterated Mustard Oil with Argemone #911,Spices & Condiments,"mustard oil, argemone oil, mineral oil, butter yellow dye",802.9,0.0,5.5,14.3,1.43,0.0,0.0,3,1,0,0,1,14,High Risk
890568620117,Standard Processed Cheese #912,Dairy,"milk, salt, cheese cultures, enzymes, sodium phosphate, annatto",328.9,1.3,1214.9,22.1,0.5,17.6,0.0,3,1,0,1,0,53,Moderate Risk
890291722211,Low-Cost Synthetic Fruit Drink #913,Beverages,"water, invert sugar syrup, metanil yellow, citric acid, clouding agent, artificial mango flavor, potassium metabisulphite",59.8,12.6,49.4,0.0,0.0,0.0,0.0,6,2,0,2,1,21,High Risk
890431105355,Whole Cow Milk #914,Dairy,"milk, vitamin d3",62.6,5.1,49.0,3.1,0.0,3.4,0.0,0,0,0,0,0,99,Low Risk
890609867048,Pure Green Tea Bag #915,Beverages,100% organic green tea leaves,1.1,0.0,1.1,0.0,0.0,0.2,0.0,0,0,0,0,0,99,Low Risk
890224922407,Instant Fried Noodles #916,Snacks,"wheat flour, palm oil, salt, guar gum, flavor enhancer 621, caramel iv, sodium polyphosphate",440.1,2.4,1539.1,10.7,0.41,9.4,2.5,5,1,0,2,0,47,Moderate Risk
890813858843,Organic Trail Mix #917,Snacks,"almonds, walnuts, raisins, sunflower seeds, pumpkin seeds",520.1,16.2,15.8,3.8,0.0,16.5,7.9,0,0,0,0,0,99,Low Risk
890213607061,Commercial Tomato Ketchup #918,Spices & Condiments,"tomato paste, sugar, distilled vinegar, salt, onion powder, sodium benzoate, potassium sorbate, pectin",107.0,23.8,824.1,0.1,0.0,1.5,1.6,3,0,0,2,0,64,Moderate Risk
890380351504,Adulterated Mustard Oil with Argemone #919,Spices & Condiments,"mustard oil, argemone oil, mineral oil, butter yellow dye",900.4,0.0,5.9,11.6,1.71,0.0,0.0,3,1,0,0,1,12,High Risk
890182775884,Pure Extra Virgin Olive Oil #920,Spices & Condiments,100% extra virgin cold pressed olive oil,942.1,0.0,2.0,12.4,0.0,0.0,0.0,0,0,0,0,0,93,Low Risk
890922156369,Dark Chocolate 85% #921,Bakery & Confectionery,"cocoa mass, cocoa butter, cane sugar, vanilla beans",627.3,14.8,14.1,32.6,0.0,8.1,10.7,0,0,0,0,0,88,Low Risk
890593330721,100% Whole Wheat Sourdough #922,Bakery & Confectionery,"whole wheat flour, water, sourdough culture, sea salt",240.3,1.7,471.3,0.4,0.0,10.1,6.0,0,0,0,0,0,99,Low Risk
890822158577,Cream-Filled Sandwich Cookies #923,Bakery & Confectionery,"refined wheat flour, sugar, hydrogenated palm oil, cocoa, high fructose corn syrup, soy lecithin, vanillin, artificial chocolate flavor, tbhq",497.4,32.6,311.3,9.3,1.86,4.4,1.8,5,0,0,2,1,5,High Risk
890255140064,Synthetic Milk Sample #924,Dairy,"urea, detergent, refined vegetable oil, caustic soda, water",186.0,0.4,794.6,13.8,4.32,1.2,0.0,5,0,0,3,1,5,High Risk
890601760144,Adulterated Low-Cost Paneer #925,Dairy,"milk solids, vegetable oil, starch, sulfuric acid trace, detergent trace",254.8,3.6,516.1,21.0,2.78,8.2,0.0,4,0,0,2,1,5,High Risk
890441661321,Adulterated Chilli Powder with Sudan Dye #926,Spices & Condiments,"red chilli powder, brick powder trace, sudan i dye, salt, mineral oil",271.2,4.4,610.6,4.4,0.0,6.5,14.9,4,1,0,0,1,50,High Risk
890170634100,Flavored Fruit Yogurt #927,Dairy,"milk, sugar, strawberries, modified corn starch, carmine color, potassium sorbate",118.4,17.8,57.0,1.4,0.0,3.8,0.5,3,1,0,1,0,77,Moderate Risk
890298544051,100% Whole Wheat Sourdough #928,Bakery & Confectionery,"whole wheat flour, water, sourdough culture, sea salt",226.9,1.5,382.8,0.5,0.0,10.6,6.0,0,0,0,0,0,99,Low Risk
890430931131,Organic Trail Mix #929,Snacks,"almonds, walnuts, raisins, sunflower seeds, pumpkin seeds",437.8,16.8,15.3,4.2,0.0,13.8,7.6,0,0,0,0,0,99,Low Risk
890307903946,Flavored Fruit Yogurt #930,Dairy,"milk, sugar, strawberries, modified corn starch, carmine color, potassium sorbate",105.0,17.8,59.8,1.6,0.0,3.9,0.5,3,1,0,1,0,77,Moderate Risk
890266596665,Industrial White Sandwich Bread #931,Bakery & Confectionery,"refined wheat flour, sugar, yeast, palm oil, calcium propionate, emulsifier 481, flour treatment agent 300",284.9,4.3,587.9,1.4,0.02,8.0,2.1,4,0,0,2,0,82,Moderate Risk
890637198077,Pure Ground Turmeric Powder #932,Spices & Condiments,100% turmeric rhizome powder,283.0,3.3,41.7,2.8,0.0,10.7,20.3,0,0,0,0,0,99,Low Risk
890170197212,Pure Extra Virgin Olive Oil #933,Spices & Condiments,100% extra virgin cold pressed olive oil,949.2,0.0,2.1,15.6,0.0,0.0,0.0,0,0,0,0,0,89,Low Risk
890440629939,Synthetic Milk Sample #934,Dairy,"urea, detergent, refined vegetable oil, caustic soda, water",169.7,0.6,877.5,15.2,4.27,1.3,0.0,5,0,0,3,1,5,High Risk
890965035135,Adulterated Butter with Animal Fat & Starch #935,Dairy,"milk fat, animal tallow, starch, yellow dye 5, preservative",731.0,0.5,543.9,51.9,3.97,0.5,0.0,4,1,0,2,1,5,High Risk
890154547816,Synthetic Colored Hard Candies #936,Bakery & Confectionery,"sugar, liquid glucose, allura red, brilliant blue fcf, tartrazine, artificial fruit flavor, citric acid",401.8,72.3,89.3,0.0,0.0,0.0,0.0,5,3,0,1,1,5,High Risk
890330097543,Pure Red Chilli Powder #937,Spices & Condiments,100% dried red chillies,277.7,8.5,35.6,3.8,0.0,11.0,28.8,0,0,0,0,0,99,Low Risk
890484588251,Fresh Butter #938,Dairy,"pasteurized cream, salt",648.7,0.1,633.0,50.3,0.0,0.8,0.0,0,0,0,0,0,77,Moderate Risk
890516421535,Low-Cost Synthetic Fruit Drink #939,Beverages,"water, invert sugar syrup, metanil yellow, citric acid, clouding agent, artificial mango flavor, potassium metabisulphite",59.1,13.2,40.9,0.0,0.0,0.0,0.0,6,2,0,2,1,20,High Risk
890591861383,Synthetic Milk Sample #940,Dairy,"urea, detergent, refined vegetable oil, caustic soda, water",187.9,0.5,839.9,16.5,4.29,1.2,0.0,5,0,0,3,1,5,High Risk
890184169639,Organic Trail Mix #941,Snacks,"almonds, walnuts, raisins, sunflower seeds, pumpkin seeds",538.0,16.9,14.9,3.7,0.0,15.3,7.6,0,0,0,0,0,99,Low Risk
890271981116,Pure Red Chilli Powder #942,Spices & Condiments,100% dried red chillies,286.6,6.4,31.3,3.7,0.0,11.5,24.5,0,0,0,0,0,99,Low Risk
890963538279,Cream-Filled Sandwich Cookies #943,Bakery & Confectionery,"refined wheat flour, sugar, hydrogenated palm oil, cocoa, high fructose corn syrup, soy lecithin, vanillin, artificial chocolate flavor, tbhq",494.6,37.1,344.2,10.3,1.94,4.8,2.0,5,0,0,2,1,5,High Risk
890474339767,Standard Processed Cheese #944,Dairy,"milk, salt, cheese cultures, enzymes, sodium phosphate, annatto",333.8,1.0,1077.3,23.4,0.61,17.7,0.0,3,1,0,1,0,45,Moderate Risk
890834789709,Organic Trail Mix #945,Snacks,"almonds, walnuts, raisins, sunflower seeds, pumpkin seeds",469.4,20.1,16.6,4.2,0.0,15.8,7.5,0,0,0,0,0,99,Moderate Risk
890630869875,Oat & Honey Granola Bar #946,Bakery & Confectionery,"rolled oats, honey, almonds, crisped rice, sunflower oil, salt",364.9,16.1,213.3,2.3,0.0,8.8,5.7,0,0,0,0,0,99,Low Risk
890711458188,Flavored Fruit Yogurt #947,Dairy,"milk, sugar, strawberries, modified corn starch, carmine color, potassium sorbate",115.5,15.8,73.9,1.5,0.0,3.6,0.5,3,1,0,1,0,79,Moderate Risk
890527269438,Pure Ground Turmeric Powder #948,Spices & Condiments,100% turmeric rhizome powder,286.0,3.3,43.6,2.4,0.0,9.0,21.5,0,0,0,0,0,99,Low Risk
890774140520,Cream-Filled Sandwich Cookies #949,Bakery & Confectionery,"refined wheat flour, sugar, hydrogenated palm oil, cocoa, high fructose corn syrup, soy lecithin, vanillin, artificial chocolate flavor, tbhq",416.1,42.4,315.7,10.2,1.93,4.9,1.8,5,0,0,2,1,5,High Risk
890960002127,Roasted Chickpeas #950,Snacks,"chickpeas, olive oil, sea salt",361.5,2.3,260.4,1.1,0.0,20.7,18.6,0,0,0,0,0,99,Low Risk
890898746363,Baked Whole Grain Crackers #951,Snacks,"whole wheat flour, canola oil, sea salt, malt extract",416.1,2.3,451.2,2.0,0.0,8.6,6.8,0,0,0,0,0,99,Low Risk
890735297145,Instant Fried Noodles #952,Snacks,"wheat flour, palm oil, salt, guar gum, flavor enhancer 621, caramel iv, sodium polyphosphate",511.7,3.2,1703.1,11.0,0.61,9.8,2.4,5,1,0,2,0,37,High Risk
890499489577,Low-Cost Synthetic Fruit Drink #953,Beverages,"water, invert sugar syrup, metanil yellow, citric acid, clouding agent, artificial mango flavor, potassium metabisulphite",58.7,14.8,50.4,0.0,0.0,0.0,0.0,6,2,0,2,1,19,High Risk
890419004128,Greek Plain Yogurt #954,Dairy,"cultured pasteurized nonfat milk, live active cultures",62.7,3.5,39.4,0.4,0.0,9.4,0.0,0,0,0,0,0,99,Low Risk
890482477766,Extruded Spicy Puffs #955,Snacks,"corn meal, palm olein, maltodextrin, sunset yellow fcf, tartrazine, tbhq, msg, artificial flavors",537.1,4.3,1358.6,15.8,1.44,4.5,1.4,7,2,0,2,1,5,High Risk
890628358351,Dark Chocolate 85% #956,Bakery & Confectionery,"cocoa mass, cocoa butter, cane sugar, vanilla beans",603.3,14.9,16.8,27.6,0.0,9.1,11.5,0,0,0,0,0,89,Low Risk
890673936258,Cream-Filled Sandwich Cookies #957,Bakery & Confectionery,"refined wheat flour, sugar, hydrogenated palm oil, cocoa, high fructose corn syrup, soy lecithin, vanillin, artificial chocolate flavor, tbhq",426.9,37.1,350.7,10.1,1.92,4.5,2.1,5,0,0,2,1,5,High Risk
890848089893,Fried Street-Style Savory Mix #958,Snacks,"refined flour, re-used palm oil, metanil yellow, excess salt, msg",594.5,1.3,1602.3,26.2,3.62,5.7,0.9,6,2,0,2,1,5,High Risk
890866832583,Adulterated Mustard Oil with Argemone #959,Spices & Condiments,"mustard oil, argemone oil, mineral oil, butter yellow dye",828.5,0.0,4.7,12.7,1.47,0.0,0.0,3,1,0,0,1,15,High Risk
890489974000,Processed Nacho Chips #960,Snacks,"corn, vegetable fat, whey powder, disodium guanylate, artificial cheese flavor, yellow 6 lake",528.1,1.9,848.0,10.9,0.84,6.7,4.2,5,1,0,1,0,51,Moderate Risk
890391997914,Commercial Potato Crisps #961,Snacks,"potatoes, palm oil, salt, monosodium glutamate, flavor enhancer 635, dextrose",551.5,0.9,641.7,13.1,0.48,6.9,3.3,4,0,0,1,0,77,Moderate Risk
890686149326,Instant Fried Noodles #962,Snacks,"wheat flour, palm oil, salt, guar gum, flavor enhancer 621, caramel iv, sodium polyphosphate",465.0,2.9,1827.9,9.6,0.44,9.7,2.5,5,1,0,2,0,52,Moderate Risk
890944074407,Adulterated Butter with Animal Fat & Starch #963,Dairy,"milk fat, animal tallow, starch, yellow dye 5, preservative",746.0,0.6,688.3,54.4,4.0,0.5,0.0,4,1,0,2,1,5,High Risk
890241188798,Greek Plain Yogurt #964,Dairy,"cultured pasteurized nonfat milk, live active cultures",53.5,3.7,41.7,0.4,0.0,9.4,0.0,0,0,0,0,0,99,Low Risk
890611482720,Adulterated Turmeric with Metanil Yellow #965,Spices & Condiments,"turmeric powder, lead chromate trace, chalk powder, metanil yellow color",261.2,2.2,209.5,1.4,0.0,5.3,13.2,3,1,0,0,1,57,High Risk
890910525541,Pure Ground Turmeric Powder #966,Spices & Condiments,100% turmeric rhizome powder,355.3,2.9,39.2,3.2,0.0,8.8,22.2,0,0,0,0,0,99,Low Risk
890370549011,Instant Fried Noodles #967,Snacks,"wheat flour, palm oil, salt, guar gum, flavor enhancer 621, caramel iv, sodium polyphosphate",421.5,2.5,1810.2,9.6,0.41,10.1,2.3,5,1,0,2,0,52,Moderate Risk
890228222465,Pure Extra Virgin Olive Oil #968,Spices & Condiments,100% extra virgin cold pressed olive oil,849.0,0.0,2.0,13.1,0.0,0.0,0.0,0,0,0,0,0,92,Low Risk
890652875399,Carbonated Cola Drink #969,Beverages,"carbonated water, high fructose corn syrup, caramel color iv, phosphoric acid, caffeine, artificial flavors",38.7,11.6,12.0,0.0,0.0,0.0,0.0,4,1,0,1,0,77,Moderate Risk
890198300246,Pure Ground Turmeric Powder #970,Spices & Condiments,100% turmeric rhizome powder,329.6,3.3,42.4,2.6,0.0,8.8,21.3,0,0,0,0,0,99,Low Risk
890733953210,Pure Extra Virgin Olive Oil #971,Spices & Condiments,100% extra virgin cold pressed olive oil,916.1,0.0,2.4,14.0,0.0,0.0,0.0,0,0,0,0,0,91,Low Risk
890969348268,Adulterated Low-Cost Paneer #972,Dairy,"milk solids, vegetable oil, starch, sulfuric acid trace, detergent trace",275.4,3.7,408.9,21.3,2.49,9.1,0.0,4,0,0,2,1,5,High Risk
890688612005,Oat & Honey Granola Bar #973,Bakery & Confectionery,"rolled oats, honey, almonds, crisped rice, sunflower oil, salt",417.7,16.4,202.3,2.5,0.0,8.1,6.0,0,0,0,0,0,99,Low Risk
890563600327,Skimmed Milk #974,Dairy,"skimmed milk, vitamin a, vitamin d3",35.8,5.6,57.5,0.2,0.0,3.7,0.0,0,0,0,0,0,99,Low Risk
890670516584,Commercial Tomato Ketchup #975,Spices & Condiments,"tomato paste, sugar, distilled vinegar, salt, onion powder, sodium benzoate, potassium sorbate, pectin",131.7,28.7,1083.4,0.1,0.0,1.3,1.6,3,0,0,2,0,55,Moderate Risk
890699775947,Commercial Tomato Ketchup #976,Spices & Condiments,"tomato paste, sugar, distilled vinegar, salt, onion powder, sodium benzoate, potassium sorbate, pectin",124.9,20.9,998.1,0.1,0.0,1.4,1.6,3,0,0,2,0,63,Moderate Risk
890324474646,Fresh Butter #977,Dairy,"pasteurized cream, salt",729.1,0.1,538.0,50.6,0.0,0.9,0.0,0,0,0,0,0,78,Low Risk
890866341001,Baked Whole Grain Crackers #978,Snacks,"whole wheat flour, canola oil, sea salt, malt extract",399.3,2.8,377.0,1.7,0.0,9.4,7.7,0,0,0,0,0,99,Low Risk
890187957211,Greek Plain Yogurt #979,Dairy,"cultured pasteurized nonfat milk, live active cultures",63.4,3.9,37.7,0.3,0.0,10.2,0.0,0,0,0,0,0,99,Low Risk
890264738458,Energy Drink with High Caffeine #980,Beverages,"carbonated water, sucrose, glucose, taurine, caffeine, inositol, niacinamide, pyridoxine, color e133, sodium benzoate",43.3,13.2,72.7,0.0,0.0,0.4,0.0,6,1,0,2,0,66,Moderate Risk
890856878686,Flavored Fruit Yogurt #981,Dairy,"milk, sugar, strawberries, modified corn starch, carmine color, potassium sorbate",106.3,18.0,56.3,1.5,0.0,3.7,0.5,3,1,0,1,0,77,Moderate Risk
890575878392,Instant Fried Noodles #982,Snacks,"wheat flour, palm oil, salt, guar gum, flavor enhancer 621, caramel iv, sodium polyphosphate",505.0,2.7,2055.2,11.7,0.47,8.7,2.6,5,1,0,2,0,45,Moderate Risk
890851655255,Pure Extra Virgin Olive Oil #983,Spices & Condiments,100% extra virgin cold pressed olive oil,940.8,0.0,1.7,13.4,0.0,0.0,0.0,0,0,0,0,0,92,Low Risk
890367248854,Adulterated Chilli Powder with Sudan Dye #984,Spices & Condiments,"red chilli powder, brick powder trace, sudan i dye, salt, mineral oil",270.9,4.4,699.5,4.4,0.0,6.0,14.0,4,1,0,0,1,49,High Risk
890523359186,Low-Cost Synthetic Fruit Drink #985,Beverages,"water, invert sugar syrup, metanil yellow, citric acid, clouding agent, artificial mango flavor, potassium metabisulphite",57.7,17.1,46.0,0.0,0.0,0.0,0.0,6,2,0,2,1,17,High Risk
890377545044,Adulterated Mustard Oil with Argemone #986,Spices & Condiments,"mustard oil, argemone oil, mineral oil, butter yellow dye",802.4,0.0,5.5,12.3,1.65,0.0,0.0,3,1,0,0,1,12,High Risk
890204802170,Cream-Filled Sandwich Cookies #987,Bakery & Confectionery,"refined wheat flour, sugar, hydrogenated palm oil, cocoa, high fructose corn syrup, soy lecithin, vanillin, artificial chocolate flavor, tbhq",549.7,40.3,385.4,9.3,1.74,4.5,2.1,5,0,0,2,1,5,High Risk
890169661945,Pure Red Chilli Powder #988,Spices & Condiments,100% dried red chillies,349.1,8.4,29.5,3.6,0.0,12.4,27.0,0,0,0,0,0,99,Low Risk
890198148269,Carbonated Cola Drink #989,Beverages,"carbonated water, high fructose corn syrup, caramel color iv, phosphoric acid, caffeine, artificial flavors",40.8,11.1,11.2,0.0,0.0,0.0,0.0,4,1,0,1,0,77,Moderate Risk
890790765621,Diet Soda with Multiple Sweeteners #990,Beverages,"carbonated water, aspartame, acesulfame potassium, caramel iv, sodium benzoate, phosphoric acid",1.0,0.0,41.6,0.0,0.0,0.0,0.0,5,1,2,1,0,66,Moderate Risk
890363647110,Whole Cow Milk #991,Dairy,"milk, vitamin d3",65.6,4.8,39.6,2.9,0.0,3.0,0.0,0,0,0,0,0,99,Low Risk
890138644748,Processed Nacho Chips #992,Snacks,"corn, vegetable fat, whey powder, disodium guanylate, artificial cheese flavor, yellow 6 lake",491.9,2.2,1014.2,11.1,0.87,6.6,3.7,5,1,0,1,0,47,Moderate Risk
890634953470,Fresh Butter #993,Dairy,"pasteurized cream, salt",797.4,0.1,594.7,50.7,0.0,1.0,0.0,0,0,0,0,0,77,Low Risk
890938582489,Commercial Tomato Ketchup #994,Spices & Condiments,"tomato paste, sugar, distilled vinegar, salt, onion powder, sodium benzoate, potassium sorbate, pectin",130.4,27.9,1126.7,0.1,0.0,1.5,1.6,3,0,0,2,0,55,Moderate Risk
890477830969,Pure Ground Turmeric Powder #995,Spices & Condiments,100% turmeric rhizome powder,303.0,2.7,38.1,2.5,0.0,9.1,21.7,0,0,0,0,0,99,Low Risk
890811278984,Pure Extra Virgin Olive Oil #996,Spices & Condiments,100% extra virgin cold pressed olive oil,961.5,0.0,2.4,12.5,0.0,0.0,0.0,0,0,0,0,0,92,Low Risk
890802857375,Pure Green Tea Bag #997,Beverages,100% organic green tea leaves,1.0,0.0,1.1,0.0,0.0,0.2,0.0,0,0,0,0,0,99,Low Risk
890682049299,Cold Pressed Orange Juice #998,Beverages,100% freshly pressed oranges,41.7,8.1,1.8,0.1,0.0,0.6,1.6,0,0,0,0,0,99,Low Risk
890631328858,Coconut Water 100% Pure #999,Beverages,pure tender coconut water,16.6,3.7,22.5,0.1,0.0,0.6,1.1,0,0,0,0,0,99,Low Risk
890988211891,Dark Chocolate 85% #1000,Bakery & Confectionery,"cocoa mass, cocoa butter, cane sugar, vanilla beans",616.8,14.8,13.7,27.1,0.0,9.3,11.7,0,0,0,0,0,89,Low Risk
890655159428,Diet Soda with Multiple Sweeteners #1001,Beverages,"carbonated water, aspartame, acesulfame potassium, caramel iv, sodium benzoate, phosphoric acid",1.0,0.0,38.2,0.0,0.0,0.0,0.0,5,1,2,1,0,66,Moderate Risk
890835115498,Adulterated Butter with Animal Fat & Starch #1002,Dairy,"milk fat, animal tallow, starch, yellow dye 5, preservative",665.0,0.5,610.4,52.9,3.99,0.5,0.0,4,1,0,2,1,5,High Risk
890697594912,Diet Soda with Multiple Sweeteners #1003,Beverages,"carbonated water, aspartame, acesulfame potassium, caramel iv, sodium benzoate, phosphoric acid",1.1,0.0,32.9,0.0,0.0,0.0,0.0,5,1,2,1,0,66,Moderate Risk
890373711937,100% Whole Wheat Sourdough #1004,Bakery & Confectionery,"whole wheat flour, water, sourdough culture, sea salt",206.6,1.4,462.3,0.5,0.0,10.5,5.8,0,0,0,0,0,99,Low Risk
890560452553,Processed Nacho Chips #1005,Snacks,"corn, vegetable fat, whey powder, disodium guanylate, artificial cheese flavor, yellow 6 lake",511.3,1.9,939.1,9.1,0.9,6.4,4.2,5,1,0,1,0,54,Moderate Risk
890393597424,Oat & Honey Granola Bar #1006,Bakery & Confectionery,"rolled oats, honey, almonds, crisped rice, sunflower oil, salt",426.0,16.0,195.9,2.3,0.0,9.2,5.2,0,0,0,0,0,99,Low Risk
890281473793,Coconut Water 100% Pure #1007,Beverages,pure tender coconut water,19.3,3.7,26.2,0.1,0.0,0.6,1.1,0,0,0,0,0,99,Low Risk
890278992124,Roasted Chickpeas #1008,Snacks,"chickpeas, olive oil, sea salt",319.5,1.9,304.5,1.4,0.0,17.8,15.4,0,0,0,0,0,99,Low Risk
890371593245,Oat & Honey Granola Bar #1009,Bakery & Confectionery,"rolled oats, honey, almonds, crisped rice, sunflower oil, salt",379.6,14.5,154.5,2.4,0.0,8.3,5.2,0,0,0,0,0,99,Low Risk
890165281510,Greek Plain Yogurt #1010,Dairy,"cultured pasteurized nonfat milk, live active cultures",55.1,3.3,33.8,0.4,0.0,9.1,0.0,0,0,0,0,0,99,Low Risk
890713432034,Extruded Spicy Puffs #1011,Snacks,"corn meal, palm olein, maltodextrin, sunset yellow fcf, tartrazine, tbhq, msg, artificial flavors",486.6,5.0,1278.1,19.5,1.18,4.8,1.6,7,2,0,2,1,5,High Risk
890666689826,Cottage Cheese (Paneer) #1012,Dairy,"pasteurized milk, citric acid",301.8,1.3,24.2,19.9,0.0,19.1,0.0,0,0,0,0,0,93,Low Risk
890501393007,Adulterated Mustard Oil with Argemone #1013,Spices & Condiments,"mustard oil, argemone oil, mineral oil, butter yellow dye",774.8,0.0,4.4,10.5,1.79,0.0,0.0,3,1,0,0,1,12,High Risk
890910914472,Adulterated Low-Cost Paneer #1014,Dairy,"milk solids, vegetable oil, starch, sulfuric acid trace, detergent trace",267.9,4.2,546.7,16.9,2.46,9.6,0.0,4,0,0,2,1,5,High Risk
890105252380,100% Whole Wheat Sourdough #1015,Bakery & Confectionery,"whole wheat flour, water, sourdough culture, sea salt",213.9,1.5,383.6,0.5,0.0,10.6,5.7,0,0,0,0,0,99,Low Risk
890434501127,Greek Plain Yogurt #1016,Dairy,"cultured pasteurized nonfat milk, live active cultures",56.0,4.3,35.8,0.5,0.0,9.8,0.0,0,0,0,0,0,99,Low Risk
890603150144,Oat & Honey Granola Bar #1017,Bakery & Confectionery,"rolled oats, honey, almonds, crisped rice, sunflower oil, salt",391.1,14.5,178.9,2.1,0.0,8.3,5.8,0,0,0,0,0,99,Low Risk
890561146042,Instant Fried Noodles #1018,Snacks,"wheat flour, palm oil, salt, guar gum, flavor enhancer 621, caramel iv, sodium polyphosphate",483.6,2.4,1911.3,11.3,0.57,8.3,2.5,5,1,0,2,0,37,High Risk
890773882519,Adulterated Chilli Powder with Sudan Dye #1019,Spices & Condiments,"red chilli powder, brick powder trace, sudan i dye, salt, mineral oil",300.8,3.9,658.8,4.4,0.0,6.2,15.2,4,1,0,0,1,50,High Risk
890955827228,Diet Soda with Multiple Sweeteners #1020,Beverages,"carbonated water, aspartame, acesulfame potassium, caramel iv, sodium benzoate, phosphoric acid",1.1,0.0,34.1,0.0,0.0,0.0,0.0,5,1,2,1,0,66,Moderate Risk
890550338878,Cold Pressed Orange Juice #1021,Beverages,100% freshly pressed oranges,51.3,8.2,2.0,0.1,0.0,0.7,1.5,0,0,0,0,0,99,Low Risk
890460156602,Adulterated Chilli Powder with Sudan Dye #1022,Spices & Condiments,"red chilli powder, brick powder trace, sudan i dye, salt, mineral oil",321.7,3.9,644.4,3.9,0.0,6.3,13.6,4,1,0,0,1,50,High Risk
890889317994,Pure Red Chilli Powder #1023,Spices & Condiments,100% dried red chillies,304.9,7.6,35.6,3.5,0.0,13.0,27.0,0,0,0,0,0,99,Low Risk
890846970958,Oat & Honey Granola Bar #1024,Bakery & Confectionery,"rolled oats, honey, almonds, crisped rice, sunflower oil, salt",463.1,16.4,188.9,2.3,0.0,8.6,5.2,0,0,0,0,0,99,Low Risk
890113292231,Diet Soda with Multiple Sweeteners #1025,Beverages,"carbonated water, aspartame, acesulfame potassium, caramel iv, sodium benzoate, phosphoric acid",0.9,0.0,37.9,0.0,0.0,0.0,0.0,5,1,2,1,0,66,Moderate Risk
890640378743,Instant Fried Noodles #1026,Snacks,"wheat flour, palm oil, salt, guar gum, flavor enhancer 621, caramel iv, sodium polyphosphate",491.0,2.5,1647.5,10.6,0.43,9.6,2.5,5,1,0,2,0,47,Moderate Risk
890688883431,Cold Pressed Orange Juice #1027,Beverages,100% freshly pressed oranges,43.9,8.9,2.4,0.1,0.0,0.7,1.4,0,0,0,0,0,99,Low Risk
890418611916,Cold Pressed Orange Juice #1028,Beverages,100% freshly pressed oranges,47.9,8.3,2.0,0.1,0.0,0.7,1.4,0,0,0,0,0,99,Low Risk
890464194388,Adulterated Butter with Animal Fat & Starch #1029,Dairy,"milk fat, animal tallow, starch, yellow dye 5, preservative",754.4,0.6,722.1,59.8,3.84,0.5,0.0,4,1,0,2,1,5,High Risk
890397226800,Commercial Tomato Ketchup #1030,Spices & Condiments,"tomato paste, sugar, distilled vinegar, salt, onion powder, sodium benzoate, potassium sorbate, pectin",118.4,25.7,1048.9,0.1,0.0,1.3,1.4,3,0,0,2,0,59,Moderate Risk
890886380313,Whole Cow Milk #1031,Dairy,"milk, vitamin d3",66.6,4.7,38.9,3.5,0.0,3.2,0.0,0,0,0,0,0,99,Low Risk
890890116596,Energy Drink with High Caffeine #1032,Beverages,"carbonated water, sucrose, glucose, taurine, caffeine, inositol, niacinamide, pyridoxine, color e133, sodium benzoate",44.7,11.9,88.7,0.0,0.0,0.4,0.0,6,1,0,2,0,67,Moderate Risk
890406232448,Commercial Tomato Ketchup #1033,Spices & Condiments,"tomato paste, sugar, distilled vinegar, salt, onion powder, sodium benzoate, potassium sorbate, pectin",131.2,22.3,908.1,0.1,0.0,1.5,1.5,3,0,0,2,0,63,Moderate Risk
890832727433,Baked Whole Grain Crackers #1034,Snacks,"whole wheat flour, canola oil, sea salt, malt extract",434.6,2.6,433.5,1.7,0.0,9.1,7.1,0,0,0,0,0,99,Low Risk
890282205869,Oat & Honey Granola Bar #1035,Bakery & Confectionery,"rolled oats, honey, almonds, crisped rice, sunflower oil, salt",437.9,15.0,191.0,2.6,0.0,8.3,5.6,0,0,0,0,0,99,Low Risk
890595816446,Whole Cow Milk #1036,Dairy,"milk, vitamin d3",70.4,5.2,50.3,3.8,0.0,3.2,0.0,0,0,0,0,0,99,Low Risk
890628503096,Cold Pressed Orange Juice #1037,Beverages,100% freshly pressed oranges,49.6,9.6,2.0,0.1,0.0,0.7,1.4,0,0,0,0,0,99,Low Risk
890720548843,100% Whole Wheat Sourdough #1038,Bakery & Confectionery,"whole wheat flour, water, sourdough culture, sea salt",267.5,1.3,426.6,0.5,0.0,11.2,5.8,0,0,0,0,0,99,Low Risk
890366884295,Extruded Spicy Puffs #1039,Snacks,"corn meal, palm olein, maltodextrin, sunset yellow fcf, tartrazine, tbhq, msg, artificial flavors",605.3,4.6,1446.4,15.8,1.3,5.3,1.6,7,2,0,2,1,5,High Risk
890256414168,Pure Green Tea Bag #1040,Beverages,100% organic green tea leaves,1.1,0.0,1.0,0.0,0.0,0.2,0.0,0,0,0,0,0,99,Low Risk
890970163755,Pure Green Tea Bag #1041,Beverages,100% organic green tea leaves,1.1,0.0,1.0,0.0,0.0,0.2,0.0,0,0,0,0,0,99,Low Risk
890415306902,Adulterated Chilli Powder with Sudan Dye #1042,Spices & Condiments,"red chilli powder, brick powder trace, sudan i dye, salt, mineral oil",268.8,4.5,704.1,4.2,0.0,6.6,12.8,4,1,0,0,1,49,High Risk
890296263098,Adulterated Low-Cost Paneer #1043,Dairy,"milk solids, vegetable oil, starch, sulfuric acid trace, detergent trace",301.6,3.9,545.5,18.1,2.62,8.6,0.0,4,0,0,2,1,5,High Risk
890819480152,Greek Plain Yogurt #1044,Dairy,"cultured pasteurized nonfat milk, live active cultures",60.8,4.2,31.8,0.4,0.0,10.8,0.0,0,0,0,0,0,99,Low Risk
890610667273,Low-Cost Synthetic Fruit Drink #1045,Beverages,"water, invert sugar syrup, metanil yellow, citric acid, clouding agent, artificial mango flavor, potassium metabisulphite",58.1,14.7,51.2,0.0,0.0,0.0,0.0,6,2,0,2,1,19,High Risk
890653208488,Cream-Filled Sandwich Cookies #1046,Bakery & Confectionery,"refined wheat flour, sugar, hydrogenated palm oil, cocoa, high fructose corn syrup, soy lecithin, vanillin, artificial chocolate flavor, tbhq",505.2,45.1,369.0,11.1,1.92,4.1,2.0,5,0,0,2,1,5,High Risk
890904734330,Dark Chocolate 85% #1047,Bakery & Confectionery,"cocoa mass, cocoa butter, cane sugar, vanilla beans",565.0,15.6,17.9,24.1,0.0,8.3,11.1,0,0,0,0,0,89,Low Risk
890925173311,100% Whole Wheat Sourdough #1048,Bakery & Confectionery,"whole wheat flour, water, sourdough culture, sea salt",206.5,1.6,488.9,0.6,0.0,11.5,6.4,0,0,0,0,0,99,Low Risk
890168974012,Commercial Potato Crisps #1049,Snacks,"potatoes, palm oil, salt, monosodium glutamate, flavor enhancer 635, dextrose",580.2,0.9,673.2,10.7,0.56,6.2,3.2,4,0,0,1,0,70,Moderate Risk
890925700948,Low-Cost Synthetic Fruit Drink #1050,Beverages,"water, invert sugar syrup, metanil yellow, citric acid, clouding agent, artificial mango flavor, potassium metabisulphite",54.3,13.9,43.0,0.0,0.0,0.0,0.0,6,2,0,2,1,20,High Risk
890910935053,Flavored Fruit Yogurt #1051,Dairy,"milk, sugar, strawberries, modified corn starch, carmine color, potassium sorbate",123.4,17.8,55.6,1.5,0.0,4.4,0.5,3,1,0,1,0,77,Moderate Risk
890431987043,Fried Street-Style Savory Mix #1052,Snacks,"refined flour, re-used palm oil, metanil yellow, excess salt, msg",588.4,1.4,1297.5,23.5,3.71,5.6,0.9,6,2,0,2,1,5,High Risk
890363862987,Fried Street-Style Savory Mix #1053,Snacks,"refined flour, re-used palm oil, metanil yellow, excess salt, msg",529.1,1.7,1604.1,25.7,3.6,6.5,0.9,6,2,0,2,1,5,High Risk
890336640818,Industrial White Sandwich Bread #1054,Bakery & Confectionery,"refined wheat flour, sugar, yeast, palm oil, calcium propionate, emulsifier 481, flour treatment agent 300",231.1,4.7,455.0,1.2,0.37,7.3,1.8,4,0,0,2,0,84,Moderate Risk
890977806415,Commercial Potato Crisps #1055,Snacks,"potatoes, palm oil, salt, monosodium glutamate, flavor enhancer 635, dextrose",528.5,0.7,808.8,10.6,0.38,7.1,3.1,4,0,0,1,0,73,Moderate Risk
890135284333,Commercial Potato Crisps #1056,Snacks,"potatoes, palm oil, salt, monosodium glutamate, flavor enhancer 635, dextrose",474.0,0.8,655.8,11.1,0.52,6.9,3.0,4,0,0,1,0,70,Moderate Risk
890190856922,Baked Whole Grain Crackers #1057,Snacks,"whole wheat flour, canola oil, sea salt, malt extract",383.8,2.7,334.6,2.1,0.0,8.7,7.3,0,0,0,0,0,99,Low Risk
890220437203,Adulterated Chilli Powder with Sudan Dye #1058,Spices & Condiments,"red chilli powder, brick powder trace, sudan i dye, salt, mineral oil",313.6,4.6,672.3,4.7,0.0,6.0,14.7,4,1,0,0,1,49,High Risk
890774955366,Synthetic Milk Sample #1059,Dairy,"urea, detergent, refined vegetable oil, caustic soda, water",204.4,0.5,906.9,15.0,4.1,1.3,0.0,5,0,0,3,1,5,High Risk
890488669673,Adulterated Low-Cost Paneer #1060,Dairy,"milk solids, vegetable oil, starch, sulfuric acid trace, detergent trace",302.5,4.0,440.0,17.7,2.7,8.8,0.0,4,0,0,2,1,5,High Risk
890128645117,Standard Processed Cheese #1061,Dairy,"milk, salt, cheese cultures, enzymes, sodium phosphate, annatto",312.7,1.1,1025.6,18.5,0.68,19.1,0.0,3,1,0,1,0,51,Moderate Risk
890934591460,Commercial Potato Crisps #1062,Snacks,"potatoes, palm oil, salt, monosodium glutamate, flavor enhancer 635, dextrose",512.4,0.9,769.6,13.5,0.43,6.9,3.0,4,0,0,1,0,74,Moderate Risk
890201979972,Pure Extra Virgin Olive Oil #1063,Spices & Condiments,100% extra virgin cold pressed olive oil,819.4,0.0,2.1,12.4,0.0,0.0,0.0,0,0,0,0,0,93,Low Risk
890277354156,Organic Trail Mix #1064,Snacks,"almonds, walnuts, raisins, sunflower seeds, pumpkin seeds",452.5,18.5,16.3,4.5,0.0,14.1,7.8,0,0,0,0,0,99,Moderate Risk
890502433715,Fried Street-Style Savory Mix #1065,Snacks,"refined flour, re-used palm oil, metanil yellow, excess salt, msg",527.6,1.6,1349.1,23.9,3.58,6.0,0.9,6,2,0,2,1,5,High Risk
890429365135,Flavored Fruit Yogurt #1066,Dairy,"milk, sugar, strawberries, modified corn starch, carmine color, potassium sorbate",116.4,18.4,66.4,1.6,0.0,3.8,0.5,3,1,0,1,0,77,Moderate Risk
890224885423,Standard Processed Cheese #1067,Dairy,"milk, salt, cheese cultures, enzymes, sodium phosphate, annatto",326.0,1.4,1349.2,22.5,0.8,19.3,0.0,3,1,0,1,0,39,High Risk
890443815794,Pure Extra Virgin Olive Oil #1068,Spices & Condiments,100% extra virgin cold pressed olive oil,891.8,0.0,1.8,14.5,0.0,0.0,0.0,0,0,0,0,0,90,Low Risk
890238647584,Organic Trail Mix #1069,Snacks,"almonds, walnuts, raisins, sunflower seeds, pumpkin seeds",550.8,17.1,15.4,4.3,0.0,16.1,8.2,0,0,0,0,0,99,Low Risk
890729494777,Pure Ground Turmeric Powder #1070,Spices & Condiments,100% turmeric rhizome powder,268.5,2.9,34.2,3.0,0.0,9.8,23.5,0,0,0,0,0,99,Low Risk
890860575249,Adulterated Turmeric with Metanil Yellow #1071,Spices & Condiments,"turmeric powder, lead chromate trace, chalk powder, metanil yellow color",219.7,1.7,202.3,1.4,0.0,5.4,12.2,3,1,0,0,1,56,High Risk
890557437682,Roasted Chickpeas #1072,Snacks,"chickpeas, olive oil, sea salt",376.3,2.4,261.5,1.2,0.0,20.5,18.4,0,0,0,0,0,99,Low Risk
890313919174,Adulterated Butter with Animal Fat & Starch #1073,Dairy,"milk fat, animal tallow, starch, yellow dye 5, preservative",578.3,0.5,711.0,55.6,3.94,0.5,0.0,4,1,0,2,1,5,High Risk
890824103214,Pure Extra Virgin Olive Oil #1074,Spices & Condiments,100% extra virgin cold pressed olive oil,941.4,0.0,2.3,12.0,0.0,0.0,0.0,0,0,0,0,0,93,Low Risk
890429141852,100% Whole Wheat Sourdough #1075,Bakery & Confectionery,"whole wheat flour, water, sourdough culture, sea salt",207.0,1.4,409.0,0.6,0.0,11.4,5.5,0,0,0,0,0,99,Low Risk
890373728430,Roasted Chickpeas #1076,Snacks,"chickpeas, olive oil, sea salt",413.1,2.2,332.8,1.4,0.0,17.6,16.8,0,0,0,0,0,99,Low Risk
890564240136,100% Whole Wheat Sourdough #1077,Bakery & Confectionery,"whole wheat flour, water, sourdough culture, sea salt",259.2,1.8,360.1,0.5,0.0,9.7,6.4,0,0,0,0,0,99,Low Risk
890411748049,Commercial Tomato Ketchup #1078,Spices & Condiments,"tomato paste, sugar, distilled vinegar, salt, onion powder, sodium benzoate, potassium sorbate, pectin",104.1,21.1,885.3,0.1,0.0,1.5,1.6,3,0,0,2,0,65,Moderate Risk
890731122325,Fresh Butter #1079,Dairy,"pasteurized cream, salt",752.0,0.1,642.4,46.0,0.0,0.9,0.0,0,0,0,0,0,77,Moderate Risk
890808153295,Coconut Water 100% Pure #1080,Beverages,pure tender coconut water,20.7,3.4,28.6,0.1,0.0,0.7,1.1,0,0,0,0,0,99,Low Risk
890843226187,Synthetic Colored Hard Candies #1081,Bakery & Confectionery,"sugar, liquid glucose, allura red, brilliant blue fcf, tartrazine, artificial fruit flavor, citric acid",441.1,61.4,79.7,0.0,0.0,0.0,0.0,5,3,0,1,1,5,High Risk
890642505050,Processed Nacho Chips #1082,Snacks,"corn, vegetable fat, whey powder, disodium guanylate, artificial cheese flavor, yellow 6 lake",457.7,2.1,1075.6,11.2,0.85,6.6,4.4,5,1,0,1,0,46,Moderate Risk
890488578530,Adulterated Low-Cost Paneer #1083,Dairy,"milk solids, vegetable oil, starch, sulfuric acid trace, detergent trace",282.0,3.8,513.8,15.4,2.66,8.5,0.0,4,0,0,2,1,5,High Risk
890711360587,Processed Nacho Chips #1084,Snacks,"corn, vegetable fat, whey powder, disodium guanylate, artificial cheese flavor, yellow 6 lake",426.4,2.0,911.9,8.4,0.97,6.9,4.2,5,1,0,1,0,54,Moderate Risk
890508987926,Flavored Fruit Yogurt #1085,Dairy,"milk, sugar, strawberries, modified corn starch, carmine color, potassium sorbate",102.4,14.8,72.6,1.3,0.0,4.1,0.5,3,1,0,1,0,80,Moderate Risk
890353244263,Processed Nacho Chips #1086,Snacks,"corn, vegetable fat, whey powder, disodium guanylate, artificial cheese flavor, yellow 6 lake",432.0,2.3,843.7,11.1,0.94,6.6,3.7,5,1,0,1,0,49,Moderate Risk
890243229455,Greek Plain Yogurt #1087,Dairy,"cultured pasteurized nonfat milk, live active cultures",60.4,3.2,34.0,0.4,0.0,9.4,0.0,0,0,0,0,0,99,Low Risk
890453279978,Carbonated Cola Drink #1088,Beverages,"carbonated water, high fructose corn syrup, caramel color iv, phosphoric acid, caffeine, artificial flavors",38.3,10.1,10.9,0.0,0.0,0.0,0.0,4,1,0,1,0,78,Moderate Risk
890675165071,Pure Extra Virgin Olive Oil #1089,Spices & Condiments,100% extra virgin cold pressed olive oil,875.3,0.0,2.1,14.3,0.0,0.0,0.0,0,0,0,0,0,91,Low Risk
890413209569,Pure Extra Virgin Olive Oil #1090,Spices & Condiments,100% extra virgin cold pressed olive oil,1010.5,0.0,2.0,16.0,0.0,0.0,0.0,0,0,0,0,0,89,Low Risk
890602653539,Synthetic Milk Sample #1091,Dairy,"urea, detergent, refined vegetable oil, caustic soda, water",197.7,0.5,772.4,15.9,4.24,1.2,0.0,5,0,0,3,1,5,High Risk
890937444157,Synthetic Colored Hard Candies #1092,Bakery & Confectionery,"sugar, liquid glucose, allura red, brilliant blue fcf, tartrazine, artificial fruit flavor, citric acid",409.2,76.3,74.2,0.0,0.0,0.0,0.0,5,3,0,1,1,5,High Risk
890225084044,Whole Cow Milk #1093,Dairy,"milk, vitamin d3",60.0,5.2,50.1,3.0,0.0,3.1,0.0,0,0,0,0,0,99,Low Risk
890678948561,Pure Red Chilli Powder #1094,Spices & Condiments,100% dried red chillies,327.6,7.8,29.2,3.2,0.0,12.0,25.9,0,0,0,0,0,99,Low Risk
890790870717,Carbonated Cola Drink #1095,Beverages,"carbonated water, high fructose corn syrup, caramel color iv, phosphoric acid, caffeine, artificial flavors",41.8,11.1,14.4,0.0,0.0,0.0,0.0,4,1,0,1,0,77,Moderate Risk
890442591796,Instant Fried Noodles #1096,Snacks,"wheat flour, palm oil, salt, guar gum, flavor enhancer 621, caramel iv, sodium polyphosphate",482.1,2.7,1686.0,11.4,0.62,9.7,2.3,5,1,0,2,0,37,High Risk
890737535337,Fresh Butter #1097,Dairy,"pasteurized cream, salt",617.2,0.1,609.3,59.2,0.0,1.0,0.0,0,0,0,0,0,77,Moderate Risk
890729322073,Pure Extra Virgin Olive Oil #1098,Spices & Condiments,100% extra virgin cold pressed olive oil,788.3,0.0,1.7,12.5,0.0,0.0,0.0,0,0,0,0,0,92,Low Risk
890286760222,100% Whole Wheat Sourdough #1099,Bakery & Confectionery,"whole wheat flour, water, sourdough culture, sea salt",273.8,1.5,488.3,0.5,0.0,11.3,6.3,0,0,0,0,0,99,Low Risk
890194364685,Extruded Spicy Puffs #1100,Snacks,"corn meal, palm olein, maltodextrin, sunset yellow fcf, tartrazine, tbhq, msg, artificial flavors",569.8,5.0,1228.4,14.0,1.2,4.5,1.4,7,2,0,2,1,5,High Risk
890280905522,Skimmed Milk #1101,Dairy,"skimmed milk, vitamin a, vitamin d3",38.2,4.5,59.3,0.2,0.0,3.3,0.0,0,0,0,0,0,99,Low Risk
890310145667,Skimmed Milk #1102,Dairy,"skimmed milk, vitamin a, vitamin d3",39.4,4.8,47.6,0.2,0.0,3.5,0.0,0,0,0,0,0,99,Low Risk
890154713047,Adulterated Butter with Animal Fat & Starch #1103,Dairy,"milk fat, animal tallow, starch, yellow dye 5, preservative",730.0,0.5,640.3,47.1,4.02,0.5,0.0,4,1,0,2,1,5,High Risk
890804436976,Roasted Chickpeas #1104,Snacks,"chickpeas, olive oil, sea salt",401.0,2.0,326.0,1.4,0.0,20.4,17.8,0,0,0,0,0,99,Low Risk
890136773093,Commercial Potato Crisps #1105,Snacks,"potatoes, palm oil, salt, monosodium glutamate, flavor enhancer 635, dextrose",535.0,0.8,899.2,12.2,0.5,5.9,3.0,4,0,0,1,0,69,Moderate Risk
890196136063,Cottage Cheese (Paneer) #1106,Dairy,"pasteurized milk, citric acid",276.8,1.1,26.2,19.8,0.0,19.9,0.0,0,0,0,0,0,93,Low Risk
890462816082,Baked Whole Grain Crackers #1107,Snacks,"whole wheat flour, canola oil, sea salt, malt extract",368.4,2.2,417.6,1.6,0.0,9.5,7.1,0,0,0,0,0,99,Low Risk
890495598952,Industrial White Sandwich Bread #1108,Bakery & Confectionery,"refined wheat flour, sugar, yeast, palm oil, calcium propionate, emulsifier 481, flour treatment agent 300",279.1,5.3,435.2,1.2,0.22,7.4,1.8,4,0,0,2,0,84,Moderate Risk
890346285752,Extruded Spicy Puffs #1109,Snacks,"corn meal, palm olein, maltodextrin, sunset yellow fcf, tartrazine, tbhq, msg, artificial flavors",476.5,4.6,1243.0,15.2,1.25,4.6,1.4,7,2,0,2,1,5,High Risk
890746216342,Cold Pressed Orange Juice #1110,Beverages,100% freshly pressed oranges,49.6,8.4,1.8,0.1,0.0,0.7,1.6,0,0,0,0,0,99,Low Risk
890511430364,Dark Chocolate 85% #1111,Bakery & Confectionery,"cocoa mass, cocoa butter, cane sugar, vanilla beans",521.0,12.5,13.6,29.2,0.0,8.6,12.0,0,0,0,0,0,91,Low Risk
890652794357,Roasted Chickpeas #1112,Snacks,"chickpeas, olive oil, sea salt",363.7,2.3,238.3,1.4,0.0,20.7,16.9,0,0,0,0,0,99,Low Risk
890266562809,Energy Drink with High Caffeine #1113,Beverages,"carbonated water, sucrose, glucose, taurine, caffeine, inositol, niacinamide, pyridoxine, color e133, sodium benzoate",49.0,11.8,87.3,0.0,0.0,0.4,0.0,6,1,0,2,0,67,Moderate Risk
890316706238,Fried Street-Style Savory Mix #1114,Snacks,"refined flour, re-used palm oil, metanil yellow, excess salt, msg",492.8,1.7,1607.7,26.0,3.5,6.4,1.0,6,2,0,2,1,5,High Risk
890425673505,Commercial Tomato Ketchup #1115,Spices & Condiments,"tomato paste, sugar, distilled vinegar, salt, onion powder, sodium benzoate, potassium sorbate, pectin",131.7,25.7,855.9,0.1,0.0,1.3,1.6,3,0,0,2,0,63,Moderate Risk
890329723822,100% Whole Wheat Sourdough #1116,Bakery & Confectionery,"whole wheat flour, water, sourdough culture, sea salt",230.5,1.4,502.1,0.5,0.0,10.5,6.0,0,0,0,0,0,99,Low Risk
890402895098,Pure Ground Turmeric Powder #1117,Spices & Condiments,100% turmeric rhizome powder,346.9,3.0,35.5,3.1,0.0,10.1,23.5,0,0,0,0,0,99,Low Risk
890299206593,Carbonated Cola Drink #1118,Beverages,"carbonated water, high fructose corn syrup, caramel color iv, phosphoric acid, caffeine, artificial flavors",46.9,11.9,13.7,0.0,0.0,0.0,0.0,4,1,0,1,0,76,Moderate Risk
890384590858,Synthetic Milk Sample #1119,Dairy,"urea, detergent, refined vegetable oil, caustic soda, water",156.0,0.5,711.3,15.7,4.43,1.3,0.0,5,0,0,3,1,5,High Risk
890743509259,Carbonated Cola Drink #1120,Beverages,"carbonated water, high fructose corn syrup, caramel color iv, phosphoric acid, caffeine, artificial flavors",39.0,11.6,12.1,0.0,0.0,0.0,0.0,4,1,0,1,0,77,Moderate Risk
890992237970,Oat & Honey Granola Bar #1121,Bakery & Confectionery,"rolled oats, honey, almonds, crisped rice, sunflower oil, salt",449.2,13.2,212.0,2.3,0.0,9.0,5.6,0,0,0,0,0,99,Low Risk
890543528240,Fried Street-Style Savory Mix #1122,Snacks,"refined flour, re-used palm oil, metanil yellow, excess salt, msg",476.8,1.6,1371.9,25.4,3.72,6.3,1.1,6,2,0,2,1,5,High Risk
890359485876,Cold Pressed Orange Juice #1123,Beverages,100% freshly pressed oranges,47.4,9.7,1.9,0.1,0.0,0.7,1.6,0,0,0,0,0,99,Low Risk
890259799957,Commercial Potato Crisps #1124,Snacks,"potatoes, palm oil, salt, monosodium glutamate, flavor enhancer 635, dextrose",563.1,0.9,728.6,10.4,0.34,5.9,3.5,4,0,0,1,0,78,Moderate Risk
890800624076,Skimmed Milk #1125,Dairy,"skimmed milk, vitamin a, vitamin d3",35.7,5.2,43.5,0.2,0.0,3.2,0.0,0,0,0,0,0,99,Low Risk
890399766244,Skimmed Milk #1126,Dairy,"skimmed milk, vitamin a, vitamin d3",39.2,4.6,46.0,0.2,0.0,3.6,0.0,0,0,0,0,0,99,Low Risk
890843384771,Industrial White Sandwich Bread #1127,Bakery & Confectionery,"refined wheat flour, sugar, yeast, palm oil, calcium propionate, emulsifier 481, flour treatment agent 300",232.9,4.5,529.4,1.3,0.15,8.7,1.9,4,0,0,2,0,83,Moderate Risk
890229184709,Low-Cost Synthetic Fruit Drink #1128,Beverages,"water, invert sugar syrup, metanil yellow, citric acid, clouding agent, artificial mango flavor, potassium metabisulphite",55.4,12.5,47.0,0.0,0.0,0.0,0.0,6,2,0,2,1,21,High Risk
890265879239,Fried Street-Style Savory Mix #1129,Snacks,"refined flour, re-used palm oil, metanil yellow, excess salt, msg",597.8,1.7,1363.0,24.8,3.61,6.3,1.0,6,2,0,2,1,5,High Risk
890479887087,Pure Ground Turmeric Powder #1130,Spices & Condiments,100% turmeric rhizome powder,272.7,2.8,36.4,2.9,0.0,9.1,22.7,0,0,0,0,0,99,Low Risk
890327538916,Pure Green Tea Bag #1131,Beverages,100% organic green tea leaves,0.9,0.0,0.9,0.0,0.0,0.2,0.0,0,0,0,0,0,99,Low Risk
890252080745,Fresh Butter #1132,Dairy,"pasteurized cream, salt",786.4,0.1,602.4,54.5,0.0,0.8,0.0,0,0,0,0,0,77,Moderate Risk
890788165553,Coconut Water 100% Pure #1133,Beverages,pure tender coconut water,17.0,3.5,21.9,0.1,0.0,0.7,1.2,0,0,0,0,0,99,Low Risk
890901088668,Pure Green Tea Bag #1134,Beverages,100% organic green tea leaves,1.0,0.0,1.0,0.0,0.0,0.2,0.0,0,0,0,0,0,99,Low Risk
890992859619,Adulterated Low-Cost Paneer #1135,Dairy,"milk solids, vegetable oil, starch, sulfuric acid trace, detergent trace",273.4,3.7,466.6,19.2,2.78,9.5,0.0,4,0,0,2,1,5,High Risk
890392413376,Industrial White Sandwich Bread #1136,Bakery & Confectionery,"refined wheat flour, sugar, yeast, palm oil, calcium propionate, emulsifier 481, flour treatment agent 300",250.3,5.2,458.5,1.2,0.24,8.6,1.8,4,0,0,2,0,84,Moderate Risk
890766274910,Pure Green Tea Bag #1137,Beverages,100% organic green tea leaves,1.1,0.0,1.2,0.0,0.0,0.2,0.0,0,0,0,0,0,99,Low Risk
890208637447,Pure Red Chilli Powder #1138,Spices & Condiments,100% dried red chillies,335.6,6.9,26.5,4.2,0.0,11.8,24.7,0,0,0,0,0,99,Low Risk
890671569498,Organic Trail Mix #1139,Snacks,"almonds, walnuts, raisins, sunflower seeds, pumpkin seeds",545.1,16.0,17.8,3.7,0.0,16.0,7.6,0,0,0,0,0,99,Low Risk
890637669592,Extruded Spicy Puffs #1140,Snacks,"corn meal, palm olein, maltodextrin, sunset yellow fcf, tartrazine, tbhq, msg, artificial flavors",557.2,5.0,1491.0,18.2,1.23,5.4,1.6,7,2,0,2,1,5,High Risk
890164196807,Adulterated Turmeric with Metanil Yellow #1141,Spices & Condiments,"turmeric powder, lead chromate trace, chalk powder, metanil yellow color",282.3,2.3,169.3,1.3,0.0,5.2,12.3,3,1,0,0,1,56,High Risk
890206554736,Flavored Fruit Yogurt #1142,Dairy,"milk, sugar, strawberries, modified corn starch, carmine color, potassium sorbate",100.7,17.7,70.5,1.6,0.0,4.3,0.5,3,1,0,1,0,77,Moderate Risk
890801909415,Adulterated Low-Cost Paneer #1143,Dairy,"milk solids, vegetable oil, starch, sulfuric acid trace, detergent trace",301.5,3.1,464.5,18.6,2.64,9.0,0.0,4,0,0,2,1,5,High Risk
890976113781,Coconut Water 100% Pure #1144,Beverages,pure tender coconut water,19.0,3.2,26.5,0.1,0.0,0.7,1.2,0,0,0,0,0,99,Low Risk
890426197208,Cold Pressed Orange Juice #1145,Beverages,100% freshly pressed oranges,44.0,8.3,1.7,0.1,0.0,0.7,1.4,0,0,0,0,0,99,Low Risk
890612403131,Commercial Tomato Ketchup #1146,Spices & Condiments,"tomato paste, sugar, distilled vinegar, salt, onion powder, sodium benzoate, potassium sorbate, pectin",104.9,27.1,1088.9,0.1,0.0,1.5,1.4,3,0,0,2,0,57,Moderate Risk
890790449486,Flavored Fruit Yogurt #1147,Dairy,"milk, sugar, strawberries, modified corn starch, carmine color, potassium sorbate",98.1,19.6,56.6,1.5,0.0,4.1,0.5,3,1,0,1,0,76,Moderate Risk
890977637002,Fried Street-Style Savory Mix #1148,Snacks,"refined flour, re-used palm oil, metanil yellow, excess salt, msg",605.8,1.4,1372.7,22.5,3.74,6.0,1.0,6,2,0,2,1,5,High Risk
890182281696,Adulterated Low-Cost Paneer #1149,Dairy,"milk solids, vegetable oil, starch, sulfuric acid trace, detergent trace",317.7,3.7,558.8,16.9,2.55,9.8,0.0,4,0,0,2,1,5,High Risk
890224148162,Organic Trail Mix #1150,Snacks,"almonds, walnuts, raisins, sunflower seeds, pumpkin seeds",491.6,18.7,14.5,3.7,0.0,14.7,8.1,0,0,0,0,0,99,Moderate Risk
890500370732,Coconut Water 100% Pure #1151,Beverages,pure tender coconut water,21.5,3.0,25.2,0.1,0.0,0.7,1.1,0,0,0,0,0,99,Low Risk
890274483309,Instant Fried Noodles #1152,Snacks,"wheat flour, palm oil, salt, guar gum, flavor enhancer 621, caramel iv, sodium polyphosphate",447.2,2.7,1719.0,11.4,0.67,9.8,2.5,5,1,0,2,0,36,High Risk
890594300328,Adulterated Butter with Animal Fat & Starch #1153,Dairy,"milk fat, animal tallow, starch, yellow dye 5, preservative",654.7,0.4,710.4,53.4,4.01,0.5,0.0,4,1,0,2,1,5,High Risk
890570308691,Diet Soda with Multiple Sweeteners #1154,Beverages,"carbonated water, aspartame, acesulfame potassium, caramel iv, sodium benzoate, phosphoric acid",0.9,0.0,39.7,0.0,0.0,0.0,0.0,5,1,2,1,0,66,Moderate Risk
890630733687,Fresh Butter #1155,Dairy,"pasteurized cream, salt",733.6,0.1,598.3,50.3,0.0,0.9,0.0,0,0,0,0,0,77,Low Risk
890921389319,100% Whole Wheat Sourdough #1156,Bakery & Confectionery,"whole wheat flour, water, sourdough culture, sea salt",223.2,1.4,402.9,0.6,0.0,9.7,6.4,0,0,0,0,0,99,Low Risk
890858683644,Organic Trail Mix #1157,Snacks,"almonds, walnuts, raisins, sunflower seeds, pumpkin seeds",553.0,17.5,17.4,4.0,0.0,15.8,7.7,0,0,0,0,0,99,Low Risk
890288037984,Standard Processed Cheese #1158,Dairy,"milk, salt, cheese cultures, enzymes, sodium phosphate, annatto",309.7,1.1,1090.1,18.1,0.45,19.7,0.0,3,1,0,1,0,60,Moderate Risk
890339144835,Cold Pressed Orange Juice #1159,Beverages,100% freshly pressed oranges,45.4,7.9,2.3,0.1,0.0,0.8,1.6,0,0,0,0,0,99,Low Risk
890363580028,Standard Processed Cheese #1160,Dairy,"milk, salt, cheese cultures, enzymes, sodium phosphate, annatto",353.6,1.3,1362.6,18.9,0.45,19.0,0.0,3,1,0,1,0,54,Moderate Risk
890234179616,Instant Fried Noodles #1161,Snacks,"wheat flour, palm oil, salt, guar gum, flavor enhancer 621, caramel iv, sodium polyphosphate",488.0,2.4,2069.3,11.2,0.77,8.3,2.6,5,1,0,2,0,34,High Risk
890449979401,Pure Green Tea Bag #1162,Beverages,100% organic green tea leaves,1.1,0.0,1.1,0.0,0.0,0.2,0.0,0,0,0,0,0,99,Low Risk
890102944088,Pure Ground Turmeric Powder #1163,Spices & Condiments,100% turmeric rhizome powder,284.5,3.0,39.4,2.6,0.0,10.4,23.9,0,0,0,0,0,99,Low Risk
890818514543,Pure Red Chilli Powder #1164,Spices & Condiments,100% dried red chillies,352.2,6.2,26.4,3.4,0.0,12.2,29.4,0,0,0,0,0,99,Low Risk
890228548137,Adulterated Chilli Powder with Sudan Dye #1165,Spices & Condiments,"red chilli powder, brick powder trace, sudan i dye, salt, mineral oil",259.0,4.3,579.0,4.0,0.0,5.7,14.8,4,1,0,0,1,51,High Risk
890738245337,Instant Fried Noodles #1166,Snacks,"wheat flour, palm oil, salt, guar gum, flavor enhancer 621, caramel iv, sodium polyphosphate",464.7,2.8,2001.2,11.8,0.59,8.4,2.5,5,1,0,2,0,36,High Risk
890146863226,Adulterated Butter with Animal Fat & Starch #1167,Dairy,"milk fat, animal tallow, starch, yellow dye 5, preservative",694.7,0.5,528.1,58.1,3.86,0.5,0.0,4,1,0,2,1,5,High Risk
890420527041,Synthetic Colored Hard Candies #1168,Bakery & Confectionery,"sugar, liquid glucose, allura red, brilliant blue fcf, tartrazine, artificial fruit flavor, citric acid",371.6,61.7,89.5,0.0,0.0,0.0,0.0,5,3,0,1,1,5,High Risk
890168918778,Roasted Chickpeas #1169,Snacks,"chickpeas, olive oil, sea salt",372.7,1.9,302.8,1.4,0.0,19.2,16.6,0,0,0,0,0,99,Low Risk
890524021700,Pure Red Chilli Powder #1170,Spices & Condiments,100% dried red chillies,301.1,8.6,28.0,3.3,0.0,10.8,25.4,0,0,0,0,0,99,Low Risk
890757247659,Carbonated Cola Drink #1171,Beverages,"carbonated water, high fructose corn syrup, caramel color iv, phosphoric acid, caffeine, artificial flavors",40.3,11.9,12.7,0.0,0.0,0.0,0.0,4,1,0,1,0,76,Moderate Risk
890419134183,Fresh Butter #1172,Dairy,"pasteurized cream, salt",721.5,0.1,500.4,53.3,0.0,1.0,0.0,0,0,0,0,0,79,Low Risk
890631254186,Adulterated Turmeric with Metanil Yellow #1173,Spices & Condiments,"turmeric powder, lead chromate trace, chalk powder, metanil yellow color",261.8,1.9,183.2,1.7,0.0,4.9,13.1,3,1,0,0,1,56,High Risk
890317056218,Organic Trail Mix #1174,Snacks,"almonds, walnuts, raisins, sunflower seeds, pumpkin seeds",554.4,21.2,15.9,3.8,0.0,15.7,8.1,0,0,0,0,0,99,Moderate Risk
890757689082,Roasted Chickpeas #1175,Snacks,"chickpeas, olive oil, sea salt",417.7,2.5,322.4,1.4,0.0,17.8,17.1,0,0,0,0,0,99,Low Risk
890549602718,Whole Cow Milk #1176,Dairy,"milk, vitamin d3",59.9,4.2,38.9,3.7,0.0,3.4,0.0,0,0,0,0,0,99,Low Risk
890995090216,Processed Nacho Chips #1177,Snacks,"corn, vegetable fat, whey powder, disodium guanylate, artificial cheese flavor, yellow 6 lake",468.0,2.1,1013.2,10.0,0.8,6.9,4.0,5,1,0,1,0,54,Moderate Risk
890379995131,Pure Ground Turmeric Powder #1178,Spices & Condiments,100% turmeric rhizome powder,358.4,3.5,33.2,2.9,0.0,9.4,21.2,0,0,0,0,0,99,Low Risk
890553582416,Low-Cost Synthetic Fruit Drink #1179,Beverages,"water, invert sugar syrup, metanil yellow, citric acid, clouding agent, artificial mango flavor, potassium metabisulphite",61.8,12.8,51.9,0.0,0.0,0.0,0.0,6,2,0,2,1,21,High Risk
890744525155,Adulterated Mustard Oil with Argemone #1180,Spices & Condiments,"mustard oil, argemone oil, mineral oil, butter yellow dye",804.5,0.0,4.5,13.8,1.42,0.0,0.0,3,1,0,0,1,14,High Risk
890442945209,Commercial Tomato Ketchup #1181,Spices & Condiments,"tomato paste, sugar, distilled vinegar, salt, onion powder, sodium benzoate, potassium sorbate, pectin",108.7,28.0,939.4,0.1,0.0,1.3,1.5,3,0,0,2,0,59,Moderate Risk
890904774610,Commercial Tomato Ketchup #1182,Spices & Condiments,"tomato paste, sugar, distilled vinegar, salt, onion powder, sodium benzoate, potassium sorbate, pectin",129.1,27.0,1021.5,0.1,0.0,1.5,1.4,3,0,0,2,0,58,Moderate Risk
890458224322,Organic Trail Mix #1183,Snacks,"almonds, walnuts, raisins, sunflower seeds, pumpkin seeds",535.5,18.6,14.6,3.9,0.0,15.5,7.9,0,0,0,0,0,99,Moderate Risk
890962975246,Dark Chocolate 85% #1184,Bakery & Confectionery,"cocoa mass, cocoa butter, cane sugar, vanilla beans",598.0,12.1,16.6,32.3,0.0,8.7,10.1,0,0,0,0,0,90,Low Risk
890745326674,Greek Plain Yogurt #1185,Dairy,"cultured pasteurized nonfat milk, live active cultures",63.9,3.1,32.6,0.4,0.0,10.6,0.0,0,0,0,0,0,99,Low Risk
890686077975,Skimmed Milk #1186,Dairy,"skimmed milk, vitamin a, vitamin d3",37.2,4.4,45.9,0.2,0.0,3.2,0.0,0,0,0,0,0,99,Low Risk
890754435657,Commercial Potato Crisps #1187,Snacks,"potatoes, palm oil, salt, monosodium glutamate, flavor enhancer 635, dextrose",613.6,0.7,842.9,13.0,0.62,6.6,3.0,4,0,0,1,0,60,Moderate Risk
890397461233,Processed Nacho Chips #1188,Snacks,"corn, vegetable fat, whey powder, disodium guanylate, artificial cheese flavor, yellow 6 lake",470.1,2.4,803.7,10.5,0.82,7.0,4.1,5,1,0,1,0,53,Moderate Risk
890931072478,Carbonated Cola Drink #1189,Beverages,"carbonated water, high fructose corn syrup, caramel color iv, phosphoric acid, caffeine, artificial flavors",46.5,9.0,12.1,0.0,0.0,0.0,0.0,4,1,0,1,0,78,Moderate Risk
890721977468,Adulterated Low-Cost Paneer #1190,Dairy,"milk solids, vegetable oil, starch, sulfuric acid trace, detergent trace",280.0,4.1,433.8,20.2,2.69,9.6,0.0,4,0,0,2,1,5,High Risk
890302672500,Cold Pressed Orange Juice #1191,Beverages,100% freshly pressed oranges,42.9,9.2,2.2,0.1,0.0,0.7,1.5,0,0,0,0,0,99,Low Risk
890320273616,Coconut Water 100% Pure #1192,Beverages,pure tender coconut water,16.3,3.7,28.5,0.1,0.0,0.6,1.2,0,0,0,0,0,99,Low Risk
890620084184,Diet Soda with Multiple Sweeteners #1193,Beverages,"carbonated water, aspartame, acesulfame potassium, caramel iv, sodium benzoate, phosphoric acid",1.0,0.0,37.7,0.0,0.0,0.0,0.0,5,1,2,1,0,66,Moderate Risk
890928248182,Synthetic Milk Sample #1194,Dairy,"urea, detergent, refined vegetable oil, caustic soda, water",164.6,0.4,762.0,14.5,4.48,1.1,0.0,5,0,0,3,1,5,High Risk
890664129408,Greek Plain Yogurt #1195,Dairy,"cultured pasteurized nonfat milk, live active cultures",51.9,3.4,35.7,0.4,0.0,9.1,0.0,0,0,0,0,0,99,Low Risk
890835099091,Organic Trail Mix #1196,Snacks,"almonds, walnuts, raisins, sunflower seeds, pumpkin seeds",499.5,19.5,15.5,4.1,0.0,16.1,7.2,0,0,0,0,0,99,Moderate Risk
890711710551,Cream-Filled Sandwich Cookies #1197,Bakery & Confectionery,"refined wheat flour, sugar, hydrogenated palm oil, cocoa, high fructose corn syrup, soy lecithin, vanillin, artificial chocolate flavor, tbhq",527.3,43.4,371.8,10.1,1.85,4.1,2.1,5,0,0,2,1,5,High Risk
890890504862,Synthetic Milk Sample #1198,Dairy,"urea, detergent, refined vegetable oil, caustic soda, water",156.4,0.5,826.5,14.8,4.36,1.2,0.0,5,0,0,3,1,5,High Risk
890381421975,Oat & Honey Granola Bar #1199,Bakery & Confectionery,"rolled oats, honey, almonds, crisped rice, sunflower oil, salt",437.7,14.2,200.6,2.4,0.0,8.0,5.0,0,0,0,0,0,99,Low Risk
890672675021,Extruded Spicy Puffs #1200,Snacks,"corn meal, palm olein, maltodextrin, sunset yellow fcf, tartrazine, tbhq, msg, artificial flavors",475.7,4.7,1383.5,18.5,1.47,4.9,1.4,7,2,0,2,1,5,High Risk
890205209710,Carbonated Cola Drink #1201,Beverages,"carbonated water, high fructose corn syrup, caramel color iv, phosphoric acid, caffeine, artificial flavors",36.9,10.9,13.7,0.0,0.0,0.0,0.0,4,1,0,1,0,77,Moderate Risk
890167968029,Diet Soda with Multiple Sweeteners #1202,Beverages,"carbonated water, aspartame, acesulfame potassium, caramel iv, sodium benzoate, phosphoric acid",0.9,0.0,30.2,0.0,0.0,0.0,0.0,5,1,2,1,0,66,Moderate Risk
890450198002,Processed Nacho Chips #1203,Snacks,"corn, vegetable fat, whey powder, disodium guanylate, artificial cheese flavor, yellow 6 lake",548.4,2.2,1066.5,8.5,0.98,7.4,4.1,5,1,0,1,0,51,Moderate Risk
890913049644,Energy Drink with High Caffeine #1204,Beverages,"carbonated water, sucrose, glucose, taurine, caffeine, inositol, niacinamide, pyridoxine, color e133, sodium benzoate",42.7,12.1,75.6,0.0,0.0,0.4,0.0,6,1,0,2,0,66,Moderate Risk
890430360350,Processed Nacho Chips #1205,Snacks,"corn, vegetable fat, whey powder, disodium guanylate, artificial cheese flavor, yellow 6 lake",517.9,2.4,803.9,8.2,0.84,6.9,4.0,5,1,0,1,0,58,Moderate Risk
890977175852,100% Whole Wheat Sourdough #1206,Bakery & Confectionery,"whole wheat flour, water, sourdough culture, sea salt",242.0,1.6,423.9,0.6,0.0,11.2,6.0,0,0,0,0,0,99,Low Risk
890310479009,Coconut Water 100% Pure #1207,Beverages,pure tender coconut water,20.4,3.1,26.7,0.1,0.0,0.8,1.2,0,0,0,0,0,99,Low Risk
890960738543,Roasted Chickpeas #1208,Snacks,"chickpeas, olive oil, sea salt",357.4,1.9,300.7,1.3,0.0,19.7,17.8,0,0,0,0,0,99,Low Risk
890206566823,Dark Chocolate 85% #1209,Bakery & Confectionery,"cocoa mass, cocoa butter, cane sugar, vanilla beans",520.7,14.9,15.9,24.9,0.0,7.7,10.8,0,0,0,0,0,88,Low Risk
890323303824,Pure Extra Virgin Olive Oil #1210,Spices & Condiments,100% extra virgin cold pressed olive oil,916.5,0.0,2.1,14.3,0.0,0.0,0.0,0,0,0,0,0,91,Low Risk
890345715263,Carbonated Cola Drink #1211,Beverages,"carbonated water, high fructose corn syrup, caramel color iv, phosphoric acid, caffeine, artificial flavors",47.8,11.0,12.6,0.0,0.0,0.0,0.0,4,1,0,1,0,77,Moderate Risk
890189623693,Adulterated Low-Cost Paneer #1212,Dairy,"milk solids, vegetable oil, starch, sulfuric acid trace, detergent trace",287.4,4.0,431.6,16.0,2.41,9.6,0.0,4,0,0,2,1,5,High Risk
890960630844,Cream-Filled Sandwich Cookies #1213,Bakery & Confectionery,"refined wheat flour, sugar, hydrogenated palm oil, cocoa, high fructose corn syrup, soy lecithin, vanillin, artificial chocolate flavor, tbhq",497.5,33.4,363.4,10.2,1.87,4.3,2.2,5,0,0,2,1,5,High Risk
890225603923,Fried Street-Style Savory Mix #1214,Snacks,"refined flour, re-used palm oil, metanil yellow, excess salt, msg",623.7,1.7,1526.8,21.3,3.48,6.5,0.9,6,2,0,2,1,5,High Risk
890232514585,Pure Ground Turmeric Powder #1215,Spices & Condiments,100% turmeric rhizome powder,345.4,3.2,42.5,2.5,0.0,10.2,20.1,0,0,0,0,0,99,Low Risk
890496931839,Oat & Honey Granola Bar #1216,Bakery & Confectionery,"rolled oats, honey, almonds, crisped rice, sunflower oil, salt",442.8,14.3,198.4,2.6,0.0,8.2,5.8,0,0,0,0,0,99,Low Risk
890292060744,Instant Fried Noodles #1217,Snacks,"wheat flour, palm oil, salt, guar gum, flavor enhancer 621, caramel iv, sodium polyphosphate",508.1,2.9,2037.7,11.4,0.8,8.4,2.7,5,1,0,2,0,34,High Risk
890463696221,Baked Whole Grain Crackers #1218,Snacks,"whole wheat flour, canola oil, sea salt, malt extract",378.6,2.8,465.1,2.1,0.0,9.6,7.2,0,0,0,0,0,99,Low Risk
890863839677,Whole Cow Milk #1219,Dairy,"milk, vitamin d3",64.9,5.7,39.6,3.3,0.0,3.1,0.0,0,0,0,0,0,99,Low Risk
890930267601,Cottage Cheese (Paneer) #1220,Dairy,"pasteurized milk, citric acid",247.1,1.4,23.2,16.2,0.0,18.1,0.0,0,0,0,0,0,96,Low Risk
890857560588,Skimmed Milk #1221,Dairy,"skimmed milk, vitamin a, vitamin d3",37.2,5.6,45.1,0.2,0.0,3.5,0.0,0,0,0,0,0,99,Low Risk
890787804191,Coconut Water 100% Pure #1222,Beverages,pure tender coconut water,20.9,3.3,23.8,0.1,0.0,0.7,1.2,0,0,0,0,0,99,Low Risk
890371368593,Low-Cost Synthetic Fruit Drink #1223,Beverages,"water, invert sugar syrup, metanil yellow, citric acid, clouding agent, artificial mango flavor, potassium metabisulphite",53.3,12.6,47.3,0.0,0.0,0.0,0.0,6,2,0,2,1,21,High Risk
890915188022,Roasted Chickpeas #1224,Snacks,"chickpeas, olive oil, sea salt",338.0,1.8,286.2,1.3,0.0,20.3,17.8,0,0,0,0,0,99,Low Risk
890121256273,Energy Drink with High Caffeine #1225,Beverages,"carbonated water, sucrose, glucose, taurine, caffeine, inositol, niacinamide, pyridoxine, color e133, sodium benzoate",50.6,10.4,68.3,0.0,0.0,0.4,0.0,6,1,0,2,0,68,Moderate Risk
890228311737,Flavored Fruit Yogurt #1226,Dairy,"milk, sugar, strawberries, modified corn starch, carmine color, potassium sorbate",111.9,17.0,58.8,1.3,0.0,4.1,0.5,3,1,0,1,0,78,Moderate Risk
890529230036,Commercial Tomato Ketchup #1227,Spices & Condiments,"tomato paste, sugar, distilled vinegar, salt, onion powder, sodium benzoate, potassium sorbate, pectin",104.6,28.9,1064.1,0.1,0.0,1.5,1.4,3,0,0,2,0,55,Moderate Risk
890368834042,Adulterated Chilli Powder with Sudan Dye #1228,Spices & Condiments,"red chilli powder, brick powder trace, sudan i dye, salt, mineral oil",284.1,4.1,674.0,4.0,0.0,5.8,14.7,4,1,0,0,1,49,High Risk
890175599984,Pure Ground Turmeric Powder #1229,Spices & Condiments,100% turmeric rhizome powder,325.3,3.7,34.1,3.0,0.0,9.4,22.3,0,0,0,0,0,99,Low Risk
890369922680,Industrial White Sandwich Bread #1230,Bakery & Confectionery,"refined wheat flour, sugar, yeast, palm oil, calcium propionate, emulsifier 481, flour treatment agent 300",226.4,5.1,528.6,1.4,0.28,7.8,1.9,4,0,0,2,0,83,Moderate Risk
890421978966,Dark Chocolate 85% #1231,Bakery & Confectionery,"cocoa mass, cocoa butter, cane sugar, vanilla beans",551.6,16.6,13.7,32.0,0.0,8.7,11.4,0,0,0,0,0,87,Low Risk
890936046153,Pure Ground Turmeric Powder #1232,Spices & Condiments,100% turmeric rhizome powder,311.3,3.3,33.0,3.1,0.0,10.4,20.1,0,0,0,0,0,99,Low Risk
890491074737,Pure Red Chilli Powder #1233,Spices & Condiments,100% dried red chillies,348.6,8.6,29.0,3.2,0.0,11.9,25.8,0,0,0,0,0,99,Low Risk
890260060773,Flavored Fruit Yogurt #1234,Dairy,"milk, sugar, strawberries, modified corn starch, carmine color, potassium sorbate",121.6,15.2,55.8,1.5,0.0,4.2,0.5,3,1,0,1,0,79,Moderate Risk
890801214474,Pure Red Chilli Powder #1235,Spices & Condiments,100% dried red chillies,296.1,6.3,30.6,3.5,0.0,11.1,25.5,0,0,0,0,0,99,Low Risk
890837662953,Oat & Honey Granola Bar #1236,Bakery & Confectionery,"rolled oats, honey, almonds, crisped rice, sunflower oil, salt",357.4,14.7,171.2,2.0,0.0,8.0,5.0,0,0,0,0,0,99,Low Risk
890906767989,Dark Chocolate 85% #1237,Bakery & Confectionery,"cocoa mass, cocoa butter, cane sugar, vanilla beans",585.4,14.0,15.2,32.9,0.0,8.1,11.7,0,0,0,0,0,89,Low Risk
890234101299,Commercial Tomato Ketchup #1238,Spices & Condiments,"tomato paste, sugar, distilled vinegar, salt, onion powder, sodium benzoate, potassium sorbate, pectin",114.4,23.0,886.5,0.1,0.0,1.5,1.5,3,0,0,2,0,63,Moderate Risk
890723979253,Commercial Tomato Ketchup #1239,Spices & Condiments,"tomato paste, sugar, distilled vinegar, salt, onion powder, sodium benzoate, potassium sorbate, pectin",123.0,23.7,1139.0,0.1,0.0,1.5,1.5,3,0,0,2,0,58,Moderate Risk
890908303385,Extruded Spicy Puffs #1240,Snacks,"corn meal, palm olein, maltodextrin, sunset yellow fcf, tartrazine, tbhq, msg, artificial flavors",546.4,5.0,1176.3,18.2,1.12,4.9,1.4,7,2,0,2,1,5,High Risk
890117365024,Skimmed Milk #1241,Dairy,"skimmed milk, vitamin a, vitamin d3",36.7,5.8,58.4,0.2,0.0,3.4,0.0,0,0,0,0,0,99,Low Risk
890281303946,Pure Ground Turmeric Powder #1242,Spices & Condiments,100% turmeric rhizome powder,301.0,3.5,41.2,2.8,0.0,9.1,23.2,0,0,0,0,0,99,Low Risk
890326824310,Low-Cost Synthetic Fruit Drink #1243,Beverages,"water, invert sugar syrup, metanil yellow, citric acid, clouding agent, artificial mango flavor, potassium metabisulphite",53.6,13.4,42.0,0.0,0.0,0.0,0.0,6,2,0,2,1,20,High Risk
890954027646,Adulterated Mustard Oil with Argemone #1244,Spices & Condiments,"mustard oil, argemone oil, mineral oil, butter yellow dye",786.0,0.0,4.5,13.1,1.68,0.0,0.0,3,1,0,0,1,11,High Risk
890316335420,Adulterated Chilli Powder with Sudan Dye #1245,Spices & Condiments,"red chilli powder, brick powder trace, sudan i dye, salt, mineral oil",285.8,4.6,692.1,4.1,0.0,5.8,12.7,4,1,0,0,1,49,High Risk
890993940289,Pure Ground Turmeric Powder #1246,Spices & Condiments,100% turmeric rhizome powder,325.6,2.9,37.4,3.3,0.0,10.5,22.6,0,0,0,0,0,99,Low Risk
890628630287,Flavored Fruit Yogurt #1247,Dairy,"milk, sugar, strawberries, modified corn starch, carmine color, potassium sorbate",115.8,18.6,62.1,1.6,0.0,4.2,0.5,3,1,0,1,0,77,Moderate Risk
890671735785,Energy Drink with High Caffeine #1248,Beverages,"carbonated water, sucrose, glucose, taurine, caffeine, inositol, niacinamide, pyridoxine, color e133, sodium benzoate",42.6,13.9,89.8,0.0,0.0,0.4,0.0,6,1,0,2,0,65,Moderate Risk
890946842675,Diet Soda with Multiple Sweeteners #1249,Beverages,"carbonated water, aspartame, acesulfame potassium, caramel iv, sodium benzoate, phosphoric acid",0.9,0.0,39.5,0.0,0.0,0.0,0.0,5,1,2,1,0,66,Moderate Risk
890933221395,Energy Drink with High Caffeine #1250,Beverages,"carbonated water, sucrose, glucose, taurine, caffeine, inositol, niacinamide, pyridoxine, color e133, sodium benzoate",55.1,11.6,82.0,0.0,0.0,0.4,0.0,6,1,0,2,0,67,Moderate Risk
890394722883,Processed Nacho Chips #1251,Snacks,"corn, vegetable fat, whey powder, disodium guanylate, artificial cheese flavor, yellow 6 lake",434.2,2.0,831.8,8.7,1.08,7.1,4.4,5,1,0,1,0,54,Moderate Risk
890101853542,Extruded Spicy Puffs #1252,Snacks,"corn meal, palm olein, maltodextrin, sunset yellow fcf, tartrazine, tbhq, msg, artificial flavors",492.5,4.6,1512.7,16.4,1.25,4.7,1.6,7,2,0,2,1,5,High Risk
890661789194,Whole Cow Milk #1253,Dairy,"milk, vitamin d3",67.2,4.6,43.1,3.0,0.0,3.3,0.0,0,0,0,0,0,99,Low Risk
890791291643,Cottage Cheese (Paneer) #1254,Dairy,"pasteurized milk, citric acid",303.5,1.0,20.5,19.8,0.0,19.2,0.0,0,0,0,0,0,93,Low Risk
890324355728,Pure Extra Virgin Olive Oil #1255,Spices & Condiments,100% extra virgin cold pressed olive oil,890.4,0.0,2.0,14.1,0.0,0.0,0.0,0,0,0,0,0,91,Low Risk
890150804488,Pure Ground Turmeric Powder #1256,Spices & Condiments,100% turmeric rhizome powder,322.3,3.8,40.4,2.8,0.0,9.2,20.7,0,0,0,0,0,99,Low Risk
890894429698,Commercial Potato Crisps #1257,Snacks,"potatoes, palm oil, salt, monosodium glutamate, flavor enhancer 635, dextrose",576.2,0.8,722.2,10.7,0.45,7.1,3.1,4,0,0,1,0,78,Moderate Risk
890334947057,Adulterated Butter with Animal Fat & Starch #1258,Dairy,"milk fat, animal tallow, starch, yellow dye 5, preservative",773.3,0.6,593.9,49.9,4.07,0.5,0.0,4,1,0,2,1,5,High Risk
890908989765,Extruded Spicy Puffs #1259,Snacks,"corn meal, palm olein, maltodextrin, sunset yellow fcf, tartrazine, tbhq, msg, artificial flavors",608.2,4.2,1518.3,19.6,1.38,5.1,1.4,7,2,0,2,1,5,High Risk
890221424648,Synthetic Colored Hard Candies #1260,Bakery & Confectionery,"sugar, liquid glucose, allura red, brilliant blue fcf, tartrazine, artificial fruit flavor, citric acid",333.7,65.7,80.7,0.0,0.0,0.0,0.0,5,3,0,1,1,5,High Risk
890414385578,Diet Soda with Multiple Sweeteners #1261,Beverages,"carbonated water, aspartame, acesulfame potassium, caramel iv, sodium benzoate, phosphoric acid",0.9,0.0,34.0,0.0,0.0,0.0,0.0,5,1,2,1,0,66,Moderate Risk
890737894542,Low-Cost Synthetic Fruit Drink #1262,Beverages,"water, invert sugar syrup, metanil yellow, citric acid, clouding agent, artificial mango flavor, potassium metabisulphite",63.1,13.0,43.4,0.0,0.0,0.0,0.0,6,2,0,2,1,21,High Risk
890887825527,100% Whole Wheat Sourdough #1263,Bakery & Confectionery,"whole wheat flour, water, sourdough culture, sea salt",222.1,1.5,492.4,0.5,0.0,10.4,5.7,0,0,0,0,0,99,Low Risk
890994063583,Fried Street-Style Savory Mix #1264,Snacks,"refined flour, re-used palm oil, metanil yellow, excess salt, msg",539.0,1.7,1438.0,23.1,3.73,6.3,0.9,6,2,0,2,1,5,High Risk
890969353829,Extruded Spicy Puffs #1265,Snacks,"corn meal, palm olein, maltodextrin, sunset yellow fcf, tartrazine, tbhq, msg, artificial flavors",532.4,4.1,1182.8,15.8,1.17,5.1,1.4,7,2,0,2,1,5,High Risk
890750147406,Synthetic Milk Sample #1266,Dairy,"urea, detergent, refined vegetable oil, caustic soda, water",180.5,0.5,932.8,13.8,4.37,1.3,0.0,5,0,0,3,1,5,High Risk
890694040632,Pure Extra Virgin Olive Oil #1267,Spices & Condiments,100% extra virgin cold pressed olive oil,774.8,0.0,2.4,15.2,0.0,0.0,0.0,0,0,0,0,0,90,Low Risk
890307165183,Pure Extra Virgin Olive Oil #1268,Spices & Condiments,100% extra virgin cold pressed olive oil,863.7,0.0,1.9,14.1,0.0,0.0,0.0,0,0,0,0,0,91,Low Risk
890583390055,Commercial Potato Crisps #1269,Snacks,"potatoes, palm oil, salt, monosodium glutamate, flavor enhancer 635, dextrose",589.0,0.8,817.2,10.6,0.56,6.6,2.9,4,0,0,1,0,64,Moderate Risk
890708787782,Fried Street-Style Savory Mix #1270,Snacks,"refined flour, re-used palm oil, metanil yellow, excess salt, msg",562.1,1.6,1628.1,20.9,3.6,5.4,0.9,6,2,0,2,1,5,High Risk
890611361128,Carbonated Cola Drink #1271,Beverages,"carbonated water, high fructose corn syrup, caramel color iv, phosphoric acid, caffeine, artificial flavors",36.2,12.3,13.5,0.0,0.0,0.0,0.0,4,1,0,1,0,76,Moderate Risk
890742930891,Energy Drink with High Caffeine #1272,Beverages,"carbonated water, sucrose, glucose, taurine, caffeine, inositol, niacinamide, pyridoxine, color e133, sodium benzoate",45.5,11.5,82.6,0.0,0.0,0.4,0.0,6,1,0,2,0,67,Moderate Risk
890304695551,100% Whole Wheat Sourdough #1273,Bakery & Confectionery,"whole wheat flour, water, sourdough culture, sea salt",227.4,1.5,377.5,0.5,0.0,9.9,6.3,0,0,0,0,0,99,Low Risk
890865744453,Organic Trail Mix #1274,Snacks,"almonds, walnuts, raisins, sunflower seeds, pumpkin seeds",483.9,16.4,16.2,4.5,0.0,15.0,8.8,0,0,0,0,0,99,Low Risk
890915934600,Adulterated Low-Cost Paneer #1275,Dairy,"milk solids, vegetable oil, starch, sulfuric acid trace, detergent trace",257.1,3.3,566.1,19.5,2.8,9.2,0.0,4,0,0,2,1,5,High Risk
890820621911,Adulterated Low-Cost Paneer #1276,Dairy,"milk solids, vegetable oil, starch, sulfuric acid trace, detergent trace",258.9,3.3,533.0,21.2,2.51,8.2,0.0,4,0,0,2,1,5,High Risk
890698312411,Cold Pressed Orange Juice #1277,Beverages,100% freshly pressed oranges,48.1,9.6,2.1,0.1,0.0,0.6,1.6,0,0,0,0,0,99,Low Risk
890251194005,Pure Green Tea Bag #1278,Beverages,100% organic green tea leaves,1.0,0.0,0.9,0.0,0.0,0.2,0.0,0,0,0,0,0,99,Low Risk
890119481905,Extruded Spicy Puffs #1279,Snacks,"corn meal, palm olein, maltodextrin, sunset yellow fcf, tartrazine, tbhq, msg, artificial flavors",539.9,5.0,1136.9,17.2,1.26,4.9,1.4,7,2,0,2,1,5,High Risk
890970275450,Skimmed Milk #1280,Dairy,"skimmed milk, vitamin a, vitamin d3",35.0,5.3,47.8,0.2,0.0,3.1,0.0,0,0,0,0,0,99,Low Risk
890305431111,Pure Green Tea Bag #1281,Beverages,100% organic green tea leaves,1.0,0.0,0.9,0.0,0.0,0.2,0.0,0,0,0,0,0,99,Low Risk
890639042189,Low-Cost Synthetic Fruit Drink #1282,Beverages,"water, invert sugar syrup, metanil yellow, citric acid, clouding agent, artificial mango flavor, potassium metabisulphite",50.7,12.4,38.5,0.0,0.0,0.0,0.0,6,2,0,2,1,21,High Risk
890358976149,Instant Fried Noodles #1283,Snacks,"wheat flour, palm oil, salt, guar gum, flavor enhancer 621, caramel iv, sodium polyphosphate",395.6,3.0,2063.5,11.3,0.59,10.0,2.6,5,1,0,2,0,37,High Risk
890493963095,Fried Street-Style Savory Mix #1284,Snacks,"refined flour, re-used palm oil, metanil yellow, excess salt, msg",642.2,1.3,1611.4,25.3,3.79,6.6,1.0,6,2,0,2,1,5,High Risk
890990534239,Adulterated Turmeric with Metanil Yellow #1285,Spices & Condiments,"turmeric powder, lead chromate trace, chalk powder, metanil yellow color",241.2,2.0,181.6,1.3,0.0,4.9,11.1,3,1,0,0,1,55,High Risk
890288489411,Adulterated Turmeric with Metanil Yellow #1286,Spices & Condiments,"turmeric powder, lead chromate trace, chalk powder, metanil yellow color",261.8,2.3,212.8,1.7,0.0,4.7,13.1,3,1,0,0,1,56,High Risk
890360879193,Pure Green Tea Bag #1287,Beverages,100% organic green tea leaves,1.0,0.0,0.9,0.0,0.0,0.2,0.0,0,0,0,0,0,99,Low Risk
890702074357,Adulterated Butter with Animal Fat & Starch #1288,Dairy,"milk fat, animal tallow, starch, yellow dye 5, preservative",586.2,0.4,691.2,56.6,4.08,0.5,0.0,4,1,0,2,1,5,High Risk
890645713288,Pure Green Tea Bag #1289,Beverages,100% organic green tea leaves,0.9,0.0,1.0,0.0,0.0,0.2,0.0,0,0,0,0,0,99,Low Risk
890219993987,Oat & Honey Granola Bar #1290,Bakery & Confectionery,"rolled oats, honey, almonds, crisped rice, sunflower oil, salt",365.4,14.9,187.1,2.2,0.0,9.0,6.0,0,0,0,0,0,99,Low Risk
890960002144,Coconut Water 100% Pure #1291,Beverages,pure tender coconut water,20.2,3.5,29.2,0.1,0.0,0.7,1.2,0,0,0,0,0,99,Low Risk
890560765359,Fried Street-Style Savory Mix #1292,Snacks,"refined flour, re-used palm oil, metanil yellow, excess salt, msg",511.6,1.5,1533.7,21.4,3.74,5.6,1.1,6,2,0,2,1,5,High Risk
890921672148,Extruded Spicy Puffs #1293,Snacks,"corn meal, palm olein, maltodextrin, sunset yellow fcf, tartrazine, tbhq, msg, artificial flavors",519.9,3.8,1386.1,15.5,1.27,5.2,1.4,7,2,0,2,1,5,High Risk
890901908072,Adulterated Mustard Oil with Argemone #1294,Spices & Condiments,"mustard oil, argemone oil, mineral oil, butter yellow dye",974.9,0.0,5.7,10.4,1.47,0.0,0.0,3,1,0,0,1,17,High Risk
890447807621,Cottage Cheese (Paneer) #1295,Dairy,"pasteurized milk, citric acid",234.4,1.4,26.0,14.8,0.0,19.8,0.0,0,0,0,0,0,98,Low Risk
890810656062,Skimmed Milk #1296,Dairy,"skimmed milk, vitamin a, vitamin d3",34.2,5.2,56.3,0.2,0.0,3.2,0.0,0,0,0,0,0,99,Low Risk
890285254108,Commercial Potato Crisps #1297,Snacks,"potatoes, palm oil, salt, monosodium glutamate, flavor enhancer 635, dextrose",558.3,0.7,707.6,11.5,0.57,6.4,3.0,4,0,0,1,0,68,Moderate Risk
890612651383,Coconut Water 100% Pure #1298,Beverages,pure tender coconut water,18.8,3.4,24.4,0.1,0.0,0.8,1.2,0,0,0,0,0,99,Low Risk
890284679699,Diet Soda with Multiple Sweeteners #1299,Beverages,"carbonated water, aspartame, acesulfame potassium, caramel iv, sodium benzoate, phosphoric acid",1.1,0.0,34.2,0.0,0.0,0.0,0.0,5,1,2,1,0,66,Moderate Risk
890907171084,Low-Cost Synthetic Fruit Drink #1300,Beverages,"water, invert sugar syrup, metanil yellow, citric acid, clouding agent, artificial mango flavor, potassium metabisulphite",55.3,14.7,48.3,0.0,0.0,0.0,0.0,6,2,0,2,1,19,High Risk
890356832051,Baked Whole Grain Crackers #1301,Snacks,"whole wheat flour, canola oil, sea salt, malt extract",384.7,3.0,414.8,1.9,0.0,9.7,7.5,0,0,0,0,0,99,Low Risk
890499490855,Pure Green Tea Bag #1302,Beverages,100% organic green tea leaves,1.1,0.0,1.0,0.0,0.0,0.2,0.0,0,0,0,0,0,99,Low Risk
890943431215,Roasted Chickpeas #1303,Snacks,"chickpeas, olive oil, sea salt",416.7,2.4,304.3,1.4,0.0,20.0,15.9,0,0,0,0,0,99,Low Risk
890627141904,Dark Chocolate 85% #1304,Bakery & Confectionery,"cocoa mass, cocoa butter, cane sugar, vanilla beans",530.4,15.6,13.9,29.7,0.0,9.2,10.8,0,0,0,0,0,88,Low Risk
890693609899,Roasted Chickpeas #1305,Snacks,"chickpeas, olive oil, sea salt",417.7,2.3,298.2,1.4,0.0,17.2,17.9,0,0,0,0,0,99,Low Risk
890471708245,Cottage Cheese (Paneer) #1306,Dairy,"pasteurized milk, citric acid",228.1,1.3,20.2,15.5,0.0,18.1,0.0,0,0,0,0,0,97,Low Risk
890939227368,Energy Drink with High Caffeine #1307,Beverages,"carbonated water, sucrose, glucose, taurine, caffeine, inositol, niacinamide, pyridoxine, color e133, sodium benzoate",43.8,12.6,79.0,0.0,0.0,0.4,0.0,6,1,0,2,0,66,Moderate Risk
890561089393,Whole Cow Milk #1308,Dairy,"milk, vitamin d3",65.6,5.4,43.8,2.9,0.0,2.9,0.0,0,0,0,0,0,99,Low Risk
890641117595,Oat & Honey Granola Bar #1309,Bakery & Confectionery,"rolled oats, honey, almonds, crisped rice, sunflower oil, salt",458.3,12.8,153.9,2.0,0.0,9.0,5.7,0,0,0,0,0,99,Low Risk
890825959720,Instant Fried Noodles #1310,Snacks,"wheat flour, palm oil, salt, guar gum, flavor enhancer 621, caramel iv, sodium polyphosphate",446.2,3.1,2097.5,8.9,0.45,9.1,2.3,5,1,0,2,0,52,Moderate Risk
890117286530,Roasted Chickpeas #1311,Snacks,"chickpeas, olive oil, sea salt",348.7,2.2,284.8,1.1,0.0,17.6,15.9,0,0,0,0,0,99,Low Risk
890212980679,Pure Green Tea Bag #1312,Beverages,100% organic green tea leaves,1.1,0.0,1.0,0.0,0.0,0.2,0.0,0,0,0,0,0,99,Low Risk
890877538814,Whole Cow Milk #1313,Dairy,"milk, vitamin d3",61.4,4.6,43.2,3.2,0.0,3.0,0.0,0,0,0,0,0,99,Low Risk
890374066293,Organic Trail Mix #1314,Snacks,"almonds, walnuts, raisins, sunflower seeds, pumpkin seeds",492.2,21.0,17.0,3.8,0.0,14.6,8.3,0,0,0,0,0,99,Moderate Risk
890363068972,Pure Green Tea Bag #1315,Beverages,100% organic green tea leaves,1.1,0.0,1.0,0.0,0.0,0.2,0.0,0,0,0,0,0,99,Low Risk
890813842218,Cottage Cheese (Paneer) #1316,Dairy,"pasteurized milk, citric acid",266.2,1.3,25.3,17.7,0.0,17.6,0.0,0,0,0,0,0,94,Low Risk
890693435931,Roasted Chickpeas #1317,Snacks,"chickpeas, olive oil, sea salt",365.8,2.1,263.2,1.2,0.0,18.3,16.8,0,0,0,0,0,99,Low Risk
890542097134,Industrial White Sandwich Bread #1318,Bakery & Confectionery,"refined wheat flour, sugar, yeast, palm oil, calcium propionate, emulsifier 481, flour treatment agent 300",247.4,5.4,525.0,1.2,0.04,8.3,2.1,4,0,0,2,0,83,Moderate Risk
890681074107,Roasted Chickpeas #1319,Snacks,"chickpeas, olive oil, sea salt",368.4,2.4,292.5,1.4,0.0,19.0,16.4,0,0,0,0,0,99,Low Risk
890281287727,Adulterated Butter with Animal Fat & Starch #1320,Dairy,"milk fat, animal tallow, starch, yellow dye 5, preservative",643.6,0.4,584.5,50.3,3.99,0.5,0.0,4,1,0,2,1,5,High Risk
890176415376,Pure Red Chilli Powder #1321,Spices & Condiments,100% dried red chillies,312.8,6.3,33.3,3.6,0.0,10.9,25.4,0,0,0,0,0,99,Low Risk
890375006753,Flavored Fruit Yogurt #1322,Dairy,"milk, sugar, strawberries, modified corn starch, carmine color, potassium sorbate",107.5,17.6,72.3,1.6,0.0,4.1,0.5,3,1,0,1,0,77,Moderate Risk
890340986145,Low-Cost Synthetic Fruit Drink #1323,Beverages,"water, invert sugar syrup, metanil yellow, citric acid, clouding agent, artificial mango flavor, potassium metabisulphite",57.2,15.4,40.4,0.0,0.0,0.0,0.0,6,2,0,2,1,19,High Risk
890679925374,Cold Pressed Orange Juice #1324,Beverages,100% freshly pressed oranges,50.4,7.6,1.9,0.1,0.0,0.6,1.4,0,0,0,0,0,99,Low Risk
890827905355,Instant Fried Noodles #1325,Snacks,"wheat flour, palm oil, salt, guar gum, flavor enhancer 621, caramel iv, sodium polyphosphate",392.0,2.8,1982.7,11.0,0.74,8.5,2.7,5,1,0,2,0,35,High Risk
890450774540,Greek Plain Yogurt #1326,Dairy,"cultured pasteurized nonfat milk, live active cultures",55.7,3.9,42.6,0.5,0.0,10.9,0.0,0,0,0,0,0,99,Low Risk
890833878575,Oat & Honey Granola Bar #1327,Bakery & Confectionery,"rolled oats, honey, almonds, crisped rice, sunflower oil, salt",420.1,15.5,188.0,2.1,0.0,8.1,5.6,0,0,0,0,0,99,Low Risk
890770787785,Fried Street-Style Savory Mix #1328,Snacks,"refined flour, re-used palm oil, metanil yellow, excess salt, msg",591.8,1.6,1587.9,20.9,3.54,5.5,1.0,6,2,0,2,1,5,High Risk
890435865402,Baked Whole Grain Crackers #1329,Snacks,"whole wheat flour, canola oil, sea salt, malt extract",408.8,2.3,386.4,1.9,0.0,9.2,7.2,0,0,0,0,0,99,Low Risk
890352383646,Organic Trail Mix #1330,Snacks,"almonds, walnuts, raisins, sunflower seeds, pumpkin seeds",454.2,19.0,17.5,4.8,0.0,13.9,7.5,0,0,0,0,0,99,Moderate Risk
890790739276,Coconut Water 100% Pure #1331,Beverages,pure tender coconut water,16.8,3.5,27.2,0.1,0.0,0.7,1.1,0,0,0,0,0,99,Low Risk
890907019557,Diet Soda with Multiple Sweeteners #1332,Beverages,"carbonated water, aspartame, acesulfame potassium, caramel iv, sodium benzoate, phosphoric acid",1.1,0.0,38.1,0.0,0.0,0.0,0.0,5,1,2,1,0,66,Moderate Risk
890538286698,Whole Cow Milk #1333,Dairy,"milk, vitamin d3",69.2,4.6,43.1,2.8,0.0,3.5,0.0,0,0,0,0,0,99,Low Risk
890974172883,Carbonated Cola Drink #1334,Beverages,"carbonated water, high fructose corn syrup, caramel color iv, phosphoric acid, caffeine, artificial flavors",43.7,10.1,13.0,0.0,0.0,0.0,0.0,4,1,0,1,0,78,Moderate Risk
890644101396,Dark Chocolate 85% #1335,Bakery & Confectionery,"cocoa mass, cocoa butter, cane sugar, vanilla beans",529.4,14.2,13.5,30.2,0.0,8.0,10.9,0,0,0,0,0,89,Low Risk
890516323110,Extruded Spicy Puffs #1336,Snacks,"corn meal, palm olein, maltodextrin, sunset yellow fcf, tartrazine, tbhq, msg, artificial flavors",539.6,4.4,1344.0,15.3,1.15,5.2,1.4,7,2,0,2,1,5,High Risk
890151077960,Diet Soda with Multiple Sweeteners #1337,Beverages,"carbonated water, aspartame, acesulfame potassium, caramel iv, sodium benzoate, phosphoric acid",0.9,0.0,39.1,0.0,0.0,0.0,0.0,5,1,2,1,0,66,Moderate Risk
890411363594,Dark Chocolate 85% #1338,Bakery & Confectionery,"cocoa mass, cocoa butter, cane sugar, vanilla beans",614.3,15.5,13.0,25.6,0.0,8.9,10.2,0,0,0,0,0,87,Low Risk
890512182555,Whole Cow Milk #1339,Dairy,"milk, vitamin d3",55.2,5.3,43.1,3.1,0.0,3.5,0.0,0,0,0,0,0,99,Low Risk
890690394571,Extruded Spicy Puffs #1340,Snacks,"corn meal, palm olein, maltodextrin, sunset yellow fcf, tartrazine, tbhq, msg, artificial flavors",532.3,3.7,1152.0,17.3,1.29,5.2,1.4,7,2,0,2,1,5,High Risk
890110495019,Dark Chocolate 85% #1341,Bakery & Confectionery,"cocoa mass, cocoa butter, cane sugar, vanilla beans",541.0,15.2,13.9,30.0,0.0,9.1,10.8,0,0,0,0,0,88,Low Risk
890968203556,Low-Cost Synthetic Fruit Drink #1342,Beverages,"water, invert sugar syrup, metanil yellow, citric acid, clouding agent, artificial mango flavor, potassium metabisulphite",49.6,16.7,49.1,0.0,0.0,0.0,0.0,6,2,0,2,1,18,High Risk
890736912078,Synthetic Colored Hard Candies #1343,Bakery & Confectionery,"sugar, liquid glucose, allura red, brilliant blue fcf, tartrazine, artificial fruit flavor, citric acid",404.9,70.7,94.8,0.0,0.0,0.0,0.0,5,3,0,1,1,5,High Risk
890188584239,100% Whole Wheat Sourdough #1344,Bakery & Confectionery,"whole wheat flour, water, sourdough culture, sea salt",264.6,1.6,499.9,0.4,0.0,11.4,5.7,0,0,0,0,0,99,Low Risk
890134327118,Commercial Potato Crisps #1345,Snacks,"potatoes, palm oil, salt, monosodium glutamate, flavor enhancer 635, dextrose",594.6,0.8,763.6,14.4,0.55,6.5,3.5,4,0,0,1,0,65,Moderate Risk
890100163728,Diet Soda with Multiple Sweeteners #1346,Beverages,"carbonated water, aspartame, acesulfame potassium, caramel iv, sodium benzoate, phosphoric acid",1.1,0.0,37.3,0.0,0.0,0.0,0.0,5,1,2,1,0,66,Moderate Risk
890767692817,Synthetic Colored Hard Candies #1347,Bakery & Confectionery,"sugar, liquid glucose, allura red, brilliant blue fcf, tartrazine, artificial fruit flavor, citric acid",392.7,78.8,87.4,0.0,0.0,0.0,0.0,5,3,0,1,1,5,High Risk
890824374161,Processed Nacho Chips #1348,Snacks,"corn, vegetable fat, whey powder, disodium guanylate, artificial cheese flavor, yellow 6 lake",526.9,2.1,1003.6,9.8,0.85,6.8,3.8,5,1,0,1,0,53,Moderate Risk
890838693166,Extruded Spicy Puffs #1349,Snacks,"corn meal, palm olein, maltodextrin, sunset yellow fcf, tartrazine, tbhq, msg, artificial flavors",625.8,3.8,1458.5,18.5,1.39,5.4,1.6,7,2,0,2,1,5,High Risk
890197298901,Standard Processed Cheese #1350,Dairy,"milk, salt, cheese cultures, enzymes, sodium phosphate, annatto",297.1,1.2,1033.4,18.5,0.45,19.4,0.0,3,1,0,1,0,61,Moderate Risk
890473875798,Skimmed Milk #1351,Dairy,"skimmed milk, vitamin a, vitamin d3",36.3,5.8,48.3,0.2,0.0,3.3,0.0,0,0,0,0,0,99,Low Risk
890981859035,Pure Green Tea Bag #1352,Beverages,100% organic green tea leaves,1.0,0.0,1.2,0.0,0.0,0.2,0.0,0,0,0,0,0,99,Low Risk
890775894339,Energy Drink with High Caffeine #1353,Beverages,"carbonated water, sucrose, glucose, taurine, caffeine, inositol, niacinamide, pyridoxine, color e133, sodium benzoate",52.8,13.0,78.3,0.0,0.0,0.4,0.0,6,1,0,2,0,66,Moderate Risk
890772627018,Energy Drink with High Caffeine #1354,Beverages,"carbonated water, sucrose, glucose, taurine, caffeine, inositol, niacinamide, pyridoxine, color e133, sodium benzoate",47.9,10.3,75.4,0.0,0.0,0.4,0.0,6,1,0,2,0,68,Moderate Risk
890245904189,Standard Processed Cheese #1355,Dairy,"milk, salt, cheese cultures, enzymes, sodium phosphate, annatto",281.6,1.2,1239.8,25.0,0.52,18.3,0.0,3,1,0,1,0,42,Moderate Risk
890620264296,Cold Pressed Orange Juice #1356,Beverages,100% freshly pressed oranges,49.0,8.1,2.2,0.1,0.0,0.7,1.6,0,0,0,0,0,99,Low Risk
890139390880,Fried Street-Style Savory Mix #1357,Snacks,"refined flour, re-used palm oil, metanil yellow, excess salt, msg",612.7,1.3,1259.6,18.9,3.44,6.4,0.9,6,2,0,2,1,5,High Risk
890511933093,Pure Red Chilli Powder #1358,Spices & Condiments,100% dried red chillies,298.1,6.3,27.9,3.3,0.0,11.4,27.7,0,0,0,0,0,99,Low Risk
890762747672,Industrial White Sandwich Bread #1359,Bakery & Confectionery,"refined wheat flour, sugar, yeast, palm oil, calcium propionate, emulsifier 481, flour treatment agent 300",232.8,5.4,474.1,1.4,0.11,7.5,2.0,4,0,0,2,0,83,Moderate Risk
890294699007,Dark Chocolate 85% #1360,Bakery & Confectionery,"cocoa mass, cocoa butter, cane sugar, vanilla beans",590.7,12.1,14.8,31.8,0.0,8.7,10.7,0,0,0,0,0,90,Low Risk
890866731313,Pure Red Chilli Powder #1361,Spices & Condiments,100% dried red chillies,359.7,8.3,31.8,3.6,0.0,12.4,28.2,0,0,0,0,0,99,Low Risk
890180690178,Whole Cow Milk #1362,Dairy,"milk, vitamin d3",55.8,4.4,39.9,3.3,0.0,3.3,0.0,0,0,0,0,0,99,Low Risk
890340676412,Baked Whole Grain Crackers #1363,Snacks,"whole wheat flour, canola oil, sea salt, malt extract",447.7,2.8,450.7,2.0,0.0,8.5,7.7,0,0,0,0,0,99,Low Risk
890453802581,Diet Soda with Multiple Sweeteners #1364,Beverages,"carbonated water, aspartame, acesulfame potassium, caramel iv, sodium benzoate, phosphoric acid",0.9,0.0,39.7,0.0,0.0,0.0,0.0,5,1,2,1,0,66,Moderate Risk
890858790496,Cottage Cheese (Paneer) #1365,Dairy,"pasteurized milk, citric acid",246.1,1.1,23.9,19.9,0.0,19.4,0.0,0,0,0,0,0,93,Low Risk
890592334564,Extruded Spicy Puffs #1366,Snacks,"corn meal, palm olein, maltodextrin, sunset yellow fcf, tartrazine, tbhq, msg, artificial flavors",485.9,4.0,1456.3,18.1,1.27,5.4,1.5,7,2,0,2,1,5,High Risk
890280729302,Dark Chocolate 85% #1367,Bakery & Confectionery,"cocoa mass, cocoa butter, cane sugar, vanilla beans",528.4,13.8,15.9,30.4,0.0,8.4,10.3,0,0,0,0,0,89,Low Risk
890544299421,Greek Plain Yogurt #1368,Dairy,"cultured pasteurized nonfat milk, live active cultures",55.2,3.6,30.8,0.3,0.0,9.8,0.0,0,0,0,0,0,99,Low Risk
890654916736,Skimmed Milk #1369,Dairy,"skimmed milk, vitamin a, vitamin d3",36.6,5.2,47.9,0.2,0.0,3.4,0.0,0,0,0,0,0,99,Low Risk
890576801592,Pure Extra Virgin Olive Oil #1370,Spices & Condiments,100% extra virgin cold pressed olive oil,751.4,0.0,2.2,15.3,0.0,0.0,0.0,0,0,0,0,0,90,Low Risk
890266879886,Energy Drink with High Caffeine #1371,Beverages,"carbonated water, sucrose, glucose, taurine, caffeine, inositol, niacinamide, pyridoxine, color e133, sodium benzoate",46.4,12.0,76.3,0.0,0.0,0.4,0.0,6,1,0,2,0,67,Moderate Risk
890852781766,Flavored Fruit Yogurt #1372,Dairy,"milk, sugar, strawberries, modified corn starch, carmine color, potassium sorbate",113.6,17.6,72.2,1.3,0.0,4.3,0.5,3,1,0,1,0,78,Moderate Risk
890944729749,Coconut Water 100% Pure #1373,Beverages,pure tender coconut water,16.9,3.0,28.8,0.1,0.0,0.7,1.1,0,0,0,0,0,99,Low Risk
890645832823,Cold Pressed Orange Juice #1374,Beverages,100% freshly pressed oranges,48.0,7.8,2.0,0.1,0.0,0.7,1.5,0,0,0,0,0,99,Low Risk
890118740580,Pure Ground Turmeric Powder #1375,Spices & Condiments,100% turmeric rhizome powder,320.3,2.9,40.4,2.9,0.0,10.4,21.6,0,0,0,0,0,99,Low Risk
890320596163,Low-Cost Synthetic Fruit Drink #1376,Beverages,"water, invert sugar syrup, metanil yellow, citric acid, clouding agent, artificial mango flavor, potassium metabisulphite",62.5,12.9,47.6,0.0,0.0,0.0,0.0,6,2,0,2,1,21,High Risk
890770232499,Industrial White Sandwich Bread #1377,Bakery & Confectionery,"refined wheat flour, sugar, yeast, palm oil, calcium propionate, emulsifier 481, flour treatment agent 300",244.3,4.2,602.0,1.1,0.33,7.2,1.9,4,0,0,2,0,81,Moderate Risk
890399347419,Adulterated Butter with Animal Fat & Starch #1378,Dairy,"milk fat, animal tallow, starch, yellow dye 5, preservative",608.3,0.5,544.6,59.3,4.03,0.5,0.0,4,1,0,2,1,5,High Risk
890838209837,Fried Street-Style Savory Mix #1379,Snacks,"refined flour, re-used palm oil, metanil yellow, excess salt, msg",568.7,1.6,1466.0,24.2,3.66,5.6,0.9,6,2,0,2,1,5,High Risk
890101366260,Organic Trail Mix #1380,Snacks,"almonds, walnuts, raisins, sunflower seeds, pumpkin seeds",446.0,21.0,14.8,4.1,0.0,14.3,8.6,0,0,0,0,0,99,Moderate Risk
890314445568,Baked Whole Grain Crackers #1381,Snacks,"whole wheat flour, canola oil, sea salt, malt extract",478.1,2.5,348.5,2.1,0.0,9.6,7.5,0,0,0,0,0,99,Low Risk
890555269818,100% Whole Wheat Sourdough #1382,Bakery & Confectionery,"whole wheat flour, water, sourdough culture, sea salt",259.0,1.6,409.4,0.5,0.0,11.5,6.3,0,0,0,0,0,99,Low Risk
890892515957,Whole Cow Milk #1383,Dairy,"milk, vitamin d3",55.3,5.0,44.7,3.6,0.0,3.1,0.0,0,0,0,0,0,99,Low Risk
890766338576,Pure Green Tea Bag #1384,Beverages,100% organic green tea leaves,1.0,0.0,1.0,0.0,0.0,0.2,0.0,0,0,0,0,0,99,Low Risk
890740818647,Dark Chocolate 85% #1385,Bakery & Confectionery,"cocoa mass, cocoa butter, cane sugar, vanilla beans",639.9,15.5,14.9,32.8,0.0,8.4,10.6,0,0,0,0,0,87,Low Risk
890352259480,Fresh Butter #1386,Dairy,"pasteurized cream, salt",744.0,0.1,680.6,53.0,0.0,0.8,0.0,0,0,0,0,0,76,Moderate Risk
890581838761,Adulterated Low-Cost Paneer #1387,Dairy,"milk solids, vegetable oil, starch, sulfuric acid trace, detergent trace",319.2,3.1,491.0,18.3,2.51,9.0,0.0,4,0,0,2,1,5,High Risk
890833690553,Fried Street-Style Savory Mix #1388,Snacks,"refined flour, re-used palm oil, metanil yellow, excess salt, msg",521.8,1.5,1720.1,24.1,3.46,6.5,0.9,6,2,0,2,1,5,High Risk
890720051847,Greek Plain Yogurt #1389,Dairy,"cultured pasteurized nonfat milk, live active cultures",55.5,3.6,32.8,0.3,0.0,9.5,0.0,0,0,0,0,0,99,Low Risk
890142385152,Skimmed Milk #1390,Dairy,"skimmed milk, vitamin a, vitamin d3",39.1,4.6,48.7,0.2,0.0,3.4,0.0,0,0,0,0,0,99,Low Risk
890917101762,Baked Whole Grain Crackers #1391,Snacks,"whole wheat flour, canola oil, sea salt, malt extract",378.1,2.6,375.8,2.0,0.0,8.4,6.9,0,0,0,0,0,99,Low Risk
890664445678,Whole Cow Milk #1392,Dairy,"milk, vitamin d3",69.4,4.9,47.2,3.7,0.0,3.3,0.0,0,0,0,0,0,99,Low Risk
890856588969,Extruded Spicy Puffs #1393,Snacks,"corn meal, palm olein, maltodextrin, sunset yellow fcf, tartrazine, tbhq, msg, artificial flavors",528.7,4.4,1308.7,15.1,1.1,4.8,1.4,7,2,0,2,1,5,High Risk
890210336613,Pure Red Chilli Powder #1394,Spices & Condiments,100% dried red chillies,364.8,8.2,33.1,3.4,0.0,11.8,28.8,0,0,0,0,0,99,Low Risk
890637425495,Low-Cost Synthetic Fruit Drink #1395,Beverages,"water, invert sugar syrup, metanil yellow, citric acid, clouding agent, artificial mango flavor, potassium metabisulphite",51.7,14.3,47.2,0.0,0.0,0.0,0.0,6,2,0,2,1,20,High Risk
890513522881,Industrial White Sandwich Bread #1396,Bakery & Confectionery,"refined wheat flour, sugar, yeast, palm oil, calcium propionate, emulsifier 481, flour treatment agent 300",245.4,4.3,465.7,1.0,0.17,7.8,1.9,4,0,0,2,0,84,Moderate Risk
890540292877,Synthetic Milk Sample #1397,Dairy,"urea, detergent, refined vegetable oil, caustic soda, water",193.4,0.6,866.1,14.8,4.4,1.2,0.0,5,0,0,3,1,5,High Risk
890808296247,Synthetic Colored Hard Candies #1398,Bakery & Confectionery,"sugar, liquid glucose, allura red, brilliant blue fcf, tartrazine, artificial fruit flavor, citric acid",351.4,77.9,71.8,0.0,0.0,0.0,0.0,5,3,0,1,1,5,High Risk
890615765160,Cold Pressed Orange Juice #1399,Beverages,100% freshly pressed oranges,48.0,9.0,1.8,0.1,0.0,0.7,1.4,0,0,0,0,0,99,Low Risk
890392723030,Pure Red Chilli Powder #1400,Spices & Condiments,100% dried red chillies,292.9,6.6,27.0,3.1,0.0,12.0,25.1,0,0,0,0,0,99,Low Risk
890826917645,Adulterated Low-Cost Paneer #1401,Dairy,"milk solids, vegetable oil, starch, sulfuric acid trace, detergent trace",281.9,4.1,527.2,20.3,2.68,8.4,0.0,4,0,0,2,1,5,High Risk
890946260651,Industrial White Sandwich Bread #1402,Bakery & Confectionery,"refined wheat flour, sugar, yeast, palm oil, calcium propionate, emulsifier 481, flour treatment agent 300",287.3,5.1,442.0,1.3,0.11,7.4,2.0,4,0,0,2,0,84,Moderate Risk
890509329494,Pure Ground Turmeric Powder #1403,Spices & Condiments,100% turmeric rhizome powder,339.8,3.4,36.1,3.0,0.0,10.0,23.8,0,0,0,0,0,99,Low Risk
890444161514,100% Whole Wheat Sourdough #1404,Bakery & Confectionery,"whole wheat flour, water, sourdough culture, sea salt",274.5,1.3,473.7,0.4,0.0,10.1,6.4,0,0,0,0,0,99,Low Risk
890105346792,Instant Fried Noodles #1405,Snacks,"wheat flour, palm oil, salt, guar gum, flavor enhancer 621, caramel iv, sodium polyphosphate",500.3,2.7,1881.4,10.2,0.41,9.8,2.7,5,1,0,2,0,47,Moderate Risk
890708287291,Pure Red Chilli Powder #1406,Spices & Condiments,100% dried red chillies,311.9,7.1,29.9,3.5,0.0,12.5,28.6,0,0,0,0,0,99,Low Risk
890966094419,Diet Soda with Multiple Sweeteners #1407,Beverages,"carbonated water, aspartame, acesulfame potassium, caramel iv, sodium benzoate, phosphoric acid",1.0,0.0,39.7,0.0,0.0,0.0,0.0,5,1,2,1,0,66,Moderate Risk
890160401886,Adulterated Low-Cost Paneer #1408,Dairy,"milk solids, vegetable oil, starch, sulfuric acid trace, detergent trace",267.2,4.2,538.9,16.1,2.41,8.6,0.0,4,0,0,2,1,5,High Risk
890945192476,Processed Nacho Chips #1409,Snacks,"corn, vegetable fat, whey powder, disodium guanylate, artificial cheese flavor, yellow 6 lake",521.5,2.2,947.6,9.8,1.02,6.4,3.9,5,1,0,1,0,52,Moderate Risk
890187699077,Adulterated Low-Cost Paneer #1410,Dairy,"milk solids, vegetable oil, starch, sulfuric acid trace, detergent trace",282.6,3.1,474.5,17.5,2.42,9.0,0.0,4,0,0,2,1,5,High Risk
890303656594,Processed Nacho Chips #1411,Snacks,"corn, vegetable fat, whey powder, disodium guanylate, artificial cheese flavor, yellow 6 lake",537.6,2.1,785.6,9.0,0.82,6.5,4.2,5,1,0,1,0,62,Moderate Risk
890259698881,Standard Processed Cheese #1412,Dairy,"milk, salt, cheese cultures, enzymes, sodium phosphate, annatto",365.4,1.3,1330.7,18.1,0.78,19.5,0.0,3,1,0,1,0,44,Moderate Risk
890294004042,Adulterated Mustard Oil with Argemone #1413,Spices & Condiments,"mustard oil, argemone oil, mineral oil, butter yellow dye",819.8,0.0,5.1,12.6,1.59,0.0,0.0,3,1,0,0,1,13,High Risk
890395337084,Energy Drink with High Caffeine #1414,Beverages,"carbonated water, sucrose, glucose, taurine, caffeine, inositol, niacinamide, pyridoxine, color e133, sodium benzoate",45.8,10.6,91.6,0.0,0.0,0.4,0.0,6,1,0,2,0,68,Moderate Risk
890125733273,Pure Ground Turmeric Powder #1415,Spices & Condiments,100% turmeric rhizome powder,285.8,2.8,40.1,3.1,0.0,9.0,21.8,0,0,0,0,0,99,Low Risk
890969487262,Pure Red Chilli Powder #1416,Spices & Condiments,100% dried red chillies,319.8,7.7,28.1,3.6,0.0,12.6,24.7,0,0,0,0,0,99,Low Risk
890199651058,Pure Extra Virgin Olive Oil #1417,Spices & Condiments,100% extra virgin cold pressed olive oil,863.6,0.0,2.0,13.7,0.0,0.0,0.0,0,0,0,0,0,91,Low Risk
890908867772,Skimmed Milk #1418,Dairy,"skimmed milk, vitamin a, vitamin d3",39.2,4.4,55.4,0.2,0.0,3.1,0.0,0,0,0,0,0,99,Low Risk
890510530770,Synthetic Colored Hard Candies #1419,Bakery & Confectionery,"sugar, liquid glucose, allura red, brilliant blue fcf, tartrazine, artificial fruit flavor, citric acid",376.2,61.9,71.2,0.0,0.0,0.0,0.0,5,3,0,1,1,5,High Risk
890108558970,Pure Green Tea Bag #1420,Beverages,100% organic green tea leaves,1.0,0.0,0.9,0.0,0.0,0.2,0.0,0,0,0,0,0,99,Low Risk
890467635263,Instant Fried Noodles #1421,Snacks,"wheat flour, palm oil, salt, guar gum, flavor enhancer 621, caramel iv, sodium polyphosphate",476.7,3.1,1634.1,11.6,0.52,9.9,2.3,5,1,0,2,0,38,High Risk
890304241328,Instant Fried Noodles #1422,Snacks,"wheat flour, palm oil, salt, guar gum, flavor enhancer 621, caramel iv, sodium polyphosphate",433.2,2.4,1576.8,8.4,0.63,9.4,2.3,5,1,0,2,0,43,Moderate Risk
890815694593,100% Whole Wheat Sourdough #1423,Bakery & Confectionery,"whole wheat flour, water, sourdough culture, sea salt",258.8,1.4,390.9,0.4,0.0,11.2,6.6,0,0,0,0,0,99,Low Risk
890325702757,Pure Red Chilli Powder #1424,Spices & Condiments,100% dried red chillies,293.8,8.6,29.7,3.2,0.0,11.4,25.8,0,0,0,0,0,99,Low Risk
890484395903,Pure Ground Turmeric Powder #1425,Spices & Condiments,100% turmeric rhizome powder,297.8,3.0,38.0,2.6,0.0,10.3,21.3,0,0,0,0,0,99,Low Risk
890275135156,Standard Processed Cheese #1426,Dairy,"milk, salt, cheese cultures, enzymes, sodium phosphate, annatto",325.0,1.2,1132.1,17.9,0.66,16.7,0.0,3,1,0,1,0,49,Moderate Risk
890228938105,Low-Cost Synthetic Fruit Drink #1427,Beverages,"water, invert sugar syrup, metanil yellow, citric acid, clouding agent, artificial mango flavor, potassium metabisulphite",64.2,13.7,42.3,0.0,0.0,0.0,0.0,6,2,0,2,1,20,High Risk
890751149081,Baked Whole Grain Crackers #1428,Snacks,"whole wheat flour, canola oil, sea salt, malt extract",383.9,2.9,411.2,1.8,0.0,8.9,7.3,0,0,0,0,0,99,Low Risk
890552038185,Dark Chocolate 85% #1429,Bakery & Confectionery,"cocoa mass, cocoa butter, cane sugar, vanilla beans",666.3,14.5,16.0,27.8,0.0,9.1,10.8,0,0,0,0,0,89,Low Risk
890791515529,Pure Extra Virgin Olive Oil #1430,Spices & Condiments,100% extra virgin cold pressed olive oil,989.2,0.0,1.9,16.3,0.0,0.0,0.0,0,0,0,0,0,89,Low Risk
890231548805,Cream-Filled Sandwich Cookies #1431,Bakery & Confectionery,"refined wheat flour, sugar, hydrogenated palm oil, cocoa, high fructose corn syrup, soy lecithin, vanillin, artificial chocolate flavor, tbhq",545.7,39.8,395.8,10.4,1.92,4.8,1.9,5,0,0,2,1,5,High Risk
890771825986,Adulterated Mustard Oil with Argemone #1432,Spices & Condiments,"mustard oil, argemone oil, mineral oil, butter yellow dye",957.2,0.0,5.0,11.7,1.55,0.0,0.0,3,1,0,0,1,15,High Risk
890323113515,Whole Cow Milk #1433,Dairy,"milk, vitamin d3",65.8,4.6,41.2,3.7,0.0,3.1,0.0,0,0,0,0,0,99,Low Risk
890880410707,Organic Trail Mix #1434,Snacks,"almonds, walnuts, raisins, sunflower seeds, pumpkin seeds",511.0,20.1,12.9,4.0,0.0,14.4,7.7,0,0,0,0,0,99,Moderate Risk
890303667014,Cottage Cheese (Paneer) #1435,Dairy,"pasteurized milk, citric acid",288.8,1.2,26.3,19.8,0.0,16.6,0.0,0,0,0,0,0,92,Low Risk
890377702730,Processed Nacho Chips #1436,Snacks,"corn, vegetable fat, whey powder, disodium guanylate, artificial cheese flavor, yellow 6 lake",484.7,2.2,873.5,8.8,0.78,6.9,4.3,5,1,0,1,0,58,Moderate Risk
890407231412,Roasted Chickpeas #1437,Snacks,"chickpeas, olive oil, sea salt",380.9,1.8,238.1,1.1,0.0,18.2,17.8,0,0,0,0,0,99,Low Risk
890589553912,Coconut Water 100% Pure #1438,Beverages,pure tender coconut water,16.2,3.4,23.0,0.1,0.0,0.7,1.0,0,0,0,0,0,99,Low Risk
890277336142,Adulterated Turmeric with Metanil Yellow #1439,Spices & Condiments,"turmeric powder, lead chromate trace, chalk powder, metanil yellow color",218.5,2.4,208.0,1.4,0.0,4.8,13.2,3,1,0,0,1,56,High Risk
890312276369,Cottage Cheese (Paneer) #1440,Dairy,"pasteurized milk, citric acid",293.8,1.2,26.2,15.6,0.0,18.8,0.0,0,0,0,0,0,97,Low Risk
890761415559,Adulterated Turmeric with Metanil Yellow #1441,Spices & Condiments,"turmeric powder, lead chromate trace, chalk powder, metanil yellow color",242.9,2.0,208.1,1.7,0.0,5.1,13.2,3,1,0,0,1,57,High Risk
890619331506,Adulterated Turmeric with Metanil Yellow #1442,Spices & Condiments,"turmeric powder, lead chromate trace, chalk powder, metanil yellow color",267.3,2.1,175.1,1.8,0.0,5.0,13.0,3,1,0,0,1,56,High Risk
890226793545,Commercial Tomato Ketchup #1443,Spices & Condiments,"tomato paste, sugar, distilled vinegar, salt, onion powder, sodium benzoate, potassium sorbate, pectin",104.3,26.6,1138.0,0.1,0.0,1.5,1.4,3,0,0,2,0,57,Moderate Risk
890941504344,Organic Trail Mix #1444,Snacks,"almonds, walnuts, raisins, sunflower seeds, pumpkin seeds",437.3,18.4,13.8,4.7,0.0,15.7,8.6,0,0,0,0,0,99,Moderate Risk
890102481300,Commercial Potato Crisps #1445,Snacks,"potatoes, palm oil, salt, monosodium glutamate, flavor enhancer 635, dextrose",558.7,1.0,893.4,13.1,0.34,6.6,3.0,4,0,0,1,0,68,Moderate Risk
890470087843,Greek Plain Yogurt #1446,Dairy,"cultured pasteurized nonfat milk, live active cultures",54.1,4.0,34.6,0.4,0.0,10.6,0.0,0,0,0,0,0,99,Low Risk
890892800897,Adulterated Chilli Powder with Sudan Dye #1447,Spices & Condiments,"red chilli powder, brick powder trace, sudan i dye, salt, mineral oil",243.2,4.6,593.0,4.6,0.0,6.0,12.8,4,1,0,0,1,51,High Risk
890809110067,Flavored Fruit Yogurt #1448,Dairy,"milk, sugar, strawberries, modified corn starch, carmine color, potassium sorbate",122.2,18.3,65.8,1.8,0.0,3.9,0.5,3,1,0,1,0,77,Moderate Risk
890889798148,Carbonated Cola Drink #1449,Beverages,"carbonated water, high fructose corn syrup, caramel color iv, phosphoric acid, caffeine, artificial flavors",44.5,11.6,14.1,0.0,0.0,0.0,0.0,4,1,0,1,0,77,Moderate Risk
890566151212,Roasted Chickpeas #1450,Snacks,"chickpeas, olive oil, sea salt",324.0,2.1,254.9,1.4,0.0,17.4,16.5,0,0,0,0,0,99,Low Risk
890885956315,Flavored Fruit Yogurt #1451,Dairy,"milk, sugar, strawberries, modified corn starch, carmine color, potassium sorbate",123.4,19.5,77.0,1.4,0.0,3.9,0.5,3,1,0,1,0,76,Moderate Risk
890132544748,Diet Soda with Multiple Sweeteners #1452,Beverages,"carbonated water, aspartame, acesulfame potassium, caramel iv, sodium benzoate, phosphoric acid",0.9,0.0,38.5,0.0,0.0,0.0,0.0,5,1,2,1,0,66,Moderate Risk
890315950679,Processed Nacho Chips #1453,Snacks,"corn, vegetable fat, whey powder, disodium guanylate, artificial cheese flavor, yellow 6 lake",512.9,2.4,962.5,10.0,0.93,6.1,3.7,5,1,0,1,0,53,Moderate Risk
890162044886,Adulterated Butter with Animal Fat & Starch #1454,Dairy,"milk fat, animal tallow, starch, yellow dye 5, preservative",604.9,0.4,651.1,50.1,3.8,0.5,0.0,4,1,0,2,1,5,High Risk
890270358692,Pure Extra Virgin Olive Oil #1455,Spices & Condiments,100% extra virgin cold pressed olive oil,833.3,0.0,1.8,13.1,0.0,0.0,0.0,0,0,0,0,0,92,Low Risk
890946659722,Synthetic Colored Hard Candies #1456,Bakery & Confectionery,"sugar, liquid glucose, allura red, brilliant blue fcf, tartrazine, artificial fruit flavor, citric acid",377.5,86.3,88.1,0.0,0.0,0.0,0.0,5,3,0,1,1,5,High Risk
890938198648,Fresh Butter #1457,Dairy,"pasteurized cream, salt",609.8,0.1,685.6,48.4,0.0,1.0,0.0,0,0,0,0,0,76,Moderate Risk
890578217624,Adulterated Low-Cost Paneer #1458,Dairy,"milk solids, vegetable oil, starch, sulfuric acid trace, detergent trace",272.8,3.0,561.5,16.8,2.58,9.2,0.0,4,0,0,2,1,5,High Risk
890991280098,Greek Plain Yogurt #1459,Dairy,"cultured pasteurized nonfat milk, live active cultures",52.6,4.0,41.1,0.4,0.0,9.8,0.0,0,0,0,0,0,99,Low Risk
890442806344,Fresh Butter #1460,Dairy,"pasteurized cream, salt",647.3,0.1,655.6,52.2,0.0,1.0,0.0,0,0,0,0,0,77,Moderate Risk
890922709610,Adulterated Low-Cost Paneer #1461,Dairy,"milk solids, vegetable oil, starch, sulfuric acid trace, detergent trace",307.6,3.5,505.6,15.7,2.76,8.8,0.0,4,0,0,2,1,5,High Risk
890293182272,Flavored Fruit Yogurt #1462,Dairy,"milk, sugar, strawberries, modified corn starch, carmine color, potassium sorbate",96.6,18.1,64.8,1.6,0.0,4.3,0.5,3,1,0,1,0,77,Moderate Risk
890243722616,Adulterated Low-Cost Paneer #1463,Dairy,"milk solids, vegetable oil, starch, sulfuric acid trace, detergent trace",313.3,3.4,452.8,19.9,2.68,8.7,0.0,4,0,0,2,1,5,High Risk
890327677197,Energy Drink with High Caffeine #1464,Beverages,"carbonated water, sucrose, glucose, taurine, caffeine, inositol, niacinamide, pyridoxine, color e133, sodium benzoate",46.2,14.1,68.2,0.0,0.0,0.4,0.0,6,1,0,2,0,65,Moderate Risk
890929860085,Pure Extra Virgin Olive Oil #1465,Spices & Condiments,100% extra virgin cold pressed olive oil,1016.2,0.0,1.8,13.0,0.0,0.0,0.0,0,0,0,0,0,92,Low Risk
890299064481,Skimmed Milk #1466,Dairy,"skimmed milk, vitamin a, vitamin d3",37.7,4.8,59.3,0.2,0.0,3.7,0.0,0,0,0,0,0,99,Low Risk
890613207510,Cream-Filled Sandwich Cookies #1467,Bakery & Confectionery,"refined wheat flour, sugar, hydrogenated palm oil, cocoa, high fructose corn syrup, soy lecithin, vanillin, artificial chocolate flavor, tbhq",513.9,43.9,356.5,9.0,1.79,4.2,2.0,5,0,0,2,1,5,High Risk
890147407981,Roasted Chickpeas #1468,Snacks,"chickpeas, olive oil, sea salt",415.9,1.9,290.7,1.4,0.0,17.5,17.6,0,0,0,0,0,99,Low Risk
890284295958,Dark Chocolate 85% #1469,Bakery & Confectionery,"cocoa mass, cocoa butter, cane sugar, vanilla beans",565.5,13.0,13.7,24.8,0.0,9.2,11.7,0,0,0,0,0,91,Low Risk
890541346538,Pure Red Chilli Powder #1470,Spices & Condiments,100% dried red chillies,358.9,6.6,25.6,3.9,0.0,12.2,29.4,0,0,0,0,0,99,Low Risk
890502170387,Organic Trail Mix #1471,Snacks,"almonds, walnuts, raisins, sunflower seeds, pumpkin seeds",555.6,16.8,15.9,4.4,0.0,16.2,7.9,0,0,0,0,0,99,Low Risk
890342999817,Baked Whole Grain Crackers #1472,Snacks,"whole wheat flour, canola oil, sea salt, malt extract",478.1,2.4,344.3,1.9,0.0,8.2,7.9,0,0,0,0,0,99,Low Risk
890909187282,Extruded Spicy Puffs #1473,Snacks,"corn meal, palm olein, maltodextrin, sunset yellow fcf, tartrazine, tbhq, msg, artificial flavors",613.9,3.8,1505.6,15.7,1.24,5.4,1.6,7,2,0,2,1,5,High Risk
890981207583,Cottage Cheese (Paneer) #1474,Dairy,"pasteurized milk, citric acid",300.2,1.2,25.1,17.0,0.0,19.4,0.0,0,0,0,0,0,96,Low Risk
890397617297,Synthetic Milk Sample #1475,Dairy,"urea, detergent, refined vegetable oil, caustic soda, water",172.4,0.6,970.8,12.9,4.4,1.2,0.0,5,0,0,3,1,5,High Risk
890702085324,Skimmed Milk #1476,Dairy,"skimmed milk, vitamin a, vitamin d3",36.0,5.3,44.3,0.2,0.0,3.2,0.0,0,0,0,0,0,99,Low Risk
890487483797,Oat & Honey Granola Bar #1477,Bakery & Confectionery,"rolled oats, honey, almonds, crisped rice, sunflower oil, salt",348.7,13.2,164.2,2.5,0.0,8.0,5.2,0,0,0,0,0,99,Low Risk
890174184547,Adulterated Butter with Animal Fat & Starch #1478,Dairy,"milk fat, animal tallow, starch, yellow dye 5, preservative",752.0,0.5,634.8,44.8,3.92,0.5,0.0,4,1,0,2,1,5,High Risk
890164135877,Adulterated Butter with Animal Fat & Starch #1479,Dairy,"milk fat, animal tallow, starch, yellow dye 5, preservative",643.4,0.4,551.4,51.1,3.97,0.5,0.0,4,1,0,2,1,5,High Risk
890819832053,Energy Drink with High Caffeine #1480,Beverages,"carbonated water, sucrose, glucose, taurine, caffeine, inositol, niacinamide, pyridoxine, color e133, sodium benzoate",54.3,12.1,78.3,0.0,0.0,0.4,0.0,6,1,0,2,0,66,Moderate Risk
890451099975,Commercial Potato Crisps #1481,Snacks,"potatoes, palm oil, salt, monosodium glutamate, flavor enhancer 635, dextrose",607.2,0.7,700.0,11.6,0.48,6.1,3.0,4,0,0,1,0,77,Moderate Risk
890247568166,Adulterated Mustard Oil with Argemone #1482,Spices & Condiments,"mustard oil, argemone oil, mineral oil, butter yellow dye",1014.3,0.0,5.6,13.0,1.45,0.0,0.0,3,1,0,0,1,15,High Risk
890620419945,Flavored Fruit Yogurt #1483,Dairy,"milk, sugar, strawberries, modified corn starch, carmine color, potassium sorbate",100.1,15.5,59.6,1.5,0.0,4.3,0.5,3,1,0,1,0,79,Moderate Risk
890229673288,Pure Green Tea Bag #1484,Beverages,100% organic green tea leaves,1.1,0.0,1.2,0.0,0.0,0.2,0.0,0,0,0,0,0,99,Low Risk
890753882060,Processed Nacho Chips #1485,Snacks,"corn, vegetable fat, whey powder, disodium guanylate, artificial cheese flavor, yellow 6 lake",551.5,2.2,913.1,8.5,0.81,6.1,4.0,5,1,0,1,0,56,Moderate Risk
890821511124,Low-Cost Synthetic Fruit Drink #1486,Beverages,"water, invert sugar syrup, metanil yellow, citric acid, clouding agent, artificial mango flavor, potassium metabisulphite",56.5,14.7,41.7,0.0,0.0,0.0,0.0,6,2,0,2,1,19,High Risk
890537074047,100% Whole Wheat Sourdough #1487,Bakery & Confectionery,"whole wheat flour, water, sourdough culture, sea salt",233.5,1.5,484.8,0.6,0.0,10.6,6.5,0,0,0,0,0,99,Low Risk
890492467820,Synthetic Colored Hard Candies #1488,Bakery & Confectionery,"sugar, liquid glucose, allura red, brilliant blue fcf, tartrazine, artificial fruit flavor, citric acid",393.4,70.9,92.2,0.0,0.0,0.0,0.0,5,3,0,1,1,5,High Risk
890476608040,Adulterated Mustard Oil with Argemone #1489,Spices & Condiments,"mustard oil, argemone oil, mineral oil, butter yellow dye",976.6,0.0,4.7,12.7,1.62,0.0,0.0,3,1,0,0,1,12,High Risk
890478589336,Organic Trail Mix #1490,Snacks,"almonds, walnuts, raisins, sunflower seeds, pumpkin seeds",503.6,19.1,17.7,4.4,0.0,16.4,8.7,0,0,0,0,0,99,Moderate Risk
890666288077,Synthetic Colored Hard Candies #1491,Bakery & Confectionery,"sugar, liquid glucose, allura red, brilliant blue fcf, tartrazine, artificial fruit flavor, citric acid",348.7,80.8,77.6,0.0,0.0,0.0,0.0,5,3,0,1,1,5,High Risk
890781137747,Fried Street-Style Savory Mix #1492,Snacks,"refined flour, re-used palm oil, metanil yellow, excess salt, msg",567.4,1.8,1443.7,22.7,3.47,5.8,0.9,6,2,0,2,1,5,High Risk
890745846369,Cold Pressed Orange Juice #1493,Beverages,100% freshly pressed oranges,47.5,9.4,2.1,0.1,0.0,0.8,1.4,0,0,0,0,0,99,Low Risk
890561856027,Low-Cost Synthetic Fruit Drink #1494,Beverages,"water, invert sugar syrup, metanil yellow, citric acid, clouding agent, artificial mango flavor, potassium metabisulphite",51.9,12.8,53.1,0.0,0.0,0.0,0.0,6,2,0,2,1,21,High Risk
890664956590,Adulterated Chilli Powder with Sudan Dye #1495,Spices & Condiments,"red chilli powder, brick powder trace, sudan i dye, salt, mineral oil",264.9,3.5,604.6,4.7,0.0,5.5,14.7,4,1,0,0,1,50,High Risk
890292515922,Oat & Honey Granola Bar #1496,Bakery & Confectionery,"rolled oats, honey, almonds, crisped rice, sunflower oil, salt",470.3,17.3,154.9,2.3,0.0,8.2,5.7,0,0,0,0,0,99,Low Risk
890143196882,Cream-Filled Sandwich Cookies #1497,Bakery & Confectionery,"refined wheat flour, sugar, hydrogenated palm oil, cocoa, high fructose corn syrup, soy lecithin, vanillin, artificial chocolate flavor, tbhq",469.0,40.9,330.3,9.4,1.88,4.8,2.2,5,0,0,2,1,5,High Risk
890696191216,Cream-Filled Sandwich Cookies #1498,Bakery & Confectionery,"refined wheat flour, sugar, hydrogenated palm oil, cocoa, high fructose corn syrup, soy lecithin, vanillin, artificial chocolate flavor, tbhq",452.7,43.0,407.5,8.9,2.04,4.5,1.8,5,0,0,2,1,5,High Risk
890299914592,Carbonated Cola Drink #1499,Beverages,"carbonated water, high fructose corn syrup, caramel color iv, phosphoric acid, caffeine, artificial flavors",36.8,10.4,12.1,0.0,0.0,0.0,0.0,4,1,0,1,0,78,Moderate Risk
890652922476,Extruded Spicy Puffs #1500,Snacks,"corn meal, palm olein, maltodextrin, sunset yellow fcf, tartrazine, tbhq, msg, artificial flavors",542.5,3.8,1528.1,16.1,1.26,5.5,1.5,7,2,0,2,1,5,High Risk
890342468842,Oat & Honey Granola Bar #1501,Bakery & Confectionery,"rolled oats, honey, almonds, crisped rice, sunflower oil, salt",471.4,13.9,179.7,1.9,0.0,8.3,5.6,0,0,0,0,0,99,Low Risk
890745284828,Extruded Spicy Puffs #1502,Snacks,"corn meal, palm olein, maltodextrin, sunset yellow fcf, tartrazine, tbhq, msg, artificial flavors",626.6,4.7,1241.7,17.9,1.36,5.0,1.4,7,2,0,2,1,5,High Risk
890279656746,Flavored Fruit Yogurt #1503,Dairy,"milk, sugar, strawberries, modified corn starch, carmine color, potassium sorbate",124.2,17.8,59.2,1.6,0.0,4.2,0.5,3,1,0,1,0,77,Moderate Risk
890704859467,Fried Street-Style Savory Mix #1504,Snacks,"refined flour, re-used palm oil, metanil yellow, excess salt, msg",525.5,1.8,1601.4,24.0,3.64,5.5,1.1,6,2,0,2,1,5,High Risk
890239741489,Adulterated Chilli Powder with Sudan Dye #1505,Spices & Condiments,"red chilli powder, brick powder trace, sudan i dye, salt, mineral oil",263.0,4.1,665.2,4.5,0.0,6.1,14.2,4,1,0,0,1,49,High Risk
890700798669,Processed Nacho Chips #1506,Snacks,"corn, vegetable fat, whey powder, disodium guanylate, artificial cheese flavor, yellow 6 lake",549.9,2.2,975.5,9.8,0.97,6.5,3.9,5,1,0,1,0,52,Moderate Risk
890584075691,Pure Green Tea Bag #1507,Beverages,100% organic green tea leaves,1.1,0.0,1.0,0.0,0.0,0.2,0.0,0,0,0,0,0,99,Low Risk
890256249421,Adulterated Turmeric with Metanil Yellow #1508,Spices & Condiments,"turmeric powder, lead chromate trace, chalk powder, metanil yellow color",220.0,2.1,207.5,1.7,0.0,5.0,13.0,3,1,0,0,1,56,High Risk
890940406826,Dark Chocolate 85% #1509,Bakery & Confectionery,"cocoa mass, cocoa butter, cane sugar, vanilla beans",525.8,13.5,13.3,25.3,0.0,8.0,11.9,0,0,0,0,0,90,Low Risk
890459548105,Skimmed Milk #1510,Dairy,"skimmed milk, vitamin a, vitamin d3",32.1,4.6,49.6,0.2,0.0,3.4,0.0,0,0,0,0,0,99,Low Risk
890546397830,Cold Pressed Orange Juice #1511,Beverages,100% freshly pressed oranges,38.3,9.2,1.7,0.1,0.0,0.7,1.6,0,0,0,0,0,99,Low Risk
890798113481,Carbonated Cola Drink #1512,Beverages,"carbonated water, high fructose corn syrup, caramel color iv, phosphoric acid, caffeine, artificial flavors",44.7,10.8,10.8,0.0,0.0,0.0,0.0,4,1,0,1,0,77,Moderate Risk
890199351358,Fried Street-Style Savory Mix #1513,Snacks,"refined flour, re-used palm oil, metanil yellow, excess salt, msg",558.8,1.5,1548.1,26.1,3.68,5.5,0.9,6,2,0,2,1,5,High Risk
890965598257,Skimmed Milk #1514,Dairy,"skimmed milk, vitamin a, vitamin d3",36.8,5.8,55.7,0.2,0.0,3.1,0.0,0,0,0,0,0,99,Low Risk
890456213179,Cream-Filled Sandwich Cookies #1515,Bakery & Confectionery,"refined wheat flour, sugar, hydrogenated palm oil, cocoa, high fructose corn syrup, soy lecithin, vanillin, artificial chocolate flavor, tbhq",523.0,34.3,379.0,10.5,1.72,4.5,1.9,5,0,0,2,1,5,High Risk
890666924129,Industrial White Sandwich Bread #1516,Bakery & Confectionery,"refined wheat flour, sugar, yeast, palm oil, calcium propionate, emulsifier 481, flour treatment agent 300",228.6,4.2,566.8,1.3,0.33,8.4,1.9,4,0,0,2,0,82,Moderate Risk
890382631149,Baked Whole Grain Crackers #1517,Snacks,"whole wheat flour, canola oil, sea salt, malt extract",413.6,2.3,351.3,1.6,0.0,8.5,7.7,0,0,0,0,0,99,Low Risk
890551667732,Energy Drink with High Caffeine #1518,Beverages,"carbonated water, sucrose, glucose, taurine, caffeine, inositol, niacinamide, pyridoxine, color e133, sodium benzoate",44.9,11.1,80.2,0.0,0.0,0.4,0.0,6,1,0,2,0,67,Moderate Risk
890178232298,Skimmed Milk #1519,Dairy,"skimmed milk, vitamin a, vitamin d3",30.9,5.2,59.3,0.2,0.0,3.4,0.0,0,0,0,0,0,99,Low Risk
890302297873,Skimmed Milk #1520,Dairy,"skimmed milk, vitamin a, vitamin d3",37.8,5.0,54.6,0.2,0.0,3.5,0.0,0,0,0,0,0,99,Low Risk
890476242158,Adulterated Low-Cost Paneer #1521,Dairy,"milk solids, vegetable oil, starch, sulfuric acid trace, detergent trace",309.9,3.9,450.9,18.5,2.61,8.6,0.0,4,0,0,2,1,5,High Risk
890256593448,Carbonated Cola Drink #1522,Beverages,"carbonated water, high fructose corn syrup, caramel color iv, phosphoric acid, caffeine, artificial flavors",36.6,9.7,13.3,0.0,0.0,0.0,0.0,4,1,0,1,0,78,Moderate Risk
890749840397,Adulterated Turmeric with Metanil Yellow #1523,Spices & Condiments,"turmeric powder, lead chromate trace, chalk powder, metanil yellow color",279.0,1.9,170.7,1.4,0.0,4.5,12.8,3,1,0,0,1,56,High Risk
890348522587,Adulterated Chilli Powder with Sudan Dye #1524,Spices & Condiments,"red chilli powder, brick powder trace, sudan i dye, salt, mineral oil",271.9,4.3,674.6,3.8,0.0,5.7,14.1,4,1,0,0,1,49,High Risk
890839024058,Diet Soda with Multiple Sweeteners #1525,Beverages,"carbonated water, aspartame, acesulfame potassium, caramel iv, sodium benzoate, phosphoric acid",0.9,0.0,41.9,0.0,0.0,0.0,0.0,5,1,2,1,0,66,Moderate Risk
890199324569,Commercial Tomato Ketchup #1526,Spices & Condiments,"tomato paste, sugar, distilled vinegar, salt, onion powder, sodium benzoate, potassium sorbate, pectin",105.3,23.5,1059.0,0.1,0.0,1.4,1.5,3,0,0,2,0,59,Moderate Risk
890606769278,Whole Cow Milk #1527,Dairy,"milk, vitamin d3",53.6,4.7,44.7,2.9,0.0,3.0,0.0,0,0,0,0,0,99,Low Risk
890451587924,Whole Cow Milk #1528,Dairy,"milk, vitamin d3",62.0,4.1,42.1,3.4,0.0,3.0,0.0,0,0,0,0,0,99,Low Risk
890953631332,Synthetic Milk Sample #1529,Dairy,"urea, detergent, refined vegetable oil, caustic soda, water",193.8,0.5,701.5,16.7,4.31,1.1,0.0,5,0,0,3,1,5,High Risk
890119327821,Flavored Fruit Yogurt #1530,Dairy,"milk, sugar, strawberries, modified corn starch, carmine color, potassium sorbate",124.9,16.2,70.0,1.5,0.0,3.8,0.5,3,1,0,1,0,78,Moderate Risk
890895343406,Low-Cost Synthetic Fruit Drink #1531,Beverages,"water, invert sugar syrup, metanil yellow, citric acid, clouding agent, artificial mango flavor, potassium metabisulphite",52.9,12.9,47.9,0.0,0.0,0.0,0.0,6,2,0,2,1,21,High Risk
890114549514,Skimmed Milk #1532,Dairy,"skimmed milk, vitamin a, vitamin d3",33.0,5.5,46.5,0.2,0.0,3.4,0.0,0,0,0,0,0,99,Low Risk
890422165436,Oat & Honey Granola Bar #1533,Bakery & Confectionery,"rolled oats, honey, almonds, crisped rice, sunflower oil, salt",415.3,17.5,164.1,1.9,0.0,7.9,5.5,0,0,0,0,0,99,Low Risk
890844101354,Adulterated Turmeric with Metanil Yellow #1534,Spices & Condiments,"turmeric powder, lead chromate trace, chalk powder, metanil yellow color",281.3,2.3,188.2,1.4,0.0,5.2,12.8,3,1,0,0,1,57,High Risk
890845241869,Processed Nacho Chips #1535,Snacks,"corn, vegetable fat, whey powder, disodium guanylate, artificial cheese flavor, yellow 6 lake",501.9,2.0,884.0,9.8,1.0,6.5,3.8,5,1,0,1,0,53,Moderate Risk
890474358798,Low-Cost Synthetic Fruit Drink #1536,Beverages,"water, invert sugar syrup, metanil yellow, citric acid, clouding agent, artificial mango flavor, potassium metabisulphite",52.0,16.3,44.9,0.0,0.0,0.0,0.0,6,2,0,2,1,18,High Risk
890515710911,Diet Soda with Multiple Sweeteners #1537,Beverages,"carbonated water, aspartame, acesulfame potassium, caramel iv, sodium benzoate, phosphoric acid",1.1,0.0,39.5,0.0,0.0,0.0,0.0,5,1,2,1,0,66,Moderate Risk
890895937580,Cream-Filled Sandwich Cookies #1538,Bakery & Confectionery,"refined wheat flour, sugar, hydrogenated palm oil, cocoa, high fructose corn syrup, soy lecithin, vanillin, artificial chocolate flavor, tbhq",468.0,41.1,319.0,10.4,1.81,4.1,1.9,5,0,0,2,1,5,High Risk
890358935684,Baked Whole Grain Crackers #1539,Snacks,"whole wheat flour, canola oil, sea salt, malt extract",429.3,2.6,362.9,2.0,0.0,9.6,8.2,0,0,0,0,0,99,Low Risk
890461986641,Flavored Fruit Yogurt #1540,Dairy,"milk, sugar, strawberries, modified corn starch, carmine color, potassium sorbate",101.4,18.0,62.7,1.7,0.0,4.1,0.5,3,1,0,1,0,77,Moderate Risk
890193585063,Synthetic Colored Hard Candies #1541,Bakery & Confectionery,"sugar, liquid glucose, allura red, brilliant blue fcf, tartrazine, artificial fruit flavor, citric acid",389.7,71.0,87.9,0.0,0.0,0.0,0.0,5,3,0,1,1,5,High Risk
890764999133,Adulterated Mustard Oil with Argemone #1542,Spices & Condiments,"mustard oil, argemone oil, mineral oil, butter yellow dye",918.3,0.0,5.2,10.9,1.76,0.0,0.0,3,1,0,0,1,12,High Risk
890190978066,Organic Trail Mix #1543,Snacks,"almonds, walnuts, raisins, sunflower seeds, pumpkin seeds",473.1,19.0,16.3,4.2,0.0,14.3,7.5,0,0,0,0,0,99,Moderate Risk
890845982476,Energy Drink with High Caffeine #1544,Beverages,"carbonated water, sucrose, glucose, taurine, caffeine, inositol, niacinamide, pyridoxine, color e133, sodium benzoate",50.0,11.4,77.1,0.0,0.0,0.4,0.0,6,1,0,2,0,67,Moderate Risk
890858962018,Commercial Potato Crisps #1545,Snacks,"potatoes, palm oil, salt, monosodium glutamate, flavor enhancer 635, dextrose",515.8,0.9,719.4,11.9,0.65,6.4,3.2,4,0,0,1,0,67,Moderate Risk
890665152672,Cottage Cheese (Paneer) #1546,Dairy,"pasteurized milk, citric acid",258.6,1.3,20.3,14.9,0.0,17.9,0.0,0,0,0,0,0,97,Low Risk
890810894348,Pure Extra Virgin Olive Oil #1547,Spices & Condiments,100% extra virgin cold pressed olive oil,858.3,0.0,2.3,15.6,0.0,0.0,0.0,0,0,0,0,0,89,Low Risk
890467032206,Fresh Butter #1548,Dairy,"pasteurized cream, salt",735.2,0.1,586.2,45.6,0.0,0.9,0.0,0,0,0,0,0,78,Low Risk
890249431994,Industrial White Sandwich Bread #1549,Bakery & Confectionery,"refined wheat flour, sugar, yeast, palm oil, calcium propionate, emulsifier 481, flour treatment agent 300",240.6,5.6,591.9,1.3,0.04,8.5,2.2,4,0,0,2,0,82,Moderate Risk
890131211564,Dark Chocolate 85% #1550,Bakery & Confectionery,"cocoa mass, cocoa butter, cane sugar, vanilla beans",506.1,15.4,16.4,24.0,0.0,8.8,10.7,0,0,0,0,0,89,Low Risk
890953974623,Fresh Butter #1551,Dairy,"pasteurized cream, salt",756.7,0.1,511.9,55.3,0.0,0.9,0.0,0,0,0,0,0,79,Low Risk
890859775688,Pure Ground Turmeric Powder #1552,Spices & Condiments,100% turmeric rhizome powder,325.8,3.1,44.5,2.4,0.0,10.5,19.9,0,0,0,0,0,99,Low Risk
890690917905,Pure Ground Turmeric Powder #1553,Spices & Condiments,100% turmeric rhizome powder,267.3,2.9,40.1,2.8,0.0,10.2,21.3,0,0,0,0,0,99,Low Risk
890402162405,Adulterated Turmeric with Metanil Yellow #1554,Spices & Condiments,"turmeric powder, lead chromate trace, chalk powder, metanil yellow color",249.1,2.1,169.7,1.3,0.0,5.0,12.4,3,1,0,0,1,56,High Risk
890787004282,Adulterated Butter with Animal Fat & Starch #1555,Dairy,"milk fat, animal tallow, starch, yellow dye 5, preservative",686.7,0.5,642.2,49.7,4.02,0.5,0.0,4,1,0,2,1,5,High Risk
890635633538,Flavored Fruit Yogurt #1556,Dairy,"milk, sugar, strawberries, modified corn starch, carmine color, potassium sorbate",97.5,14.4,63.3,1.5,0.0,3.7,0.5,3,1,0,1,0,80,Moderate Risk
890558660408,Roasted Chickpeas #1557,Snacks,"chickpeas, olive oil, sea salt",410.8,1.9,307.4,1.2,0.0,20.0,17.3,0,0,0,0,0,99,Low Risk
890501628315,Cottage Cheese (Paneer) #1558,Dairy,"pasteurized milk, citric acid",303.8,1.2,21.7,16.1,0.0,19.3,0.0,0,0,0,0,0,97,Low Risk
890475822488,Baked Whole Grain Crackers #1559,Snacks,"whole wheat flour, canola oil, sea salt, malt extract",456.8,2.4,434.2,1.9,0.0,9.6,7.0,0,0,0,0,0,99,Low Risk
890948742217,Greek Plain Yogurt #1560,Dairy,"cultured pasteurized nonfat milk, live active cultures",62.2,3.6,33.9,0.4,0.0,10.8,0.0,0,0,0,0,0,99,Low Risk
890696382262,Cream-Filled Sandwich Cookies #1561,Bakery & Confectionery,"refined wheat flour, sugar, hydrogenated palm oil, cocoa, high fructose corn syrup, soy lecithin, vanillin, artificial chocolate flavor, tbhq",422.0,40.8,330.3,9.6,1.96,4.2,1.9,5,0,0,2,1,5,High Risk
890715582734,Organic Trail Mix #1562,Snacks,"almonds, walnuts, raisins, sunflower seeds, pumpkin seeds",488.4,20.4,14.4,4.9,0.0,14.2,8.3,0,0,0,0,0,99,Moderate Risk
890312712294,Carbonated Cola Drink #1563,Beverages,"carbonated water, high fructose corn syrup, caramel color iv, phosphoric acid, caffeine, artificial flavors",40.2,11.6,12.2,0.0,0.0,0.0,0.0,4,1,0,1,0,77,Moderate Risk
890245601779,Cold Pressed Orange Juice #1564,Beverages,100% freshly pressed oranges,41.3,8.6,2.3,0.1,0.0,0.7,1.6,0,0,0,0,0,99,Low Risk
890381287159,Fried Street-Style Savory Mix #1565,Snacks,"refined flour, re-used palm oil, metanil yellow, excess salt, msg",625.7,1.6,1554.1,22.8,3.49,5.5,1.0,6,2,0,2,1,5,High Risk
890860849088,Dark Chocolate 85% #1566,Bakery & Confectionery,"cocoa mass, cocoa butter, cane sugar, vanilla beans",644.3,12.0,14.3,33.1,0.0,8.1,11.5,0,0,0,0,0,91,Low Risk
890671328093,Greek Plain Yogurt #1567,Dairy,"cultured pasteurized nonfat milk, live active cultures",53.9,3.9,33.0,0.4,0.0,9.7,0.0,0,0,0,0,0,99,Low Risk
890125647259,Adulterated Mustard Oil with Argemone #1568,Spices & Condiments,"mustard oil, argemone oil, mineral oil, butter yellow dye",762.8,0.0,5.3,13.9,1.78,0.0,0.0,3,1,0,0,1,9,High Risk
890987810561,Processed Nacho Chips #1569,Snacks,"corn, vegetable fat, whey powder, disodium guanylate, artificial cheese flavor, yellow 6 lake",458.3,2.2,887.7,9.5,0.95,6.6,4.2,5,1,0,1,0,54,Moderate Risk
890162589354,Baked Whole Grain Crackers #1570,Snacks,"whole wheat flour, canola oil, sea salt, malt extract",380.5,2.6,354.7,1.7,0.0,8.1,7.9,0,0,0,0,0,99,Low Risk
890408042250,Instant Fried Noodles #1571,Snacks,"wheat flour, palm oil, salt, guar gum, flavor enhancer 621, caramel iv, sodium polyphosphate",473.4,2.4,2044.0,9.7,0.46,9.4,2.3,5,1,0,2,0,52,Moderate Risk
890500272527,Adulterated Low-Cost Paneer #1572,Dairy,"milk solids, vegetable oil, starch, sulfuric acid trace, detergent trace",287.5,3.8,493.2,18.4,2.56,8.8,0.0,4,0,0,2,1,5,High Risk
890671037886,Pure Extra Virgin Olive Oil #1573,Spices & Condiments,100% extra virgin cold pressed olive oil,885.9,0.0,1.8,12.7,0.0,0.0,0.0,0,0,0,0,0,92,Low Risk
890404462636,Roasted Chickpeas #1574,Snacks,"chickpeas, olive oil, sea salt",371.8,2.0,321.9,1.2,0.0,19.7,15.8,0,0,0,0,0,99,Low Risk
890540252203,Adulterated Chilli Powder with Sudan Dye #1575,Spices & Condiments,"red chilli powder, brick powder trace, sudan i dye, salt, mineral oil",298.8,4.2,562.7,3.9,0.0,6.0,14.1,4,1,0,0,1,51,High Risk
890258067952,Baked Whole Grain Crackers #1576,Snacks,"whole wheat flour, canola oil, sea salt, malt extract",456.2,2.6,423.0,1.8,0.0,8.3,7.7,0,0,0,0,0,99,Low Risk
890866709948,Carbonated Cola Drink #1577,Beverages,"carbonated water, high fructose corn syrup, caramel color iv, phosphoric acid, caffeine, artificial flavors",35.8,11.6,12.8,0.0,0.0,0.0,0.0,4,1,0,1,0,77,Moderate Risk
890723850776,Synthetic Colored Hard Candies #1578,Bakery & Confectionery,"sugar, liquid glucose, allura red, brilliant blue fcf, tartrazine, artificial fruit flavor, citric acid",387.1,82.9,92.5,0.0,0.0,0.0,0.0,5,3,0,1,1,5,High Risk
890939385739,Extruded Spicy Puffs #1579,Snacks,"corn meal, palm olein, maltodextrin, sunset yellow fcf, tartrazine, tbhq, msg, artificial flavors",482.3,4.5,1214.7,17.5,1.42,5.3,1.4,7,2,0,2,1,5,High Risk
890378918091,Processed Nacho Chips #1580,Snacks,"corn, vegetable fat, whey powder, disodium guanylate, artificial cheese flavor, yellow 6 lake",514.9,2.2,1098.0,10.3,0.85,6.5,3.8,5,1,0,1,0,46,Moderate Risk
890485041581,Pure Red Chilli Powder #1581,Spices & Condiments,100% dried red chillies,305.8,8.0,27.0,3.0,0.0,11.1,28.0,0,0,0,0,0,99,Low Risk
890209997493,Extruded Spicy Puffs #1582,Snacks,"corn meal, palm olein, maltodextrin, sunset yellow fcf, tartrazine, tbhq, msg, artificial flavors",602.4,4.0,1105.5,14.6,1.23,5.1,1.6,7,2,0,2,1,5,High Risk
890434707891,Diet Soda with Multiple Sweeteners #1583,Beverages,"carbonated water, aspartame, acesulfame potassium, caramel iv, sodium benzoate, phosphoric acid",0.9,0.0,40.5,0.0,0.0,0.0,0.0,5,1,2,1,0,66,Moderate Risk
890104790624,Commercial Tomato Ketchup #1584,Spices & Condiments,"tomato paste, sugar, distilled vinegar, salt, onion powder, sodium benzoate, potassium sorbate, pectin",98.5,24.8,1032.0,0.1,0.0,1.5,1.5,3,0,0,2,0,59,Moderate Risk
890391012946,Roasted Chickpeas #1585,Snacks,"chickpeas, olive oil, sea salt",412.8,2.4,254.0,1.1,0.0,19.5,18.2,0,0,0,0,0,99,Low Risk
890668780376,Cold Pressed Orange Juice #1586,Beverages,100% freshly pressed oranges,40.7,9.5,2.4,0.1,0.0,0.8,1.5,0,0,0,0,0,99,Low Risk
890832038526,100% Whole Wheat Sourdough #1587,Bakery & Confectionery,"whole wheat flour, water, sourdough culture, sea salt",241.2,1.7,424.5,0.5,0.0,11.1,5.7,0,0,0,0,0,99,Low Risk
890294057691,Dark Chocolate 85% #1588,Bakery & Confectionery,"cocoa mass, cocoa butter, cane sugar, vanilla beans",640.0,14.2,13.3,30.4,0.0,7.7,10.6,0,0,0,0,0,88,Low Risk
890692098090,Dark Chocolate 85% #1589,Bakery & Confectionery,"cocoa mass, cocoa butter, cane sugar, vanilla beans",654.6,14.4,13.7,31.3,0.0,7.9,10.8,0,0,0,0,0,88,Low Risk
890842148388,Pure Green Tea Bag #1590,Beverages,100% organic green tea leaves,1.0,0.0,1.0,0.0,0.0,0.2,0.0,0,0,0,0,0,99,Low Risk
890933150110,Oat & Honey Granola Bar #1591,Bakery & Confectionery,"rolled oats, honey, almonds, crisped rice, sunflower oil, salt",362.6,14.5,170.6,1.9,0.0,9.3,5.3,0,0,0,0,0,99,Low Risk
890867758047,Commercial Potato Crisps #1592,Snacks,"potatoes, palm oil, salt, monosodium glutamate, flavor enhancer 635, dextrose",584.4,0.8,843.5,12.0,0.44,7.0,3.4,4,0,0,1,0,71,Moderate Risk
890108357357,Energy Drink with High Caffeine #1593,Beverages,"carbonated water, sucrose, glucose, taurine, caffeine, inositol, niacinamide, pyridoxine, color e133, sodium benzoate",53.2,13.9,84.0,0.0,0.0,0.4,0.0,6,1,0,2,0,65,Moderate Risk
890462651291,Synthetic Colored Hard Candies #1594,Bakery & Confectionery,"sugar, liquid glucose, allura red, brilliant blue fcf, tartrazine, artificial fruit flavor, citric acid",358.4,81.6,90.8,0.0,0.0,0.0,0.0,5,3,0,1,1,5,High Risk
890462898769,Standard Processed Cheese #1595,Dairy,"milk, salt, cheese cultures, enzymes, sodium phosphate, annatto",332.1,1.1,1337.0,20.4,0.48,19.2,0.0,3,1,0,1,0,53,Moderate Risk
890981537045,Energy Drink with High Caffeine #1596,Beverages,"carbonated water, sucrose, glucose, taurine, caffeine, inositol, niacinamide, pyridoxine, color e133, sodium benzoate",46.1,11.5,86.4,0.0,0.0,0.4,0.0,6,1,0,2,0,67,Moderate Risk
890906638694,Coconut Water 100% Pure #1597,Beverages,pure tender coconut water,21.7,3.6,21.9,0.1,0.0,0.7,1.2,0,0,0,0,0,99,Low Risk
890758034120,Baked Whole Grain Crackers #1598,Snacks,"whole wheat flour, canola oil, sea salt, malt extract",417.8,2.6,339.8,1.9,0.0,9.6,7.3,0,0,0,0,0,99,Low Risk
890815512299,Cottage Cheese (Paneer) #1599,Dairy,"pasteurized milk, citric acid",291.2,1.3,24.1,17.6,0.0,18.3,0.0,0,0,0,0,0,95,Low Risk
890213607043,Adulterated Mustard Oil with Argemone #1600,Spices & Condiments,"mustard oil, argemone oil, mineral oil, butter yellow dye",794.9,0.0,4.9,12.7,1.72,0.0,0.0,3,1,0,0,1,11,High Risk
890907764185,Pure Ground Turmeric Powder #1601,Spices & Condiments,100% turmeric rhizome powder,283.3,3.2,36.1,2.6,0.0,9.6,20.6,0,0,0,0,0,99,Low Risk
890973776627,Cold Pressed Orange Juice #1602,Beverages,100% freshly pressed oranges,38.5,9.4,2.2,0.1,0.0,0.7,1.6,0,0,0,0,0,99,Low Risk
890883589902,Industrial White Sandwich Bread #1603,Bakery & Confectionery,"refined wheat flour, sugar, yeast, palm oil, calcium propionate, emulsifier 481, flour treatment agent 300",239.8,4.5,550.0,1.1,0.04,7.8,2.1,4,0,0,2,0,83,Moderate Risk
890207454127,Adulterated Butter with Animal Fat & Starch #1604,Dairy,"milk fat, animal tallow, starch, yellow dye 5, preservative",668.9,0.5,720.2,53.4,3.73,0.5,0.0,4,1,0,2,1,5,High Risk
890679802377,Diet Soda with Multiple Sweeteners #1605,Beverages,"carbonated water, aspartame, acesulfame potassium, caramel iv, sodium benzoate, phosphoric acid",0.9,0.0,31.4,0.0,0.0,0.0,0.0,5,1,2,1,0,66,Moderate Risk
890307656707,Organic Trail Mix #1606,Snacks,"almonds, walnuts, raisins, sunflower seeds, pumpkin seeds",433.4,17.2,15.5,4.3,0.0,14.2,8.2,0,0,0,0,0,99,Low Risk
890716279218,Pure Green Tea Bag #1607,Beverages,100% organic green tea leaves,0.9,0.0,1.2,0.0,0.0,0.2,0.0,0,0,0,0,0,99,Low Risk
890405978116,Cottage Cheese (Paneer) #1608,Dairy,"pasteurized milk, citric acid",249.1,1.3,20.9,15.6,0.0,18.2,0.0,0,0,0,0,0,97,Low Risk
890636606515,Commercial Tomato Ketchup #1609,Spices & Condiments,"tomato paste, sugar, distilled vinegar, salt, onion powder, sodium benzoate, potassium sorbate, pectin",102.3,21.5,1060.6,0.1,0.0,1.3,1.6,3,0,0,2,0,61,Moderate Risk
890551504604,Greek Plain Yogurt #1610,Dairy,"cultured pasteurized nonfat milk, live active cultures",59.1,3.2,34.5,0.5,0.0,10.1,0.0,0,0,0,0,0,99,Low Risk
890617654394,100% Whole Wheat Sourdough #1611,Bakery & Confectionery,"whole wheat flour, water, sourdough culture, sea salt",219.0,1.6,389.6,0.4,0.0,9.6,5.9,0,0,0,0,0,99,Low Risk
890201251680,Processed Nacho Chips #1612,Snacks,"corn, vegetable fat, whey powder, disodium guanylate, artificial cheese flavor, yellow 6 lake",466.6,2.3,825.6,9.5,0.87,6.6,4.4,5,1,0,1,0,57,Moderate Risk
890373988888,Coconut Water 100% Pure #1613,Beverages,pure tender coconut water,17.1,2.7,27.2,0.1,0.0,0.7,1.0,0,0,0,0,0,99,Low Risk
890253633389,Greek Plain Yogurt #1614,Dairy,"cultured pasteurized nonfat milk, live active cultures",63.3,4.0,31.6,0.5,0.0,10.5,0.0,0,0,0,0,0,99,Low Risk
890328133667,Pure Extra Virgin Olive Oil #1615,Spices & Condiments,100% extra virgin cold pressed olive oil,830.8,0.0,1.9,12.6,0.0,0.0,0.0,0,0,0,0,0,92,Low Risk
890111542491,Energy Drink with High Caffeine #1616,Beverages,"carbonated water, sucrose, glucose, taurine, caffeine, inositol, niacinamide, pyridoxine, color e133, sodium benzoate",54.2,13.8,92.5,0.0,0.0,0.4,0.0,6,1,0,2,0,65,Moderate Risk
890362051262,Commercial Potato Crisps #1617,Snacks,"potatoes, palm oil, salt, monosodium glutamate, flavor enhancer 635, dextrose",457.5,0.9,807.1,12.1,0.64,6.0,3.5,4,0,0,1,0,61,Moderate Risk
890923070952,Extruded Spicy Puffs #1618,Snacks,"corn meal, palm olein, maltodextrin, sunset yellow fcf, tartrazine, tbhq, msg, artificial flavors",593.4,4.2,1336.1,18.0,1.19,5.4,1.4,7,2,0,2,1,5,High Risk
890581796143,Extruded Spicy Puffs #1619,Snacks,"corn meal, palm olein, maltodextrin, sunset yellow fcf, tartrazine, tbhq, msg, artificial flavors",552.7,5.0,1305.1,17.7,1.31,5.4,1.5,7,2,0,2,1,5,High Risk
890213292283,Energy Drink with High Caffeine #1620,Beverages,"carbonated water, sucrose, glucose, taurine, caffeine, inositol, niacinamide, pyridoxine, color e133, sodium benzoate",41.1,13.7,85.0,0.0,0.0,0.4,0.0,6,1,0,2,0,65,Moderate Risk
890333186918,Low-Cost Synthetic Fruit Drink #1621,Beverages,"water, invert sugar syrup, metanil yellow, citric acid, clouding agent, artificial mango flavor, potassium metabisulphite",60.0,13.2,49.6,0.0,0.0,0.0,0.0,6,2,0,2,1,20,High Risk
890735945176,Instant Fried Noodles #1622,Snacks,"wheat flour, palm oil, salt, guar gum, flavor enhancer 621, caramel iv, sodium polyphosphate",435.0,2.9,1520.7,9.0,0.48,9.0,2.4,5,1,0,2,0,53,Moderate Risk
890341285143,Processed Nacho Chips #1623,Snacks,"corn, vegetable fat, whey powder, disodium guanylate, artificial cheese flavor, yellow 6 lake",564.7,1.8,792.7,8.7,0.96,7.2,3.6,5,1,0,1,0,60,Moderate Risk
890799229127,Processed Nacho Chips #1624,Snacks,"corn, vegetable fat, whey powder, disodium guanylate, artificial cheese flavor, yellow 6 lake",511.1,1.8,1049.1,10.9,1.03,6.7,3.6,5,1,0,1,0,44,Moderate Risk
890590085041,Flavored Fruit Yogurt #1625,Dairy,"milk, sugar, strawberries, modified corn starch, carmine color, potassium sorbate",123.2,15.1,67.0,1.5,0.0,4.2,0.5,3,1,0,1,0,80,Moderate Risk
890758378215,Pure Ground Turmeric Powder #1626,Spices & Condiments,100% turmeric rhizome powder,354.3,3.1,41.9,2.9,0.0,10.1,21.1,0,0,0,0,0,99,Low Risk
890231909052,Oat & Honey Granola Bar #1627,Bakery & Confectionery,"rolled oats, honey, almonds, crisped rice, sunflower oil, salt",436.2,13.5,161.4,2.5,0.0,9.1,5.9,0,0,0,0,0,99,Low Risk
890187962298,Extruded Spicy Puffs #1628,Snacks,"corn meal, palm olein, maltodextrin, sunset yellow fcf, tartrazine, tbhq, msg, artificial flavors",614.0,4.7,1326.3,16.2,1.45,4.7,1.4,7,2,0,2,1,5,High Risk
890684051206,Processed Nacho Chips #1629,Snacks,"corn, vegetable fat, whey powder, disodium guanylate, artificial cheese flavor, yellow 6 lake",487.1,2.1,806.9,9.6,0.82,7.5,3.6,5,1,0,1,0,58,Moderate Risk
890427303768,Commercial Tomato Ketchup #1630,Spices & Condiments,"tomato paste, sugar, distilled vinegar, salt, onion powder, sodium benzoate, potassium sorbate, pectin",115.1,26.1,875.3,0.1,0.0,1.4,1.4,3,0,0,2,0,62,Moderate Risk
890402304172,Synthetic Milk Sample #1631,Dairy,"urea, detergent, refined vegetable oil, caustic soda, water",182.6,0.5,955.8,15.1,4.31,1.2,0.0,5,0,0,3,1,5,High Risk
890125043099,Cold Pressed Orange Juice #1632,Beverages,100% freshly pressed oranges,48.0,10.0,1.9,0.1,0.0,0.7,1.5,0,0,0,0,0,99,Low Risk
890398939834,Industrial White Sandwich Bread #1633,Bakery & Confectionery,"refined wheat flour, sugar, yeast, palm oil, calcium propionate, emulsifier 481, flour treatment agent 300",284.4,5.7,513.9,1.3,0.27,8.4,1.9,4,0,0,2,0,83,Moderate Risk
890552356588,Flavored Fruit Yogurt #1634,Dairy,"milk, sugar, strawberries, modified corn starch, carmine color, potassium sorbate",107.0,16.5,66.2,1.7,0.0,4.3,0.5,3,1,0,1,0,78,Moderate Risk
890220737701,Oat & Honey Granola Bar #1635,Bakery & Confectionery,"rolled oats, honey, almonds, crisped rice, sunflower oil, salt",429.8,16.4,194.2,2.3,0.0,9.1,5.5,0,0,0,0,0,99,Low Risk
890997867345,Pure Green Tea Bag #1636,Beverages,100% organic green tea leaves,1.1,0.0,1.2,0.0,0.0,0.2,0.0,0,0,0,0,0,99,Low Risk
890789870951,Carbonated Cola Drink #1637,Beverages,"carbonated water, high fructose corn syrup, caramel color iv, phosphoric acid, caffeine, artificial flavors",47.6,10.1,11.1,0.0,0.0,0.0,0.0,4,1,0,1,0,78,Moderate Risk
890398652405,Pure Extra Virgin Olive Oil #1638,Spices & Condiments,100% extra virgin cold pressed olive oil,963.1,0.0,1.9,12.0,0.0,0.0,0.0,0,0,0,0,0,93,Low Risk
890883744748,100% Whole Wheat Sourdough #1639,Bakery & Confectionery,"whole wheat flour, water, sourdough culture, sea salt",238.0,1.4,444.4,0.5,0.0,11.0,5.5,0,0,0,0,0,99,Low Risk
890927216452,Dark Chocolate 85% #1640,Bakery & Confectionery,"cocoa mass, cocoa butter, cane sugar, vanilla beans",595.4,13.6,16.3,32.8,0.0,7.7,9.9,0,0,0,0,0,88,Low Risk
890126170354,Processed Nacho Chips #1641,Snacks,"corn, vegetable fat, whey powder, disodium guanylate, artificial cheese flavor, yellow 6 lake",455.8,1.9,934.8,8.3,0.74,6.6,4.3,5,1,0,1,0,57,Moderate Risk
890720509648,Roasted Chickpeas #1642,Snacks,"chickpeas, olive oil, sea salt",386.5,1.9,301.5,1.3,0.0,20.3,17.8,0,0,0,0,0,99,Low Risk
890119212800,Standard Processed Cheese #1643,Dairy,"milk, salt, cheese cultures, enzymes, sodium phosphate, annatto",344.2,1.4,1304.2,24.0,0.75,18.3,0.0,3,1,0,1,0,38,High Risk
890220922167,Adulterated Low-Cost Paneer #1644,Dairy,"milk solids, vegetable oil, starch, sulfuric acid trace, detergent trace",322.4,3.8,529.4,17.4,2.68,8.9,0.0,4,0,0,2,1,5,High Risk
890498446627,Fresh Butter #1645,Dairy,"pasteurized cream, salt",616.4,0.1,629.7,46.4,0.0,0.9,0.0,0,0,0,0,0,77,Moderate Risk
890989743567,Synthetic Milk Sample #1646,Dairy,"urea, detergent, refined vegetable oil, caustic soda, water",198.5,0.5,718.8,14.3,4.15,1.2,0.0,5,0,0,3,1,5,High Risk
890242336051,Cream-Filled Sandwich Cookies #1647,Bakery & Confectionery,"refined wheat flour, sugar, hydrogenated palm oil, cocoa, high fructose corn syrup, soy lecithin, vanillin, artificial chocolate flavor, tbhq",457.8,38.9,351.3,8.4,2.05,4.5,2.0,5,0,0,2,1,5,High Risk
890460631728,Standard Processed Cheese #1648,Dairy,"milk, salt, cheese cultures, enzymes, sodium phosphate, annatto",319.7,1.3,1283.5,22.8,0.5,17.0,0.0,3,1,0,1,0,51,Moderate Risk
890956842416,Greek Plain Yogurt #1649,Dairy,"cultured pasteurized nonfat milk, live active cultures",63.2,3.7,33.5,0.5,0.0,10.3,0.0,0,0,0,0,0,99,Low Risk
890553270061,Commercial Potato Crisps #1650,Snacks,"potatoes, palm oil, salt, monosodium glutamate, flavor enhancer 635, dextrose",490.6,0.8,782.3,13.6,0.37,5.9,3.2,4,0,0,1,0,74,Moderate Risk
890221953863,Pure Green Tea Bag #1651,Beverages,100% organic green tea leaves,1.1,0.0,1.0,0.0,0.0,0.2,0.0,0,0,0,0,0,99,Low Risk
890888449314,Adulterated Mustard Oil with Argemone #1652,Spices & Condiments,"mustard oil, argemone oil, mineral oil, butter yellow dye",980.0,0.0,5.3,12.8,1.5,0.0,0.0,3,1,0,0,1,14,High Risk
890221390673,Organic Trail Mix #1653,Snacks,"almonds, walnuts, raisins, sunflower seeds, pumpkin seeds",462.0,15.8,15.8,5.0,0.0,14.5,7.8,0,0,0,0,0,99,Low Risk
890244353417,Commercial Tomato Ketchup #1654,Spices & Condiments,"tomato paste, sugar, distilled vinegar, salt, onion powder, sodium benzoate, potassium sorbate, pectin",111.1,21.5,833.7,0.1,0.0,1.3,1.6,3,0,0,2,0,65,Moderate Risk
890967790209,Cold Pressed Orange Juice #1655,Beverages,100% freshly pressed oranges,44.4,7.8,2.2,0.1,0.0,0.8,1.5,0,0,0,0,0,99,Low Risk
890545888359,Pure Green Tea Bag #1656,Beverages,100% organic green tea leaves,1.1,0.0,1.0,0.0,0.0,0.2,0.0,0,0,0,0,0,99,Low Risk
890673193847,Adulterated Mustard Oil with Argemone #1657,Spices & Condiments,"mustard oil, argemone oil, mineral oil, butter yellow dye",780.8,0.0,5.4,11.9,1.7,0.0,0.0,3,1,0,0,1,12,High Risk
890941945845,Low-Cost Synthetic Fruit Drink #1658,Beverages,"water, invert sugar syrup, metanil yellow, citric acid, clouding agent, artificial mango flavor, potassium metabisulphite",57.9,12.6,46.5,0.0,0.0,0.0,0.0,6,2,0,2,1,21,High Risk
890331787580,Cottage Cheese (Paneer) #1659,Dairy,"pasteurized milk, citric acid",247.2,1.3,23.7,17.4,0.0,17.1,0.0,0,0,0,0,0,94,Low Risk
890220467903,Carbonated Cola Drink #1660,Beverages,"carbonated water, high fructose corn syrup, caramel color iv, phosphoric acid, caffeine, artificial flavors",41.9,11.8,13.2,0.0,0.0,0.0,0.0,4,1,0,1,0,77,Moderate Risk
890137078123,Pure Extra Virgin Olive Oil #1661,Spices & Condiments,100% extra virgin cold pressed olive oil,787.6,0.0,2.1,15.7,0.0,0.0,0.0,0,0,0,0,0,89,Low Risk
890581232748,Adulterated Turmeric with Metanil Yellow #1662,Spices & Condiments,"turmeric powder, lead chromate trace, chalk powder, metanil yellow color",219.3,1.7,191.7,1.6,0.0,4.8,12.5,3,1,0,0,1,56,High Risk
890405311446,Processed Nacho Chips #1663,Snacks,"corn, vegetable fat, whey powder, disodium guanylate, artificial cheese flavor, yellow 6 lake",458.1,2.3,1014.4,9.5,0.93,6.4,3.9,5,1,0,1,0,52,Moderate Risk
890630348484,Diet Soda with Multiple Sweeteners #1664,Beverages,"carbonated water, aspartame, acesulfame potassium, caramel iv, sodium benzoate, phosphoric acid",1.1,0.0,37.6,0.0,0.0,0.0,0.0,5,1,2,1,0,66,Moderate Risk
890757970565,Extruded Spicy Puffs #1665,Snacks,"corn meal, palm olein, maltodextrin, sunset yellow fcf, tartrazine, tbhq, msg, artificial flavors",481.8,4.7,1369.0,15.8,1.11,5.4,1.5,7,2,0,2,1,5,High Risk
890495592905,Pure Extra Virgin Olive Oil #1666,Spices & Condiments,100% extra virgin cold pressed olive oil,796.2,0.0,2.2,12.8,0.0,0.0,0.0,0,0,0,0,0,92,Low Risk
890931106486,Processed Nacho Chips #1667,Snacks,"corn, vegetable fat, whey powder, disodium guanylate, artificial cheese flavor, yellow 6 lake",567.0,2.1,831.9,10.1,0.76,6.7,3.8,5,1,0,1,0,53,Moderate Risk
890754375156,Pure Red Chilli Powder #1668,Spices & Condiments,100% dried red chillies,277.8,6.2,32.6,3.5,0.0,13.2,28.4,0,0,0,0,0,99,Low Risk
890126719958,Processed Nacho Chips #1669,Snacks,"corn, vegetable fat, whey powder, disodium guanylate, artificial cheese flavor, yellow 6 lake",487.2,2.2,967.5,10.3,0.91,6.3,4.3,5,1,0,1,0,48,Moderate Risk
890373470184,Cream-Filled Sandwich Cookies #1670,Bakery & Confectionery,"refined wheat flour, sugar, hydrogenated palm oil, cocoa, high fructose corn syrup, soy lecithin, vanillin, artificial chocolate flavor, tbhq",445.2,39.8,382.2,9.4,1.93,4.9,1.9,5,0,0,2,1,5,High Risk
890104446255,Cottage Cheese (Paneer) #1671,Dairy,"pasteurized milk, citric acid",300.2,1.1,19.0,18.8,0.0,19.4,0.0,0,0,0,0,0,94,Low Risk
890163838209,Oat & Honey Granola Bar #1672,Bakery & Confectionery,"rolled oats, honey, almonds, crisped rice, sunflower oil, salt",357.2,17.1,155.8,2.5,0.0,8.6,5.9,0,0,0,0,0,99,Low Risk
890577879880,Adulterated Mustard Oil with Argemone #1673,Spices & Condiments,"mustard oil, argemone oil, mineral oil, butter yellow dye",780.6,0.0,5.2,12.9,1.62,0.0,0.0,3,1,0,0,1,12,High Risk
890463454096,Flavored Fruit Yogurt #1674,Dairy,"milk, sugar, strawberries, modified corn starch, carmine color, potassium sorbate",104.3,18.7,74.7,1.5,0.0,3.7,0.5,3,1,0,1,0,76,Moderate Risk
890324600234,Roasted Chickpeas #1675,Snacks,"chickpeas, olive oil, sea salt",311.8,1.9,260.6,1.1,0.0,20.7,16.8,0,0,0,0,0,99,Low Risk
890398061591,Adulterated Turmeric with Metanil Yellow #1676,Spices & Condiments,"turmeric powder, lead chromate trace, chalk powder, metanil yellow color",240.1,1.7,182.8,1.4,0.0,4.9,12.7,3,1,0,0,1,56,High Risk
890225694846,Fried Street-Style Savory Mix #1677,Snacks,"refined flour, re-used palm oil, metanil yellow, excess salt, msg",536.4,1.5,1528.9,22.9,3.55,5.4,1.0,6,2,0,2,1,5,High Risk
890710842039,Adulterated Butter with Animal Fat & Starch #1678,Dairy,"milk fat, animal tallow, starch, yellow dye 5, preservative",589.2,0.6,665.8,56.7,4.0,0.5,0.0,4,1,0,2,1,5,High Risk
890653899409,Low-Cost Synthetic Fruit Drink #1679,Beverages,"water, invert sugar syrup, metanil yellow, citric acid, clouding agent, artificial mango flavor, potassium metabisulphite",54.9,16.4,48.8,0.0,0.0,0.0,0.0,6,2,0,2,1,18,High Risk
890730053031,Cottage Cheese (Paneer) #1680,Dairy,"pasteurized milk, citric acid",237.7,1.4,21.6,16.6,0.0,19.5,0.0,0,0,0,0,0,96,Low Risk
890538330809,Diet Soda with Multiple Sweeteners #1681,Beverages,"carbonated water, aspartame, acesulfame potassium, caramel iv, sodium benzoate, phosphoric acid",1.1,0.0,40.2,0.0,0.0,0.0,0.0,5,1,2,1,0,66,Moderate Risk
890887181939,Carbonated Cola Drink #1682,Beverages,"carbonated water, high fructose corn syrup, caramel color iv, phosphoric acid, caffeine, artificial flavors",37.7,11.5,11.5,0.0,0.0,0.0,0.0,4,1,0,1,0,77,Moderate Risk
890298631014,Standard Processed Cheese #1683,Dairy,"milk, salt, cheese cultures, enzymes, sodium phosphate, annatto",332.8,1.1,1088.6,23.7,0.53,19.2,0.0,3,1,0,1,0,47,Moderate Risk
890368877895,Diet Soda with Multiple Sweeteners #1684,Beverages,"carbonated water, aspartame, acesulfame potassium, caramel iv, sodium benzoate, phosphoric acid",1.0,0.0,30.3,0.0,0.0,0.0,0.0,5,1,2,1,0,66,Moderate Risk
890736190768,Dark Chocolate 85% #1685,Bakery & Confectionery,"cocoa mass, cocoa butter, cane sugar, vanilla beans",661.2,13.4,14.9,31.6,0.0,8.6,10.2,0,0,0,0,0,89,Low Risk
890252213628,Skimmed Milk #1686,Dairy,"skimmed milk, vitamin a, vitamin d3",31.0,5.1,49.0,0.2,0.0,3.6,0.0,0,0,0,0,0,99,Low Risk
890557346882,Roasted Chickpeas #1687,Snacks,"chickpeas, olive oil, sea salt",357.3,2.4,261.2,1.4,0.0,17.6,18.3,0,0,0,0,0,99,Low Risk
890726781716,Pure Green Tea Bag #1688,Beverages,100% organic green tea leaves,1.0,0.0,0.9,0.0,0.0,0.2,0.0,0,0,0,0,0,99,Low Risk
890261336182,Low-Cost Synthetic Fruit Drink #1689,Beverages,"water, invert sugar syrup, metanil yellow, citric acid, clouding agent, artificial mango flavor, potassium metabisulphite",48.6,13.6,42.4,0.0,0.0,0.0,0.0,6,2,0,2,1,20,High Risk
890152406306,Pure Green Tea Bag #1690,Beverages,100% organic green tea leaves,1.0,0.0,1.1,0.0,0.0,0.2,0.0,0,0,0,0,0,99,Low Risk
890707803578,Industrial White Sandwich Bread #1691,Bakery & Confectionery,"refined wheat flour, sugar, yeast, palm oil, calcium propionate, emulsifier 481, flour treatment agent 300",300.4,5.7,497.0,1.1,0.4,7.5,2.1,4,0,0,2,0,83,Moderate Risk
890114267988,Commercial Tomato Ketchup #1692,Spices & Condiments,"tomato paste, sugar, distilled vinegar, salt, onion powder, sodium benzoate, potassium sorbate, pectin",114.9,24.0,892.6,0.1,0.0,1.5,1.5,3,0,0,2,0,62,Moderate Risk
890588488550,Oat & Honey Granola Bar #1693,Bakery & Confectionery,"rolled oats, honey, almonds, crisped rice, sunflower oil, salt",359.9,13.0,214.8,2.0,0.0,8.6,5.4,0,0,0,0,0,99,Low Risk
890996893243,Extruded Spicy Puffs #1694,Snacks,"corn meal, palm olein, maltodextrin, sunset yellow fcf, tartrazine, tbhq, msg, artificial flavors",613.9,3.9,1385.6,14.2,1.31,5.0,1.5,7,2,0,2,1,5,High Risk
890761488370,Fresh Butter #1695,Dairy,"pasteurized cream, salt",726.1,0.1,588.4,60.9,0.0,0.8,0.0,0,0,0,0,0,77,Low Risk
890772812697,Cream-Filled Sandwich Cookies #1696,Bakery & Confectionery,"refined wheat flour, sugar, hydrogenated palm oil, cocoa, high fructose corn syrup, soy lecithin, vanillin, artificial chocolate flavor, tbhq",530.6,37.2,416.3,9.6,1.82,4.8,1.9,5,0,0,2,1,5,High Risk
890436955166,Oat & Honey Granola Bar #1697,Bakery & Confectionery,"rolled oats, honey, almonds, crisped rice, sunflower oil, salt",361.6,16.8,163.1,2.2,0.0,7.9,5.7,0,0,0,0,0,99,Low Risk
890568644628,Cream-Filled Sandwich Cookies #1698,Bakery & Confectionery,"refined wheat flour, sugar, hydrogenated palm oil, cocoa, high fructose corn syrup, soy lecithin, vanillin, artificial chocolate flavor, tbhq",447.8,44.1,381.7,8.4,1.95,4.3,2.0,5,0,0,2,1,5,High Risk
890862589876,Cottage Cheese (Paneer) #1699,Dairy,"pasteurized milk, citric acid",250.3,1.2,26.0,15.4,0.0,18.8,0.0,0,0,0,0,0,97,Low Risk
890786256919,Fresh Butter #1700,Dairy,"pasteurized cream, salt",806.2,0.1,519.2,48.1,0.0,0.9,0.0,0,0,0,0,0,79,Low Risk
890933436703,Pure Extra Virgin Olive Oil #1701,Spices & Condiments,100% extra virgin cold pressed olive oil,924.4,0.0,2.1,14.9,0.0,0.0,0.0,0,0,0,0,0,90,Low Risk
890370642446,Pure Red Chilli Powder #1702,Spices & Condiments,100% dried red chillies,280.2,8.6,32.3,3.1,0.0,12.4,24.5,0,0,0,0,0,99,Low Risk
890293468284,Whole Cow Milk #1703,Dairy,"milk, vitamin d3",53.9,4.2,50.6,3.6,0.0,3.2,0.0,0,0,0,0,0,99,Low Risk
890391234680,Cream-Filled Sandwich Cookies #1704,Bakery & Confectionery,"refined wheat flour, sugar, hydrogenated palm oil, cocoa, high fructose corn syrup, soy lecithin, vanillin, artificial chocolate flavor, tbhq",541.0,38.3,410.8,10.6,1.89,4.9,2.2,5,0,0,2,1,5,High Risk
890135649177,Instant Fried Noodles #1705,Snacks,"wheat flour, palm oil, salt, guar gum, flavor enhancer 621, caramel iv, sodium polyphosphate",397.3,2.7,1509.1,8.4,0.61,8.4,2.3,5,1,0,2,0,43,Moderate Risk
890439329402,Pure Red Chilli Powder #1706,Spices & Condiments,100% dried red chillies,353.6,8.0,30.0,3.8,0.0,11.3,25.9,0,0,0,0,0,99,Low Risk
890304791021,Processed Nacho Chips #1707,Snacks,"corn, vegetable fat, whey powder, disodium guanylate, artificial cheese flavor, yellow 6 lake",432.3,1.9,994.4,9.4,1.0,6.8,3.7,5,1,0,1,0,51,Moderate Risk
890212027204,Fresh Butter #1708,Dairy,"pasteurized cream, salt",622.1,0.1,657.5,61.3,0.0,0.8,0.0,0,0,0,0,0,76,Moderate Risk
890933817953,Skimmed Milk #1709,Dairy,"skimmed milk, vitamin a, vitamin d3",32.1,5.6,57.7,0.2,0.0,3.1,0.0,0,0,0,0,0,99,Low Risk
890713948267,Adulterated Turmeric with Metanil Yellow #1710,Spices & Condiments,"turmeric powder, lead chromate trace, chalk powder, metanil yellow color",230.4,1.8,169.9,1.5,0.0,4.8,10.9,3,1,0,0,1,55,High Risk
890142821555,Oat & Honey Granola Bar #1711,Bakery & Confectionery,"rolled oats, honey, almonds, crisped rice, sunflower oil, salt",379.1,13.8,199.4,2.4,0.0,8.0,5.4,0,0,0,0,0,99,Low Risk
890331808500,Fried Street-Style Savory Mix #1712,Snacks,"refined flour, re-used palm oil, metanil yellow, excess salt, msg",502.4,1.3,1593.2,20.3,3.65,6.0,1.0,6,2,0,2,1,5,High Risk
890968529576,Pure Ground Turmeric Powder #1713,Spices & Condiments,100% turmeric rhizome powder,328.7,3.7,35.8,2.9,0.0,10.5,21.7,0,0,0,0,0,99,Low Risk
890568598558,Commercial Tomato Ketchup #1714,Spices & Condiments,"tomato paste, sugar, distilled vinegar, salt, onion powder, sodium benzoate, potassium sorbate, pectin",103.5,23.8,994.3,0.1,0.0,1.4,1.6,3,0,0,2,0,60,Moderate Risk
890311386146,Pure Green Tea Bag #1715,Beverages,100% organic green tea leaves,1.0,0.0,0.9,0.0,0.0,0.2,0.0,0,0,0,0,0,99,Low Risk
890772592329,Baked Whole Grain Crackers #1716,Snacks,"whole wheat flour, canola oil, sea salt, malt extract",387.8,3.0,336.1,2.1,0.0,9.8,7.3,0,0,0,0,0,99,Low Risk
890408810923,Instant Fried Noodles #1717,Snacks,"wheat flour, palm oil, salt, guar gum, flavor enhancer 621, caramel iv, sodium polyphosphate",409.8,2.4,1934.3,11.7,0.4,9.0,2.7,5,1,0,2,0,46,Moderate Risk
890528641450,Pure Extra Virgin Olive Oil #1718,Spices & Condiments,100% extra virgin cold pressed olive oil,858.6,0.0,2.0,16.2,0.0,0.0,0.0,0,0,0,0,0,89,Low Risk
890898426091,Energy Drink with High Caffeine #1719,Beverages,"carbonated water, sucrose, glucose, taurine, caffeine, inositol, niacinamide, pyridoxine, color e133, sodium benzoate",41.5,10.3,82.5,0.0,0.0,0.4,0.0,6,1,0,2,0,68,Moderate Risk
890369880161,Cottage Cheese (Paneer) #1720,Dairy,"pasteurized milk, citric acid",245.0,1.4,19.5,18.2,0.0,16.8,0.0,0,0,0,0,0,94,Low Risk
890132854530,Greek Plain Yogurt #1721,Dairy,"cultured pasteurized nonfat milk, live active cultures",57.9,3.6,32.7,0.5,0.0,10.5,0.0,0,0,0,0,0,99,Low Risk
890885895943,Carbonated Cola Drink #1722,Beverages,"carbonated water, high fructose corn syrup, caramel color iv, phosphoric acid, caffeine, artificial flavors",39.8,12.1,10.3,0.0,0.0,0.0,0.0,4,1,0,1,0,76,Moderate Risk
890787388900,Synthetic Milk Sample #1723,Dairy,"urea, detergent, refined vegetable oil, caustic soda, water",178.8,0.4,797.7,13.6,4.32,1.2,0.0,5,0,0,3,1,5,High Risk
890158933835,Baked Whole Grain Crackers #1724,Snacks,"whole wheat flour, canola oil, sea salt, malt extract",390.8,2.9,347.2,2.0,0.0,9.2,7.7,0,0,0,0,0,99,Low Risk
890270615921,Synthetic Milk Sample #1725,Dairy,"urea, detergent, refined vegetable oil, caustic soda, water",179.1,0.5,940.0,12.0,4.24,1.2,0.0,5,0,0,3,1,5,High Risk
890476201180,Skimmed Milk #1726,Dairy,"skimmed milk, vitamin a, vitamin d3",31.0,4.4,48.1,0.2,0.0,3.4,0.0,0,0,0,0,0,99,Low Risk
890765657082,Baked Whole Grain Crackers #1727,Snacks,"whole wheat flour, canola oil, sea salt, malt extract",358.8,3.0,403.6,1.6,0.0,9.8,7.3,0,0,0,0,0,99,Low Risk
890534338897,Coconut Water 100% Pure #1728,Beverages,pure tender coconut water,18.4,3.8,23.1,0.1,0.0,0.7,1.2,0,0,0,0,0,99,Low Risk
890706793461,Skimmed Milk #1729,Dairy,"skimmed milk, vitamin a, vitamin d3",35.1,4.9,50.7,0.2,0.0,3.1,0.0,0,0,0,0,0,99,Low Risk
890581086246,Synthetic Milk Sample #1730,Dairy,"urea, detergent, refined vegetable oil, caustic soda, water",164.4,0.5,954.6,12.9,4.23,1.3,0.0,5,0,0,3,1,5,High Risk
890172394618,Skimmed Milk #1731,Dairy,"skimmed milk, vitamin a, vitamin d3",30.0,5.2,55.7,0.2,0.0,3.7,0.0,0,0,0,0,0,99,Low Risk
890370653817,Adulterated Chilli Powder with Sudan Dye #1732,Spices & Condiments,"red chilli powder, brick powder trace, sudan i dye, salt, mineral oil",240.4,4.1,604.8,3.7,0.0,5.6,13.3,4,1,0,0,1,50,High Risk
890547968288,Cream-Filled Sandwich Cookies #1733,Bakery & Confectionery,"refined wheat flour, sugar, hydrogenated palm oil, cocoa, high fructose corn syrup, soy lecithin, vanillin, artificial chocolate flavor, tbhq",538.9,33.8,360.0,11.1,1.87,4.5,2.2,5,0,0,2,1,5,High Risk
890234371312,Commercial Potato Crisps #1734,Snacks,"potatoes, palm oil, salt, monosodium glutamate, flavor enhancer 635, dextrose",580.2,0.9,846.2,13.4,0.51,6.8,3.4,4,0,0,1,0,61,Moderate Risk
890105667813,Extruded Spicy Puffs #1735,Snacks,"corn meal, palm olein, maltodextrin, sunset yellow fcf, tartrazine, tbhq, msg, artificial flavors",487.4,3.7,1461.5,14.3,1.25,4.6,1.4,7,2,0,2,1,5,High Risk
890212283679,Pure Red Chilli Powder #1736,Spices & Condiments,100% dried red chillies,355.0,8.4,30.4,3.7,0.0,12.9,24.6,0,0,0,0,0,99,Low Risk
890572202000,Whole Cow Milk #1737,Dairy,"milk, vitamin d3",53.4,5.1,41.4,3.4,0.0,3.4,0.0,0,0,0,0,0,99,Low Risk
890151029165,Adulterated Chilli Powder with Sudan Dye #1738,Spices & Condiments,"red chilli powder, brick powder trace, sudan i dye, salt, mineral oil",286.1,4.0,677.3,3.7,0.0,5.6,13.7,4,1,0,0,1,49,High Risk
890776784216,Synthetic Colored Hard Candies #1739,Bakery & Confectionery,"sugar, liquid glucose, allura red, brilliant blue fcf, tartrazine, artificial fruit flavor, citric acid",386.7,82.9,75.5,0.0,0.0,0.0,0.0,5,3,0,1,1,5,High Risk
890612833129,Fried Street-Style Savory Mix #1740,Snacks,"refined flour, re-used palm oil, metanil yellow, excess salt, msg",571.2,1.4,1361.4,23.5,3.53,5.8,0.9,6,2,0,2,1,5,High Risk
890137447054,Instant Fried Noodles #1741,Snacks,"wheat flour, palm oil, salt, guar gum, flavor enhancer 621, caramel iv, sodium polyphosphate",525.0,2.5,1518.5,9.1,0.43,9.8,2.3,5,1,0,2,0,53,Moderate Risk
890481937382,Greek Plain Yogurt #1742,Dairy,"cultured pasteurized nonfat milk, live active cultures",66.6,4.2,33.9,0.4,0.0,9.0,0.0,0,0,0,0,0,99,Low Risk
890673869049,Flavored Fruit Yogurt #1743,Dairy,"milk, sugar, strawberries, modified corn starch, carmine color, potassium sorbate",101.1,19.6,64.3,1.3,0.0,3.6,0.5,3,1,0,1,0,76,Moderate Risk
890391792194,Oat & Honey Granola Bar #1744,Bakery & Confectionery,"rolled oats, honey, almonds, crisped rice, sunflower oil, salt",417.1,13.7,176.0,2.4,0.0,8.7,5.7,0,0,0,0,0,99,Low Risk
890806992135,Whole Cow Milk #1745,Dairy,"milk, vitamin d3",68.8,5.0,42.7,2.9,0.0,3.0,0.0,0,0,0,0,0,99,Low Risk
890291853373,Synthetic Milk Sample #1746,Dairy,"urea, detergent, refined vegetable oil, caustic soda, water",163.2,0.5,863.7,15.4,4.23,1.1,0.0,5,0,0,3,1,5,High Risk
890792640930,Fresh Butter #1747,Dairy,"pasteurized cream, salt",787.2,0.1,658.0,54.8,0.0,0.9,0.0,0,0,0,0,0,76,Moderate Risk
890965733521,Cream-Filled Sandwich Cookies #1748,Bakery & Confectionery,"refined wheat flour, sugar, hydrogenated palm oil, cocoa, high fructose corn syrup, soy lecithin, vanillin, artificial chocolate flavor, tbhq",518.0,42.6,403.8,8.4,2.09,4.9,2.2,5,0,0,2,1,5,High Risk
890272971057,Fried Street-Style Savory Mix #1749,Snacks,"refined flour, re-used palm oil, metanil yellow, excess salt, msg",509.2,1.4,1605.6,24.9,3.51,6.4,1.0,6,2,0,2,1,5,High Risk
890874762925,Adulterated Chilli Powder with Sudan Dye #1750,Spices & Condiments,"red chilli powder, brick powder trace, sudan i dye, salt, mineral oil",256.6,3.5,570.6,4.7,0.0,6.3,13.1,4,1,0,0,1,51,High Risk
890143765930,Oat & Honey Granola Bar #1751,Bakery & Confectionery,"rolled oats, honey, almonds, crisped rice, sunflower oil, salt",377.6,16.1,177.4,2.4,0.0,8.0,5.7,0,0,0,0,0,99,Low Risk
890736468680,Greek Plain Yogurt #1752,Dairy,"cultured pasteurized nonfat milk, live active cultures",57.5,4.0,32.3,0.3,0.0,9.1,0.0,0,0,0,0,0,99,Low Risk
890967217768,Pure Red Chilli Powder #1753,Spices & Condiments,100% dried red chillies,297.8,6.4,35.4,3.6,0.0,11.2,27.4,0,0,0,0,0,99,Low Risk
890317550057,Skimmed Milk #1754,Dairy,"skimmed milk, vitamin a, vitamin d3",36.4,5.5,44.3,0.2,0.0,3.2,0.0,0,0,0,0,0,99,Low Risk
890983727729,Pure Ground Turmeric Powder #1755,Spices & Condiments,100% turmeric rhizome powder,267.6,3.7,40.7,2.5,0.0,9.1,22.2,0,0,0,0,0,99,Low Risk
890315845073,Greek Plain Yogurt #1756,Dairy,"cultured pasteurized nonfat milk, live active cultures",61.1,3.4,33.2,0.4,0.0,10.2,0.0,0,0,0,0,0,99,Low Risk
890109166384,Cottage Cheese (Paneer) #1757,Dairy,"pasteurized milk, citric acid",265.4,1.3,23.8,18.6,0.0,19.2,0.0,0,0,0,0,0,94,Low Risk
890409787906,Commercial Potato Crisps #1758,Snacks,"potatoes, palm oil, salt, monosodium glutamate, flavor enhancer 635, dextrose",604.2,0.9,704.3,10.9,0.43,6.5,2.9,4,0,0,1,0,77,Moderate Risk
890860093467,Adulterated Butter with Animal Fat & Starch #1759,Dairy,"milk fat, animal tallow, starch, yellow dye 5, preservative",632.4,0.6,550.8,50.8,3.71,0.5,0.0,4,1,0,2,1,5,High Risk
890255981859,Coconut Water 100% Pure #1760,Beverages,pure tender coconut water,19.2,3.8,24.6,0.1,0.0,0.7,1.0,0,0,0,0,0,99,Low Risk
890549002523,Processed Nacho Chips #1761,Snacks,"corn, vegetable fat, whey powder, disodium guanylate, artificial cheese flavor, yellow 6 lake",541.4,1.8,855.3,8.7,0.72,6.2,4.0,5,1,0,1,0,58,Moderate Risk
890259008476,Roasted Chickpeas #1762,Snacks,"chickpeas, olive oil, sea salt",368.5,1.8,246.9,1.0,0.0,19.7,15.5,0,0,0,0,0,99,Low Risk
890637871543,Diet Soda with Multiple Sweeteners #1763,Beverages,"carbonated water, aspartame, acesulfame potassium, caramel iv, sodium benzoate, phosphoric acid",0.9,0.0,39.8,0.0,0.0,0.0,0.0,5,1,2,1,0,66,Moderate Risk
890109087919,Cottage Cheese (Paneer) #1764,Dairy,"pasteurized milk, citric acid",298.0,1.2,22.8,15.9,0.0,16.8,0.0,0,0,0,0,0,96,Low Risk
890358997201,Adulterated Chilli Powder with Sudan Dye #1765,Spices & Condiments,"red chilli powder, brick powder trace, sudan i dye, salt, mineral oil",307.7,3.5,601.1,4.5,0.0,6.2,14.1,4,1,0,0,1,50,High Risk
890290800669,Processed Nacho Chips #1766,Snacks,"corn, vegetable fat, whey powder, disodium guanylate, artificial cheese flavor, yellow 6 lake",430.3,2.0,813.9,8.4,0.75,7.0,4.2,5,1,0,1,0,59,Moderate Risk
890304342800,Commercial Tomato Ketchup #1767,Spices & Condiments,"tomato paste, sugar, distilled vinegar, salt, onion powder, sodium benzoate, potassium sorbate, pectin",105.4,29.1,826.2,0.1,0.0,1.5,1.6,3,0,0,2,0,60,Moderate Risk
890459529837,Fried Street-Style Savory Mix #1768,Snacks,"refined flour, re-used palm oil, metanil yellow, excess salt, msg",575.1,1.7,1573.2,26.3,3.43,5.7,0.9,6,2,0,2,1,5,High Risk
890124313156,Organic Trail Mix #1769,Snacks,"almonds, walnuts, raisins, sunflower seeds, pumpkin seeds",495.5,21.5,17.4,4.6,0.0,15.6,8.7,0,0,0,0,0,99,Moderate Risk
890524218942,Commercial Tomato Ketchup #1770,Spices & Condiments,"tomato paste, sugar, distilled vinegar, salt, onion powder, sodium benzoate, potassium sorbate, pectin",119.7,26.3,978.7,0.1,0.0,1.3,1.4,3,0,0,2,0,60,Moderate Risk
890142216047,Coconut Water 100% Pure #1771,Beverages,pure tender coconut water,18.0,3.5,25.2,0.1,0.0,0.7,1.1,0,0,0,0,0,99,Low Risk
890678270740,Extruded Spicy Puffs #1772,Snacks,"corn meal, palm olein, maltodextrin, sunset yellow fcf, tartrazine, tbhq, msg, artificial flavors",602.2,4.5,1230.6,15.0,1.48,4.7,1.4,7,2,0,2,1,5,High Risk
890430050495,Roasted Chickpeas #1773,Snacks,"chickpeas, olive oil, sea salt",344.3,2.3,283.3,1.4,0.0,20.7,15.7,0,0,0,0,0,99,Low Risk
890566536192,Industrial White Sandwich Bread #1774,Bakery & Confectionery,"refined wheat flour, sugar, yeast, palm oil, calcium propionate, emulsifier 481, flour treatment agent 300",299.6,4.3,574.9,1.1,0.32,8.0,1.8,4,0,0,2,0,82,Moderate Risk
890377421031,Energy Drink with High Caffeine #1775,Beverages,"carbonated water, sucrose, glucose, taurine, caffeine, inositol, niacinamide, pyridoxine, color e133, sodium benzoate",49.9,12.1,85.1,0.0,0.0,0.4,0.0,6,1,0,2,0,66,Moderate Risk
890713164708,Standard Processed Cheese #1776,Dairy,"milk, salt, cheese cultures, enzymes, sodium phosphate, annatto",359.3,1.2,1146.9,18.3,0.45,16.6,0.0,3,1,0,1,0,58,Moderate Risk
890781197796,Carbonated Cola Drink #1777,Beverages,"carbonated water, high fructose corn syrup, caramel color iv, phosphoric acid, caffeine, artificial flavors",41.4,9.6,13.6,0.0,0.0,0.0,0.0,4,1,0,1,0,78,Moderate Risk
890156766110,Commercial Potato Crisps #1778,Snacks,"potatoes, palm oil, salt, monosodium glutamate, flavor enhancer 635, dextrose",580.5,0.9,719.1,13.6,0.33,6.5,3.0,4,0,0,1,0,75,Moderate Risk
890345316902,Standard Processed Cheese #1779,Dairy,"milk, salt, cheese cultures, enzymes, sodium phosphate, annatto",307.3,1.4,1308.6,21.4,0.55,17.5,0.0,3,1,0,1,0,44,Moderate Risk
890827675915,Low-Cost Synthetic Fruit Drink #1780,Beverages,"water, invert sugar syrup, metanil yellow, citric acid, clouding agent, artificial mango flavor, potassium metabisulphite",57.1,16.2,53.1,0.0,0.0,0.0,0.0,6,2,0,2,1,18,High Risk
890653295048,Greek Plain Yogurt #1781,Dairy,"cultured pasteurized nonfat milk, live active cultures",53.0,3.6,38.7,0.5,0.0,9.5,0.0,0,0,0,0,0,99,Low Risk
890832160862,Skimmed Milk #1782,Dairy,"skimmed milk, vitamin a, vitamin d3",39.7,5.6,53.1,0.2,0.0,3.7,0.0,0,0,0,0,0,99,Low Risk
890594695645,Pure Green Tea Bag #1783,Beverages,100% organic green tea leaves,1.1,0.0,0.9,0.0,0.0,0.2,0.0,0,0,0,0,0,99,Low Risk
890579063987,Fried Street-Style Savory Mix #1784,Snacks,"refined flour, re-used palm oil, metanil yellow, excess salt, msg",618.1,1.4,1599.0,24.4,3.62,6.3,1.1,6,2,0,2,1,5,High Risk
890832553538,Pure Green Tea Bag #1785,Beverages,100% organic green tea leaves,1.1,0.0,1.0,0.0,0.0,0.2,0.0,0,0,0,0,0,99,Low Risk
890691550137,Greek Plain Yogurt #1786,Dairy,"cultured pasteurized nonfat milk, live active cultures",57.9,3.9,40.7,0.4,0.0,10.8,0.0,0,0,0,0,0,99,Low Risk
890949990875,Roasted Chickpeas #1787,Snacks,"chickpeas, olive oil, sea salt",310.8,2.1,258.5,1.1,0.0,20.7,18.2,0,0,0,0,0,99,Low Risk
890710772412,Low-Cost Synthetic Fruit Drink #1788,Beverages,"water, invert sugar syrup, metanil yellow, citric acid, clouding agent, artificial mango flavor, potassium metabisulphite",53.3,15.7,52.2,0.0,0.0,0.0,0.0,6,2,0,2,1,18,High Risk
890894213554,Industrial White Sandwich Bread #1789,Bakery & Confectionery,"refined wheat flour, sugar, yeast, palm oil, calcium propionate, emulsifier 481, flour treatment agent 300",234.8,4.1,522.1,1.4,0.07,7.9,2.0,4,0,0,2,0,83,Moderate Risk
890774108095,Pure Extra Virgin Olive Oil #1790,Spices & Condiments,100% extra virgin cold pressed olive oil,971.2,0.0,1.8,16.7,0.0,0.0,0.0,0,0,0,0,0,88,Low Risk
890749653903,Processed Nacho Chips #1791,Snacks,"corn, vegetable fat, whey powder, disodium guanylate, artificial cheese flavor, yellow 6 lake",518.3,2.0,899.4,9.9,0.85,7.1,4.1,5,1,0,1,0,56,Moderate Risk
890135860143,Standard Processed Cheese #1792,Dairy,"milk, salt, cheese cultures, enzymes, sodium phosphate, annatto",318.6,1.2,1005.7,23.2,0.71,19.7,0.0,3,1,0,1,0,46,Moderate Risk
890802809688,Oat & Honey Granola Bar #1793,Bakery & Confectionery,"rolled oats, honey, almonds, crisped rice, sunflower oil, salt",452.4,15.8,186.6,2.3,0.0,8.0,5.7,0,0,0,0,0,99,Low Risk
890580803080,Adulterated Low-Cost Paneer #1794,Dairy,"milk solids, vegetable oil, starch, sulfuric acid trace, detergent trace",274.3,3.6,422.4,21.0,2.57,9.6,0.0,4,0,0,2,1,5,High Risk
890711532157,Pure Red Chilli Powder #1795,Spices & Condiments,100% dried red chillies,311.4,7.7,25.5,3.6,0.0,12.7,28.0,0,0,0,0,0,99,Low Risk
890884749920,Commercial Potato Crisps #1796,Snacks,"potatoes, palm oil, salt, monosodium glutamate, flavor enhancer 635, dextrose",606.7,0.9,684.6,12.7,0.38,6.4,3.4,4,0,0,1,0,76,Moderate Risk
890850190667,Adulterated Butter with Animal Fat & Starch #1797,Dairy,"milk fat, animal tallow, starch, yellow dye 5, preservative",645.1,0.5,622.7,60.2,3.96,0.5,0.0,4,1,0,2,1,5,High Risk
890881466559,Commercial Potato Crisps #1798,Snacks,"potatoes, palm oil, salt, monosodium glutamate, flavor enhancer 635, dextrose",481.8,0.7,706.0,13.2,0.58,6.9,3.2,4,0,0,1,0,67,Moderate Risk
890592573865,Commercial Potato Crisps #1799,Snacks,"potatoes, palm oil, salt, monosodium glutamate, flavor enhancer 635, dextrose",606.1,0.9,739.2,13.4,0.31,6.0,3.5,4,0,0,1,0,75,Moderate Risk
890241904627,Low-Cost Synthetic Fruit Drink #1800,Beverages,"water, invert sugar syrup, metanil yellow, citric acid, clouding agent, artificial mango flavor, potassium metabisulphite",57.3,14.3,40.2,0.0,0.0,0.0,0.0,6,2,0,2,1,20,High Risk
890578860535,Whole Cow Milk #1801,Dairy,"milk, vitamin d3",60.1,5.5,48.2,3.4,0.0,3.4,0.0,0,0,0,0,0,99,Low Risk
890462892209,Commercial Potato Crisps #1802,Snacks,"potatoes, palm oil, salt, monosodium glutamate, flavor enhancer 635, dextrose",482.9,0.7,700.5,12.5,0.41,6.2,3.3,4,0,0,1,0,76,Moderate Risk
890718101649,Fried Street-Style Savory Mix #1803,Snacks,"refined flour, re-used palm oil, metanil yellow, excess salt, msg",643.0,1.4,1270.3,21.3,3.77,6.4,1.0,6,2,0,2,1,5,High Risk
890783645302,Organic Trail Mix #1804,Snacks,"almonds, walnuts, raisins, sunflower seeds, pumpkin seeds",504.6,15.7,14.5,3.8,0.0,13.9,8.3,0,0,0,0,0,99,Low Risk
890646137788,Pure Extra Virgin Olive Oil #1805,Spices & Condiments,100% extra virgin cold pressed olive oil,948.6,0.0,2.2,14.7,0.0,0.0,0.0,0,0,0,0,0,90,Low Risk
890197678344,Synthetic Milk Sample #1806,Dairy,"urea, detergent, refined vegetable oil, caustic soda, water",171.7,0.5,800.6,13.1,4.19,1.3,0.0,5,0,0,3,1,5,High Risk
890496578628,Greek Plain Yogurt #1807,Dairy,"cultured pasteurized nonfat milk, live active cultures",52.2,3.9,38.0,0.3,0.0,10.9,0.0,0,0,0,0,0,99,Low Risk
890277596527,Low-Cost Synthetic Fruit Drink #1808,Beverages,"water, invert sugar syrup, metanil yellow, citric acid, clouding agent, artificial mango flavor, potassium metabisulphite",50.8,14.1,45.0,0.0,0.0,0.0,0.0,6,2,0,2,1,20,High Risk
890313238891,Dark Chocolate 85% #1809,Bakery & Confectionery,"cocoa mass, cocoa butter, cane sugar, vanilla beans",633.0,12.2,13.9,26.1,0.0,8.1,11.9,0,0,0,0,0,91,Low Risk
890611806495,Adulterated Mustard Oil with Argemone #1810,Spices & Condiments,"mustard oil, argemone oil, mineral oil, butter yellow dye",880.5,0.0,5.0,13.2,1.51,0.0,0.0,3,1,0,0,1,14,High Risk
890963267743,Synthetic Colored Hard Candies #1811,Bakery & Confectionery,"sugar, liquid glucose, allura red, brilliant blue fcf, tartrazine, artificial fruit flavor, citric acid",418.8,83.0,77.7,0.0,0.0,0.0,0.0,5,3,0,1,1,5,High Risk
890685623267,Carbonated Cola Drink #1812,Beverages,"carbonated water, high fructose corn syrup, caramel color iv, phosphoric acid, caffeine, artificial flavors",45.9,9.9,14.0,0.0,0.0,0.0,0.0,4,1,0,1,0,78,Moderate Risk
890668198862,Adulterated Mustard Oil with Argemone #1813,Spices & Condiments,"mustard oil, argemone oil, mineral oil, butter yellow dye",827.2,0.0,4.5,10.7,1.49,0.0,0.0,3,1,0,0,1,16,High Risk
890179778738,Greek Plain Yogurt #1814,Dairy,"cultured pasteurized nonfat milk, live active cultures",58.1,4.2,39.0,0.4,0.0,10.7,0.0,0,0,0,0,0,99,Low Risk
890978946795,Synthetic Milk Sample #1815,Dairy,"urea, detergent, refined vegetable oil, caustic soda, water",196.2,0.5,815.8,14.7,4.4,1.2,0.0,5,0,0,3,1,5,High Risk
890425833969,Pure Red Chilli Powder #1816,Spices & Condiments,100% dried red chillies,294.2,6.5,30.7,3.9,0.0,11.6,27.5,0,0,0,0,0,99,Low Risk
890385098761,Processed Nacho Chips #1817,Snacks,"corn, vegetable fat, whey powder, disodium guanylate, artificial cheese flavor, yellow 6 lake",537.1,2.0,935.3,9.2,1.02,7.1,4.3,5,1,0,1,0,53,Moderate Risk
890599903864,Cream-Filled Sandwich Cookies #1818,Bakery & Confectionery,"refined wheat flour, sugar, hydrogenated palm oil, cocoa, high fructose corn syrup, soy lecithin, vanillin, artificial chocolate flavor, tbhq",448.4,39.2,399.6,9.0,1.84,4.1,2.2,5,0,0,2,1,5,High Risk
890431166524,Low-Cost Synthetic Fruit Drink #1819,Beverages,"water, invert sugar syrup, metanil yellow, citric acid, clouding agent, artificial mango flavor, potassium metabisulphite",53.8,13.8,43.5,0.0,0.0,0.0,0.0,6,2,0,2,1,20,High Risk
890405630131,Roasted Chickpeas #1820,Snacks,"chickpeas, olive oil, sea salt",401.2,2.1,307.0,1.2,0.0,18.0,15.5,0,0,0,0,0,99,Low Risk
890279152750,Synthetic Colored Hard Candies #1821,Bakery & Confectionery,"sugar, liquid glucose, allura red, brilliant blue fcf, tartrazine, artificial fruit flavor, citric acid",448.3,72.7,94.7,0.0,0.0,0.0,0.0,5,3,0,1,1,5,High Risk
890853685460,Dark Chocolate 85% #1822,Bakery & Confectionery,"cocoa mass, cocoa butter, cane sugar, vanilla beans",552.3,16.6,13.8,25.5,0.0,9.3,10.3,0,0,0,0,0,87,Low Risk
890869754890,Low-Cost Synthetic Fruit Drink #1823,Beverages,"water, invert sugar syrup, metanil yellow, citric acid, clouding agent, artificial mango flavor, potassium metabisulphite",50.7,17.4,52.3,0.0,0.0,0.0,0.0,6,2,0,2,1,17,High Risk
890902964723,Adulterated Butter with Animal Fat & Starch #1824,Dairy,"milk fat, animal tallow, starch, yellow dye 5, preservative",725.5,0.4,710.8,50.5,4.1,0.5,0.0,4,1,0,2,1,5,High Risk
890139297860,Diet Soda with Multiple Sweeteners #1825,Beverages,"carbonated water, aspartame, acesulfame potassium, caramel iv, sodium benzoate, phosphoric acid",0.9,0.0,40.5,0.0,0.0,0.0,0.0,5,1,2,1,0,66,Moderate Risk
890218579390,Extruded Spicy Puffs #1826,Snacks,"corn meal, palm olein, maltodextrin, sunset yellow fcf, tartrazine, tbhq, msg, artificial flavors",586.1,5.0,1206.0,19.5,1.2,5.5,1.5,7,2,0,2,1,5,High Risk
890805068251,Instant Fried Noodles #1827,Snacks,"wheat flour, palm oil, salt, guar gum, flavor enhancer 621, caramel iv, sodium polyphosphate",465.3,3.1,1516.1,11.3,0.61,9.3,2.3,5,1,0,2,0,37,High Risk
890827362382,Adulterated Low-Cost Paneer #1828,Dairy,"milk solids, vegetable oil, starch, sulfuric acid trace, detergent trace",302.7,3.1,557.0,21.4,2.69,9.8,0.0,4,0,0,2,1,5,High Risk
890933529300,Oat & Honey Granola Bar #1829,Bakery & Confectionery,"rolled oats, honey, almonds, crisped rice, sunflower oil, salt",415.1,12.8,205.2,2.4,0.0,8.0,6.0,0,0,0,0,0,99,Low Risk
890937243482,Processed Nacho Chips #1830,Snacks,"corn, vegetable fat, whey powder, disodium guanylate, artificial cheese flavor, yellow 6 lake",461.5,1.9,808.4,11.2,1.08,6.6,4.0,5,1,0,1,0,48,Moderate Risk
890101778028,Extruded Spicy Puffs #1831,Snacks,"corn meal, palm olein, maltodextrin, sunset yellow fcf, tartrazine, tbhq, msg, artificial flavors",515.3,4.9,1211.0,15.7,1.26,4.9,1.4,7,2,0,2,1,5,High Risk
890947469757,Fresh Butter #1832,Dairy,"pasteurized cream, salt",667.6,0.1,551.8,46.2,0.0,0.9,0.0,0,0,0,0,0,78,Low Risk
890276430223,Extruded Spicy Puffs #1833,Snacks,"corn meal, palm olein, maltodextrin, sunset yellow fcf, tartrazine, tbhq, msg, artificial flavors",595.3,3.6,1484.8,18.4,1.24,4.8,1.5,7,2,0,2,1,5,High Risk
890166617523,100% Whole Wheat Sourdough #1834,Bakery & Confectionery,"whole wheat flour, water, sourdough culture, sea salt",266.4,1.6,478.6,0.6,0.0,9.5,6.0,0,0,0,0,0,99,Low Risk
890286058685,Synthetic Milk Sample #1835,Dairy,"urea, detergent, refined vegetable oil, caustic soda, water",184.7,0.5,814.5,16.6,4.24,1.1,0.0,5,0,0,3,1,5,High Risk
890678977973,Coconut Water 100% Pure #1836,Beverages,pure tender coconut water,18.8,3.4,28.5,0.1,0.0,0.8,1.2,0,0,0,0,0,99,Low Risk
890854984419,Pure Red Chilli Powder #1837,Spices & Condiments,100% dried red chillies,273.5,8.0,26.1,3.1,0.0,11.6,25.8,0,0,0,0,0,99,Low Risk
890452806236,100% Whole Wheat Sourdough #1838,Bakery & Confectionery,"whole wheat flour, water, sourdough culture, sea salt",261.2,1.5,422.9,0.5,0.0,10.1,6.0,0,0,0,0,0,99,Low Risk
890332003828,Dark Chocolate 85% #1839,Bakery & Confectionery,"cocoa mass, cocoa butter, cane sugar, vanilla beans",569.4,15.1,13.7,33.6,0.0,9.2,11.2,0,0,0,0,0,89,Low Risk
890778498686,Pure Green Tea Bag #1840,Beverages,100% organic green tea leaves,1.0,0.0,1.0,0.0,0.0,0.2,0.0,0,0,0,0,0,99,Low Risk
890624975997,Industrial White Sandwich Bread #1841,Bakery & Confectionery,"refined wheat flour, sugar, yeast, palm oil, calcium propionate, emulsifier 481, flour treatment agent 300",242.2,5.3,573.8,1.3,0.14,8.3,2.1,4,0,0,2,0,82,Moderate Risk
890128131946,Fresh Butter #1842,Dairy,"pasteurized cream, salt",630.8,0.1,674.6,43.7,0.0,0.8,0.0,0,0,0,0,0,76,Moderate Risk
890411477361,Processed Nacho Chips #1843,Snacks,"corn, vegetable fat, whey powder, disodium guanylate, artificial cheese flavor, yellow 6 lake",566.3,2.2,833.4,8.5,0.95,6.5,4.3,5,1,0,1,0,56,Moderate Risk
890823726897,Skimmed Milk #1844,Dairy,"skimmed milk, vitamin a, vitamin d3",35.8,5.2,43.1,0.2,0.0,3.2,0.0,0,0,0,0,0,99,Low Risk
890510349669,Processed Nacho Chips #1845,Snacks,"corn, vegetable fat, whey powder, disodium guanylate, artificial cheese flavor, yellow 6 lake",454.3,1.8,1060.2,8.9,1.07,7.0,4.4,5,1,0,1,0,50,Moderate Risk
890394235592,Dark Chocolate 85% #1846,Bakery & Confectionery,"cocoa mass, cocoa butter, cane sugar, vanilla beans",642.1,15.7,15.5,33.6,0.0,9.0,10.2,0,0,0,0,0,87,Low Risk
890105682963,Pure Green Tea Bag #1847,Beverages,100% organic green tea leaves,1.1,0.0,1.0,0.0,0.0,0.2,0.0,0,0,0,0,0,99,Low Risk
890103094306,Pure Ground Turmeric Powder #1848,Spices & Condiments,100% turmeric rhizome powder,337.1,3.0,39.3,2.7,0.0,9.2,21.3,0,0,0,0,0,99,Low Risk
890123962837,Cream-Filled Sandwich Cookies #1849,Bakery & Confectionery,"refined wheat flour, sugar, hydrogenated palm oil, cocoa, high fructose corn syrup, soy lecithin, vanillin, artificial chocolate flavor, tbhq",517.6,45.4,425.6,9.4,1.9,4.7,2.2,5,0,0,2,1,5,High Risk
890432715868,Standard Processed Cheese #1850,Dairy,"milk, salt, cheese cultures, enzymes, sodium phosphate, annatto",289.7,1.4,1346.6,24.7,0.42,19.3,0.0,3,1,0,1,0,49,Moderate Risk
890894873755,Processed Nacho Chips #1851,Snacks,"corn, vegetable fat, whey powder, disodium guanylate, artificial cheese flavor, yellow 6 lake",518.6,2.4,850.6,8.1,0.81,7.2,4.3,5,1,0,1,0,58,Moderate Risk
890166915555,Greek Plain Yogurt #1852,Dairy,"cultured pasteurized nonfat milk, live active cultures",52.7,3.6,34.0,0.4,0.0,9.5,0.0,0,0,0,0,0,99,Low Risk
890132405288,Commercial Tomato Ketchup #1853,Spices & Condiments,"tomato paste, sugar, distilled vinegar, salt, onion powder, sodium benzoate, potassium sorbate, pectin",105.3,26.1,916.6,0.1,0.0,1.4,1.4,3,0,0,2,0,62,Moderate Risk
890721733956,Pure Red Chilli Powder #1854,Spices & Condiments,100% dried red chillies,283.1,6.8,31.0,3.4,0.0,12.7,25.9,0,0,0,0,0,99,Low Risk
890910809581,Fresh Butter #1855,Dairy,"pasteurized cream, salt",671.0,0.1,612.0,47.4,0.0,0.9,0.0,0,0,0,0,0,77,Moderate Risk
890293557502,Industrial White Sandwich Bread #1856,Bakery & Confectionery,"refined wheat flour, sugar, yeast, palm oil, calcium propionate, emulsifier 481, flour treatment agent 300",278.8,4.6,606.9,1.1,0.2,8.2,2.1,4,0,0,2,0,82,Moderate Risk
890769428264,Adulterated Turmeric with Metanil Yellow #1857,Spices & Condiments,"turmeric powder, lead chromate trace, chalk powder, metanil yellow color",263.9,2.1,212.2,1.6,0.0,5.1,11.6,3,1,0,0,1,56,High Risk
890620861730,Cold Pressed Orange Juice #1858,Beverages,100% freshly pressed oranges,50.5,8.6,1.9,0.1,0.0,0.7,1.6,0,0,0,0,0,99,Low Risk
890341787532,Cold Pressed Orange Juice #1859,Beverages,100% freshly pressed oranges,38.9,7.8,1.9,0.1,0.0,0.7,1.6,0,0,0,0,0,99,Low Risk
890964039591,100% Whole Wheat Sourdough #1860,Bakery & Confectionery,"whole wheat flour, water, sourdough culture, sea salt",262.1,1.4,475.4,0.6,0.0,11.2,5.7,0,0,0,0,0,99,Low Risk
890901636637,Diet Soda with Multiple Sweeteners #1861,Beverages,"carbonated water, aspartame, acesulfame potassium, caramel iv, sodium benzoate, phosphoric acid",1.0,0.0,35.7,0.0,0.0,0.0,0.0,5,1,2,1,0,66,Moderate Risk
890871768895,Carbonated Cola Drink #1862,Beverages,"carbonated water, high fructose corn syrup, caramel color iv, phosphoric acid, caffeine, artificial flavors",45.3,11.5,13.2,0.0,0.0,0.0,0.0,4,1,0,1,0,77,Moderate Risk
890607182323,Cold Pressed Orange Juice #1863,Beverages,100% freshly pressed oranges,50.7,8.6,2.2,0.1,0.0,0.7,1.6,0,0,0,0,0,99,Low Risk
890911752009,Fresh Butter #1864,Dairy,"pasteurized cream, salt",690.8,0.1,518.5,61.1,0.0,0.8,0.0,0,0,0,0,0,79,Low Risk
890662021758,Synthetic Milk Sample #1865,Dairy,"urea, detergent, refined vegetable oil, caustic soda, water",192.5,0.5,735.1,14.4,4.36,1.2,0.0,5,0,0,3,1,5,High Risk
890988460085,Pure Red Chilli Powder #1866,Spices & Condiments,100% dried red chillies,283.1,8.2,35.8,3.1,0.0,12.4,28.9,0,0,0,0,0,99,Low Risk
890325774963,Synthetic Milk Sample #1867,Dairy,"urea, detergent, refined vegetable oil, caustic soda, water",153.2,0.5,747.4,13.9,4.38,1.3,0.0,5,0,0,3,1,5,High Risk
890966493481,Roasted Chickpeas #1868,Snacks,"chickpeas, olive oil, sea salt",334.7,2.1,323.5,1.0,0.0,17.5,17.2,0,0,0,0,0,99,Low Risk
890676658535,Synthetic Colored Hard Candies #1869,Bakery & Confectionery,"sugar, liquid glucose, allura red, brilliant blue fcf, tartrazine, artificial fruit flavor, citric acid",355.5,72.8,87.6,0.0,0.0,0.0,0.0,5,3,0,1,1,5,High Risk
890457030245,Pure Ground Turmeric Powder #1870,Spices & Condiments,100% turmeric rhizome powder,277.0,3.2,33.0,3.0,0.0,10.0,21.9,0,0,0,0,0,99,Low Risk
890733168414,Oat & Honey Granola Bar #1871,Bakery & Confectionery,"rolled oats, honey, almonds, crisped rice, sunflower oil, salt",400.7,15.0,173.5,2.0,0.0,9.0,5.9,0,0,0,0,0,99,Low Risk
890364603646,Adulterated Turmeric with Metanil Yellow #1872,Spices & Condiments,"turmeric powder, lead chromate trace, chalk powder, metanil yellow color",254.7,2.1,174.2,1.6,0.0,5.3,12.4,3,1,0,0,1,57,High Risk
890309142250,Adulterated Butter with Animal Fat & Starch #1873,Dairy,"milk fat, animal tallow, starch, yellow dye 5, preservative",671.0,0.5,599.9,58.4,4.03,0.5,0.0,4,1,0,2,1,5,High Risk
890326236682,Extruded Spicy Puffs #1874,Snacks,"corn meal, palm olein, maltodextrin, sunset yellow fcf, tartrazine, tbhq, msg, artificial flavors",495.0,4.1,1390.3,19.8,1.3,5.1,1.5,7,2,0,2,1,5,High Risk
890288012425,Commercial Tomato Ketchup #1875,Spices & Condiments,"tomato paste, sugar, distilled vinegar, salt, onion powder, sodium benzoate, potassium sorbate, pectin",128.0,23.5,901.5,0.1,0.0,1.3,1.5,3,0,0,2,0,62,Moderate Risk
890691917945,100% Whole Wheat Sourdough #1876,Bakery & Confectionery,"whole wheat flour, water, sourdough culture, sea salt",260.4,1.5,438.5,0.4,0.0,9.6,6.3,0,0,0,0,0,99,Low Risk
890908487128,Oat & Honey Granola Bar #1877,Bakery & Confectionery,"rolled oats, honey, almonds, crisped rice, sunflower oil, salt",469.5,16.2,203.9,2.6,0.0,9.3,5.9,0,0,0,0,0,99,Low Risk
890143870760,Adulterated Low-Cost Paneer #1878,Dairy,"milk solids, vegetable oil, starch, sulfuric acid trace, detergent trace",252.1,3.4,456.8,20.7,2.68,8.8,0.0,4,0,0,2,1,5,High Risk
890539291369,100% Whole Wheat Sourdough #1879,Bakery & Confectionery,"whole wheat flour, water, sourdough culture, sea salt",222.7,1.3,429.4,0.5,0.0,9.9,5.8,0,0,0,0,0,99,Low Risk
890844989833,Flavored Fruit Yogurt #1880,Dairy,"milk, sugar, strawberries, modified corn starch, carmine color, potassium sorbate",123.6,14.7,55.9,1.6,0.0,4.3,0.5,3,1,0,1,0,80,Moderate Risk
890836752441,Commercial Potato Crisps #1881,Snacks,"potatoes, palm oil, salt, monosodium glutamate, flavor enhancer 635, dextrose",539.0,0.8,693.8,10.8,0.43,6.4,2.9,4,0,0,1,0,78,Moderate Risk
890186010239,Pure Green Tea Bag #1882,Beverages,100% organic green tea leaves,1.1,0.0,1.1,0.0,0.0,0.2,0.0,0,0,0,0,0,99,Low Risk
890149848752,Commercial Potato Crisps #1883,Snacks,"potatoes, palm oil, salt, monosodium glutamate, flavor enhancer 635, dextrose",560.3,0.9,782.8,11.8,0.68,6.0,3.2,4,0,0,1,0,65,Moderate Risk
890748960516,Pure Red Chilli Powder #1884,Spices & Condiments,100% dried red chillies,347.4,7.0,30.8,3.5,0.0,11.9,26.7,0,0,0,0,0,99,Low Risk
890163134843,Synthetic Milk Sample #1885,Dairy,"urea, detergent, refined vegetable oil, caustic soda, water",198.9,0.5,944.6,15.4,4.47,1.1,0.0,5,0,0,3,1,5,High Risk
890548374525,Fresh Butter #1886,Dairy,"pasteurized cream, salt",638.3,0.1,687.1,47.7,0.0,1.0,0.0,0,0,0,0,0,76,Moderate Risk
890898113859,Adulterated Chilli Powder with Sudan Dye #1887,Spices & Condiments,"red chilli powder, brick powder trace, sudan i dye, salt, mineral oil",274.6,4.0,719.2,4.0,0.0,6.4,15.1,4,1,0,0,1,49,High Risk
890445068328,Instant Fried Noodles #1888,Snacks,"wheat flour, palm oil, salt, guar gum, flavor enhancer 621, caramel iv, sodium polyphosphate",425.9,3.0,1504.4,9.5,0.53,9.8,2.4,5,1,0,2,0,45,Moderate Risk
890482617844,Baked Whole Grain Crackers #1889,Snacks,"whole wheat flour, canola oil, sea salt, malt extract",431.4,2.5,448.1,1.6,0.0,8.1,7.0,0,0,0,0,0,99,Low Risk
890904360761,Oat & Honey Granola Bar #1890,Bakery & Confectionery,"rolled oats, honey, almonds, crisped rice, sunflower oil, salt",412.8,15.1,180.3,2.1,0.0,8.1,5.1,0,0,0,0,0,99,Low Risk
890867106648,Dark Chocolate 85% #1891,Bakery & Confectionery,"cocoa mass, cocoa butter, cane sugar, vanilla beans",599.1,13.3,13.4,28.5,0.0,8.7,11.7,0,0,0,0,0,90,Low Risk
890549203849,Greek Plain Yogurt #1892,Dairy,"cultured pasteurized nonfat milk, live active cultures",62.5,3.7,33.3,0.5,0.0,9.5,0.0,0,0,0,0,0,99,Low Risk
890647552833,Cold Pressed Orange Juice #1893,Beverages,100% freshly pressed oranges,42.2,9.6,1.9,0.1,0.0,0.8,1.6,0,0,0,0,0,99,Low Risk
890306142083,Standard Processed Cheese #1894,Dairy,"milk, salt, cheese cultures, enzymes, sodium phosphate, annatto",272.7,1.3,1001.5,21.4,0.61,19.1,0.0,3,1,0,1,0,50,Moderate Risk
890895478027,100% Whole Wheat Sourdough #1895,Bakery & Confectionery,"whole wheat flour, water, sourdough culture, sea salt",260.0,1.3,476.9,0.5,0.0,10.3,6.0,0,0,0,0,0,99,Low Risk
890318859668,Adulterated Chilli Powder with Sudan Dye #1896,Spices & Condiments,"red chilli powder, brick powder trace, sudan i dye, salt, mineral oil",275.2,4.2,734.4,4.0,0.0,5.9,14.5,4,1,0,0,1,48,High Risk
890624146276,Adulterated Chilli Powder with Sudan Dye #1897,Spices & Condiments,"red chilli powder, brick powder trace, sudan i dye, salt, mineral oil",281.6,3.9,640.7,4.2,0.0,6.4,13.7,4,1,0,0,1,50,High Risk
890548462278,Pure Green Tea Bag #1898,Beverages,100% organic green tea leaves,1.0,0.0,1.0,0.0,0.0,0.2,0.0,0,0,0,0,0,99,Low Risk
890332273926,Synthetic Colored Hard Candies #1899,Bakery & Confectionery,"sugar, liquid glucose, allura red, brilliant blue fcf, tartrazine, artificial fruit flavor, citric acid",403.9,74.2,73.3,0.0,0.0,0.0,0.0,5,3,0,1,1,5,High Risk
890308440805,Synthetic Milk Sample #1900,Dairy,"urea, detergent, refined vegetable oil, caustic soda, water",205.7,0.5,983.5,16.6,4.12,1.1,0.0,5,0,0,3,1,5,High Risk
890441148451,Diet Soda with Multiple Sweeteners #1901,Beverages,"carbonated water, aspartame, acesulfame potassium, caramel iv, sodium benzoate, phosphoric acid",1.0,0.0,40.2,0.0,0.0,0.0,0.0,5,1,2,1,0,66,Moderate Risk
890883052385,Synthetic Colored Hard Candies #1902,Bakery & Confectionery,"sugar, liquid glucose, allura red, brilliant blue fcf, tartrazine, artificial fruit flavor, citric acid",381.1,80.3,94.1,0.0,0.0,0.0,0.0,5,3,0,1,1,5,High Risk
890179933056,Commercial Potato Crisps #1903,Snacks,"potatoes, palm oil, salt, monosodium glutamate, flavor enhancer 635, dextrose",569.8,0.7,709.2,12.6,0.67,5.9,2.9,4,0,0,1,0,65,Moderate Risk
890713905197,Adulterated Turmeric with Metanil Yellow #1904,Spices & Condiments,"turmeric powder, lead chromate trace, chalk powder, metanil yellow color",235.5,1.8,171.5,1.8,0.0,5.1,11.2,3,1,0,0,1,56,High Risk
890977124964,Dark Chocolate 85% #1905,Bakery & Confectionery,"cocoa mass, cocoa butter, cane sugar, vanilla beans",497.5,12.8,16.6,30.6,0.0,8.5,11.9,0,0,0,0,0,91,Low Risk
890213723797,Oat & Honey Granola Bar #1906,Bakery & Confectionery,"rolled oats, honey, almonds, crisped rice, sunflower oil, salt",410.4,15.1,168.0,1.9,0.0,8.5,5.4,0,0,0,0,0,99,Low Risk
890476557074,Pure Extra Virgin Olive Oil #1907,Spices & Condiments,100% extra virgin cold pressed olive oil,982.2,0.0,2.4,15.3,0.0,0.0,0.0,0,0,0,0,0,90,Low Risk
890550517532,Pure Red Chilli Powder #1908,Spices & Condiments,100% dried red chillies,350.5,7.9,35.6,3.5,0.0,12.3,28.1,0,0,0,0,0,99,Low Risk
890325700996,100% Whole Wheat Sourdough #1909,Bakery & Confectionery,"whole wheat flour, water, sourdough culture, sea salt",235.7,1.5,409.2,0.5,0.0,9.6,6.2,0,0,0,0,0,99,Low Risk
890263198272,Skimmed Milk #1910,Dairy,"skimmed milk, vitamin a, vitamin d3",38.1,4.6,56.7,0.2,0.0,3.4,0.0,0,0,0,0,0,99,Low Risk
890105356560,Skimmed Milk #1911,Dairy,"skimmed milk, vitamin a, vitamin d3",39.4,5.5,49.0,0.2,0.0,3.3,0.0,0,0,0,0,0,99,Low Risk
890150546491,Fried Street-Style Savory Mix #1912,Snacks,"refined flour, re-used palm oil, metanil yellow, excess salt, msg",528.7,1.3,1295.1,24.8,3.55,5.9,1.0,6,2,0,2,1,5,High Risk
890991818132,Fried Street-Style Savory Mix #1913,Snacks,"refined flour, re-used palm oil, metanil yellow, excess salt, msg",497.3,1.7,1445.3,24.6,3.52,6.0,1.0,6,2,0,2,1,5,High Risk
890501545952,Pure Red Chilli Powder #1914,Spices & Condiments,100% dried red chillies,358.3,8.0,32.1,3.5,0.0,11.7,27.4,0,0,0,0,0,99,Low Risk
890200242064,Diet Soda with Multiple Sweeteners #1915,Beverages,"carbonated water, aspartame, acesulfame potassium, caramel iv, sodium benzoate, phosphoric acid",1.0,0.0,33.0,0.0,0.0,0.0,0.0,5,1,2,1,0,66,Moderate Risk
890748248985,100% Whole Wheat Sourdough #1916,Bakery & Confectionery,"whole wheat flour, water, sourdough culture, sea salt",222.0,1.8,442.4,0.6,0.0,10.1,5.7,0,0,0,0,0,99,Low Risk
890627348592,Whole Cow Milk #1917,Dairy,"milk, vitamin d3",55.5,5.2,50.3,3.6,0.0,3.1,0.0,0,0,0,0,0,99,Low Risk
890319758798,Baked Whole Grain Crackers #1918,Snacks,"whole wheat flour, canola oil, sea salt, malt extract",425.8,2.2,361.1,1.6,0.0,9.9,7.0,0,0,0,0,0,99,Low Risk
890525749476,Oat & Honey Granola Bar #1919,Bakery & Confectionery,"rolled oats, honey, almonds, crisped rice, sunflower oil, salt",370.2,17.3,208.6,2.4,0.0,8.9,5.8,0,0,0,0,0,99,Low Risk
890850082908,Flavored Fruit Yogurt #1920,Dairy,"milk, sugar, strawberries, modified corn starch, carmine color, potassium sorbate",116.7,16.9,70.3,1.6,0.0,4.0,0.5,3,1,0,1,0,78,Moderate Risk
890365150740,Baked Whole Grain Crackers #1921,Snacks,"whole wheat flour, canola oil, sea salt, malt extract",408.4,2.9,350.3,1.8,0.0,9.4,7.3,0,0,0,0,0,99,Low Risk
890491309314,Adulterated Mustard Oil with Argemone #1922,Spices & Condiments,"mustard oil, argemone oil, mineral oil, butter yellow dye",863.1,0.0,4.6,14.0,1.75,0.0,0.0,3,1,0,0,1,9,High Risk
890167561176,Pure Green Tea Bag #1923,Beverages,100% organic green tea leaves,1.1,0.0,1.0,0.0,0.0,0.2,0.0,0,0,0,0,0,99,Low Risk
890893633249,Adulterated Mustard Oil with Argemone #1924,Spices & Condiments,"mustard oil, argemone oil, mineral oil, butter yellow dye",875.8,0.0,4.8,12.6,1.6,0.0,0.0,3,1,0,0,1,13,High Risk
890431165691,Diet Soda with Multiple Sweeteners #1925,Beverages,"carbonated water, aspartame, acesulfame potassium, caramel iv, sodium benzoate, phosphoric acid",1.0,0.0,33.4,0.0,0.0,0.0,0.0,5,1,2,1,0,66,Moderate Risk
890575886367,Carbonated Cola Drink #1926,Beverages,"carbonated water, high fructose corn syrup, caramel color iv, phosphoric acid, caffeine, artificial flavors",42.5,11.7,13.9,0.0,0.0,0.0,0.0,4,1,0,1,0,77,Moderate Risk
890686793597,Greek Plain Yogurt #1927,Dairy,"cultured pasteurized nonfat milk, live active cultures",62.1,3.1,37.7,0.4,0.0,9.9,0.0,0,0,0,0,0,99,Low Risk
890326168026,Synthetic Milk Sample #1928,Dairy,"urea, detergent, refined vegetable oil, caustic soda, water",177.8,0.5,942.3,15.7,4.33,1.1,0.0,5,0,0,3,1,5,High Risk
890238452149,Pure Ground Turmeric Powder #1929,Spices & Condiments,100% turmeric rhizome powder,310.4,3.4,33.4,2.5,0.0,9.0,20.3,0,0,0,0,0,99,Low Risk
890303204899,Adulterated Chilli Powder with Sudan Dye #1930,Spices & Condiments,"red chilli powder, brick powder trace, sudan i dye, salt, mineral oil",320.3,4.0,777.6,3.5,0.0,5.6,15.3,4,1,0,0,1,48,High Risk
890208464580,Dark Chocolate 85% #1931,Bakery & Confectionery,"cocoa mass, cocoa butter, cane sugar, vanilla beans",579.4,14.1,14.2,30.4,0.0,9.2,10.6,0,0,0,0,0,89,Low Risk
890802706320,Synthetic Colored Hard Candies #1932,Bakery & Confectionery,"sugar, liquid glucose, allura red, brilliant blue fcf, tartrazine, artificial fruit flavor, citric acid",433.8,71.0,80.2,0.0,0.0,0.0,0.0,5,3,0,1,1,5,High Risk
890785493876,Extruded Spicy Puffs #1933,Snacks,"corn meal, palm olein, maltodextrin, sunset yellow fcf, tartrazine, tbhq, msg, artificial flavors",624.7,4.4,1329.5,19.2,1.46,4.8,1.6,7,2,0,2,1,5,High Risk
890634216702,Pure Extra Virgin Olive Oil #1934,Spices & Condiments,100% extra virgin cold pressed olive oil,886.9,0.0,2.1,15.9,0.0,0.0,0.0,0,0,0,0,0,89,Low Risk
890260642358,Adulterated Chilli Powder with Sudan Dye #1935,Spices & Condiments,"red chilli powder, brick powder trace, sudan i dye, salt, mineral oil",247.4,4.4,675.6,4.0,0.0,6.2,14.5,4,1,0,0,1,49,High Risk
890405770474,Pure Green Tea Bag #1936,Beverages,100% organic green tea leaves,1.0,0.0,0.9,0.0,0.0,0.2,0.0,0,0,0,0,0,99,Low Risk
890755275416,Dark Chocolate 85% #1937,Bakery & Confectionery,"cocoa mass, cocoa butter, cane sugar, vanilla beans",625.2,12.1,13.2,28.6,0.0,8.4,12.1,0,0,0,0,0,91,Low Risk
890729287564,Dark Chocolate 85% #1938,Bakery & Confectionery,"cocoa mass, cocoa butter, cane sugar, vanilla beans",537.1,12.1,13.0,29.6,0.0,9.2,10.2,0,0,0,0,0,90,Low Risk
890496378166,Greek Plain Yogurt #1939,Dairy,"cultured pasteurized nonfat milk, live active cultures",52.5,3.9,35.3,0.5,0.0,10.4,0.0,0,0,0,0,0,99,Low Risk
890739909525,Synthetic Colored Hard Candies #1940,Bakery & Confectionery,"sugar, liquid glucose, allura red, brilliant blue fcf, tartrazine, artificial fruit flavor, citric acid",438.8,73.8,83.9,0.0,0.0,0.0,0.0,5,3,0,1,1,5,High Risk
890448496614,Cold Pressed Orange Juice #1941,Beverages,100% freshly pressed oranges,42.8,8.5,2.2,0.1,0.0,0.7,1.4,0,0,0,0,0,99,Low Risk
890546978790,Adulterated Chilli Powder with Sudan Dye #1942,Spices & Condiments,"red chilli powder, brick powder trace, sudan i dye, salt, mineral oil",301.1,4.1,577.5,4.1,0.0,6.3,13.6,4,1,0,0,1,51,High Risk
890296979110,Synthetic Milk Sample #1943,Dairy,"urea, detergent, refined vegetable oil, caustic soda, water",162.9,0.6,811.7,13.8,4.19,1.3,0.0,5,0,0,3,1,5,High Risk
890232708913,Adulterated Turmeric with Metanil Yellow #1944,Spices & Condiments,"turmeric powder, lead chromate trace, chalk powder, metanil yellow color",259.5,1.8,208.5,1.5,0.0,5.3,12.6,3,1,0,0,1,57,High Risk
890185242387,Roasted Chickpeas #1945,Snacks,"chickpeas, olive oil, sea salt",337.7,2.0,296.1,1.1,0.0,18.5,15.8,0,0,0,0,0,99,Low Risk
890500796407,Roasted Chickpeas #1946,Snacks,"chickpeas, olive oil, sea salt",338.9,2.1,261.1,1.4,0.0,19.8,16.3,0,0,0,0,0,99,Low Risk
890615605279,Flavored Fruit Yogurt #1947,Dairy,"milk, sugar, strawberries, modified corn starch, carmine color, potassium sorbate",104.1,15.5,58.4,1.7,0.0,4.1,0.5,3,1,0,1,0,79,Moderate Risk
890730637305,Coconut Water 100% Pure #1948,Beverages,pure tender coconut water,19.7,2.7,25.2,0.1,0.0,0.7,1.1,0,0,0,0,0,99,Low Risk
890824187397,Commercial Potato Crisps #1949,Snacks,"potatoes, palm oil, salt, monosodium glutamate, flavor enhancer 635, dextrose",609.2,0.7,725.8,10.7,0.46,7.0,2.9,4,0,0,1,0,78,Moderate Risk
890250412925,Processed Nacho Chips #1950,Snacks,"corn, vegetable fat, whey powder, disodium guanylate, artificial cheese flavor, yellow 6 lake",423.2,2.0,1044.8,10.6,1.0,7.4,4.3,5,1,0,1,0,45,Moderate Risk
890448430707,Pure Extra Virgin Olive Oil #1951,Spices & Condiments,100% extra virgin cold pressed olive oil,875.4,0.0,1.8,14.6,0.0,0.0,0.0,0,0,0,0,0,90,Low Risk
890614723874,Adulterated Low-Cost Paneer #1952,Dairy,"milk solids, vegetable oil, starch, sulfuric acid trace, detergent trace",307.6,3.2,420.8,18.6,2.55,8.5,0.0,4,0,0,2,1,5,High Risk
890373183863,Instant Fried Noodles #1953,Snacks,"wheat flour, palm oil, salt, guar gum, flavor enhancer 621, caramel iv, sodium polyphosphate",434.1,2.5,1672.2,11.6,0.4,8.4,2.5,5,1,0,2,0,45,Moderate Risk
890369494377,Standard Processed Cheese #1954,Dairy,"milk, salt, cheese cultures, enzymes, sodium phosphate, annatto",349.0,1.1,1169.9,18.9,0.43,18.5,0.0,3,1,0,1,0,58,Moderate Risk
890915079952,Commercial Potato Crisps #1955,Snacks,"potatoes, palm oil, salt, monosodium glutamate, flavor enhancer 635, dextrose",459.2,1.0,741.0,11.5,0.4,6.5,3.4,4,0,0,1,0,77,Moderate Risk
890552766217,Extruded Spicy Puffs #1956,Snacks,"corn meal, palm olein, maltodextrin, sunset yellow fcf, tartrazine, tbhq, msg, artificial flavors",567.9,4.7,1252.4,15.5,1.42,4.5,1.6,7,2,0,2,1,5,High Risk
890604554574,Organic Trail Mix #1957,Snacks,"almonds, walnuts, raisins, sunflower seeds, pumpkin seeds",517.1,19.6,13.3,4.7,0.0,15.6,8.2,0,0,0,0,0,99,Moderate Risk
890290201921,Cottage Cheese (Paneer) #1958,Dairy,"pasteurized milk, citric acid",288.6,1.1,24.3,19.0,0.0,17.6,0.0,0,0,0,0,0,93,Low Risk
890614759810,Skimmed Milk #1959,Dairy,"skimmed milk, vitamin a, vitamin d3",39.7,4.8,52.9,0.2,0.0,3.6,0.0,0,0,0,0,0,99,Low Risk
890313533504,Adulterated Low-Cost Paneer #1960,Dairy,"milk solids, vegetable oil, starch, sulfuric acid trace, detergent trace",314.7,3.2,418.2,16.3,2.65,8.6,0.0,4,0,0,2,1,5,High Risk
890732476510,Skimmed Milk #1961,Dairy,"skimmed milk, vitamin a, vitamin d3",31.1,4.6,53.6,0.2,0.0,3.2,0.0,0,0,0,0,0,99,Low Risk
890496510789,Fried Street-Style Savory Mix #1962,Snacks,"refined flour, re-used palm oil, metanil yellow, excess salt, msg",485.6,1.5,1691.2,22.6,3.78,6.3,1.0,6,2,0,2,1,5,High Risk
890610877183,Pure Ground Turmeric Powder #1963,Spices & Condiments,100% turmeric rhizome powder,353.6,3.8,36.3,3.4,0.0,10.4,22.5,0,0,0,0,0,99,Low Risk
890980482738,Cream-Filled Sandwich Cookies #1964,Bakery & Confectionery,"refined wheat flour, sugar, hydrogenated palm oil, cocoa, high fructose corn syrup, soy lecithin, vanillin, artificial chocolate flavor, tbhq",470.9,44.0,338.5,10.6,1.98,4.2,2.0,5,0,0,2,1,5,High Risk
890396785456,Coconut Water 100% Pure #1965,Beverages,pure tender coconut water,18.2,3.2,26.1,0.1,0.0,0.7,1.2,0,0,0,0,0,99,Low Risk
890938283131,Coconut Water 100% Pure #1966,Beverages,pure tender coconut water,19.8,3.3,27.8,0.1,0.0,0.7,1.0,0,0,0,0,0,99,Low Risk
890597536696,Energy Drink with High Caffeine #1967,Beverages,"carbonated water, sucrose, glucose, taurine, caffeine, inositol, niacinamide, pyridoxine, color e133, sodium benzoate",50.8,10.5,68.5,0.0,0.0,0.4,0.0,6,1,0,2,0,68,Moderate Risk
890973012675,Pure Extra Virgin Olive Oil #1968,Spices & Condiments,100% extra virgin cold pressed olive oil,965.6,0.0,2.4,15.1,0.0,0.0,0.0,0,0,0,0,0,90,Low Risk
890490010648,Processed Nacho Chips #1969,Snacks,"corn, vegetable fat, whey powder, disodium guanylate, artificial cheese flavor, yellow 6 lake",505.8,1.9,820.8,8.6,0.94,6.4,4.1,5,1,0,1,0,56,Moderate Risk
890602305736,Cottage Cheese (Paneer) #1970,Dairy,"pasteurized milk, citric acid",236.4,1.3,19.4,17.8,0.0,18.4,0.0,0,0,0,0,0,95,Low Risk
890641259669,Diet Soda with Multiple Sweeteners #1971,Beverages,"carbonated water, aspartame, acesulfame potassium, caramel iv, sodium benzoate, phosphoric acid",1.1,0.0,38.8,0.0,0.0,0.0,0.0,5,1,2,1,0,66,Moderate Risk
890154331814,Pure Red Chilli Powder #1972,Spices & Condiments,100% dried red chillies,280.1,6.3,32.5,3.9,0.0,12.0,25.5,0,0,0,0,0,99,Low Risk
890714909822,Oat & Honey Granola Bar #1973,Bakery & Confectionery,"rolled oats, honey, almonds, crisped rice, sunflower oil, salt",466.4,14.6,190.3,2.6,0.0,9.3,5.5,0,0,0,0,0,99,Low Risk
890506555181,Processed Nacho Chips #1974,Snacks,"corn, vegetable fat, whey powder, disodium guanylate, artificial cheese flavor, yellow 6 lake",460.5,2.3,976.2,8.7,0.71,7.2,3.7,5,1,0,1,0,56,Moderate Risk
890280505979,100% Whole Wheat Sourdough #1975,Bakery & Confectionery,"whole wheat flour, water, sourdough culture, sea salt",275.0,1.7,481.6,0.5,0.0,9.5,6.4,0,0,0,0,0,99,Low Risk
890678670495,Skimmed Milk #1976,Dairy,"skimmed milk, vitamin a, vitamin d3",35.3,4.9,51.2,0.2,0.0,3.2,0.0,0,0,0,0,0,99,Low Risk
890386809861,Flavored Fruit Yogurt #1977,Dairy,"milk, sugar, strawberries, modified corn starch, carmine color, potassium sorbate",94.0,18.8,74.4,1.6,0.0,3.9,0.5,3,1,0,1,0,76,Moderate Risk
890950600833,Fresh Butter #1978,Dairy,"pasteurized cream, salt",648.9,0.1,628.6,60.9,0.0,0.9,0.0,0,0,0,0,0,77,Moderate Risk
890742814796,Pure Ground Turmeric Powder #1979,Spices & Condiments,100% turmeric rhizome powder,319.5,3.0,36.2,3.0,0.0,10.6,22.1,0,0,0,0,0,99,Low Risk
890459828719,Synthetic Colored Hard Candies #1980,Bakery & Confectionery,"sugar, liquid glucose, allura red, brilliant blue fcf, tartrazine, artificial fruit flavor, citric acid",429.6,65.3,79.9,0.0,0.0,0.0,0.0,5,3,0,1,1,5,High Risk
890996346620,Cottage Cheese (Paneer) #1981,Dairy,"pasteurized milk, citric acid",241.8,1.0,18.8,15.9,0.0,20.1,0.0,0,0,0,0,0,97,Low Risk
890593975548,Pure Extra Virgin Olive Oil #1982,Spices & Condiments,100% extra virgin cold pressed olive oil,907.4,0.0,2.1,13.6,0.0,0.0,0.0,0,0,0,0,0,91,Low Risk
890155367257,Oat & Honey Granola Bar #1983,Bakery & Confectionery,"rolled oats, honey, almonds, crisped rice, sunflower oil, salt",470.4,17.0,183.6,2.6,0.0,7.8,5.6,0,0,0,0,0,99,Low Risk
890536347184,Coconut Water 100% Pure #1984,Beverages,pure tender coconut water,16.7,3.0,30.0,0.1,0.0,0.7,1.2,0,0,0,0,0,99,Low Risk
890503230635,Dark Chocolate 85% #1985,Bakery & Confectionery,"cocoa mass, cocoa butter, cane sugar, vanilla beans",588.6,13.8,14.7,25.2,0.0,8.8,11.6,0,0,0,0,0,90,Low Risk
890336116556,Instant Fried Noodles #1986,Snacks,"wheat flour, palm oil, salt, guar gum, flavor enhancer 621, caramel iv, sodium polyphosphate",417.6,2.9,2106.5,11.0,0.45,9.5,2.5,5,1,0,2,0,46,Moderate Risk
890445756337,Cold Pressed Orange Juice #1987,Beverages,100% freshly pressed oranges,42.7,10.3,2.1,0.1,0.0,0.7,1.6,0,0,0,0,0,99,Low Risk
890322462596,Adulterated Turmeric with Metanil Yellow #1988,Spices & Condiments,"turmeric powder, lead chromate trace, chalk powder, metanil yellow color",241.0,2.1,172.5,1.5,0.0,4.5,12.4,3,1,0,0,1,56,High Risk
890874139807,Industrial White Sandwich Bread #1989,Bakery & Confectionery,"refined wheat flour, sugar, yeast, palm oil, calcium propionate, emulsifier 481, flour treatment agent 300",260.5,4.7,517.0,1.1,0.28,7.5,1.9,4,0,0,2,0,83,Moderate Risk
890891072423,Flavored Fruit Yogurt #1990,Dairy,"milk, sugar, strawberries, modified corn starch, carmine color, potassium sorbate",94.1,19.2,68.2,1.5,0.0,3.9,0.5,3,1,0,1,0,76,Moderate Risk
890264906821,Cold Pressed Orange Juice #1991,Beverages,100% freshly pressed oranges,50.9,9.6,1.9,0.1,0.0,0.7,1.5,0,0,0,0,0,99,Low Risk
890757142492,Carbonated Cola Drink #1992,Beverages,"carbonated water, high fructose corn syrup, caramel color iv, phosphoric acid, caffeine, artificial flavors",46.7,9.8,10.3,0.0,0.0,0.0,0.0,4,1,0,1,0,78,Moderate Risk
890258926900,Cold Pressed Orange Juice #1993,Beverages,100% freshly pressed oranges,43.6,9.1,1.9,0.1,0.0,0.8,1.6,0,0,0,0,0,99,Low Risk
890556128785,Energy Drink with High Caffeine #1994,Beverages,"carbonated water, sucrose, glucose, taurine, caffeine, inositol, niacinamide, pyridoxine, color e133, sodium benzoate",41.2,11.8,89.4,0.0,0.0,0.4,0.0,6,1,0,2,0,67,Moderate Risk
890991363615,Skimmed Milk #1995,Dairy,"skimmed milk, vitamin a, vitamin d3",38.8,4.3,57.0,0.2,0.0,3.5,0.0,0,0,0,0,0,99,Low Risk
890187383035,Coconut Water 100% Pure #1996,Beverages,pure tender coconut water,21.3,2.7,26.2,0.1,0.0,0.7,1.2,0,0,0,0,0,99,Low Risk
890991969419,Baked Whole Grain Crackers #1997,Snacks,"whole wheat flour, canola oil, sea salt, malt extract",391.4,2.5,406.4,1.8,0.0,9.4,7.3,0,0,0,0,0,99,Low Risk
890378356870,Pure Extra Virgin Olive Oil #1998,Spices & Condiments,100% extra virgin cold pressed olive oil,899.1,0.0,1.7,13.4,0.0,0.0,0.0,0,0,0,0,0,92,Low Risk
890711213473,Skimmed Milk #1999,Dairy,"skimmed milk, vitamin a, vitamin d3",35.5,5.0,49.3,0.2,0.0,3.7,0.0,0,0,0,0,0,99,Low Risk
890707266130,Standard Processed Cheese #2000,Dairy,"milk, salt, cheese cultures, enzymes, sodium phosphate, annatto",288.1,1.2,1258.7,23.0,0.69,17.0,0.0,3,1,0,1,0,41,Moderate Risk
890606881986,Synthetic Colored Hard Candies #2001,Bakery & Confectionery,"sugar, liquid glucose, allura red, brilliant blue fcf, tartrazine, artificial fruit flavor, citric acid",333.9,73.1,87.0,0.0,0.0,0.0,0.0,5,3,0,1,1,5,High Risk
890847817485,Instant Fried Noodles #2002,Snacks,"wheat flour, palm oil, salt, guar gum, flavor enhancer 621, caramel iv, sodium polyphosphate",512.1,3.2,1867.3,9.0,0.5,9.7,2.4,5,1,0,2,0,52,Moderate Risk
890240396109,Coconut Water 100% Pure #2003,Beverages,pure tender coconut water,19.0,2.9,24.2,0.1,0.0,0.6,1.2,0,0,0,0,0,99,Low Risk
890413517533,Fresh Butter #2004,Dairy,"pasteurized cream, salt",782.0,0.1,612.3,47.1,0.0,0.8,0.0,0,0,0,0,0,77,Moderate Risk
890824185932,Standard Processed Cheese #2005,Dairy,"milk, salt, cheese cultures, enzymes, sodium phosphate, annatto",342.0,1.1,1210.6,20.0,0.66,16.2,0.0,3,1,0,1,0,45,Moderate Risk
890378419676,Dark Chocolate 85% #2006,Bakery & Confectionery,"cocoa mass, cocoa butter, cane sugar, vanilla beans",654.5,14.7,12.8,33.5,0.0,8.0,11.2,0,0,0,0,0,88,Low Risk
890613250796,Oat & Honey Granola Bar #2007,Bakery & Confectionery,"rolled oats, honey, almonds, crisped rice, sunflower oil, salt",436.6,14.8,161.1,2.1,0.0,9.2,5.0,0,0,0,0,0,99,Low Risk
890101234895,Flavored Fruit Yogurt #2008,Dairy,"milk, sugar, strawberries, modified corn starch, carmine color, potassium sorbate",102.6,16.4,56.2,1.6,0.0,4.3,0.5,3,1,0,1,0,78,Moderate Risk
890658985043,Diet Soda with Multiple Sweeteners #2009,Beverages,"carbonated water, aspartame, acesulfame potassium, caramel iv, sodium benzoate, phosphoric acid",1.1,0.0,33.2,0.0,0.0,0.0,0.0,5,1,2,1,0,66,Moderate Risk
890360975800,Low-Cost Synthetic Fruit Drink #2010,Beverages,"water, invert sugar syrup, metanil yellow, citric acid, clouding agent, artificial mango flavor, potassium metabisulphite",47.8,15.4,46.9,0.0,0.0,0.0,0.0,6,2,0,2,1,19,High Risk
890809379745,Industrial White Sandwich Bread #2011,Bakery & Confectionery,"refined wheat flour, sugar, yeast, palm oil, calcium propionate, emulsifier 481, flour treatment agent 300",254.5,4.5,536.5,1.2,0.32,8.4,2.0,4,0,0,2,0,83,Moderate Risk
890863753268,Fried Street-Style Savory Mix #2012,Snacks,"refined flour, re-used palm oil, metanil yellow, excess salt, msg",578.8,1.5,1279.4,25.1,3.48,5.4,0.9,6,2,0,2,1,5,High Risk
890716996377,Synthetic Colored Hard Candies #2013,Bakery & Confectionery,"sugar, liquid glucose, allura red, brilliant blue fcf, tartrazine, artificial fruit flavor, citric acid",392.6,65.3,83.6,0.0,0.0,0.0,0.0,5,3,0,1,1,5,High Risk
890372285611,Processed Nacho Chips #2014,Snacks,"corn, vegetable fat, whey powder, disodium guanylate, artificial cheese flavor, yellow 6 lake",561.8,2.3,810.3,8.8,0.99,6.8,4.0,5,1,0,1,0,55,Moderate Risk
890980146968,Pure Red Chilli Powder #2015,Spices & Condiments,100% dried red chillies,286.1,7.6,27.8,3.4,0.0,12.9,26.4,0,0,0,0,0,99,Low Risk
890796286521,Flavored Fruit Yogurt #2016,Dairy,"milk, sugar, strawberries, modified corn starch, carmine color, potassium sorbate",99.8,18.3,62.7,1.5,0.0,4.0,0.5,3,1,0,1,0,77,Moderate Risk
890767413088,Adulterated Mustard Oil with Argemone #2017,Spices & Condiments,"mustard oil, argemone oil, mineral oil, butter yellow dye",785.2,0.0,4.8,11.6,1.54,0.0,0.0,3,1,0,0,1,15,High Risk
890207134277,Pure Green Tea Bag #2018,Beverages,100% organic green tea leaves,0.9,0.0,1.0,0.0,0.0,0.2,0.0,0,0,0,0,0,99,Low Risk
890419276480,Processed Nacho Chips #2019,Snacks,"corn, vegetable fat, whey powder, disodium guanylate, artificial cheese flavor, yellow 6 lake",455.3,1.8,990.1,8.5,1.04,7.4,4.0,5,1,0,1,0,51,Moderate Risk
890679326999,Coconut Water 100% Pure #2020,Beverages,pure tender coconut water,16.8,3.8,22.8,0.1,0.0,0.7,1.0,0,0,0,0,0,99,Low Risk
890338013192,Pure Red Chilli Powder #2021,Spices & Condiments,100% dried red chillies,331.3,6.7,32.3,3.8,0.0,11.7,27.3,0,0,0,0,0,99,Low Risk
890933562986,Fried Street-Style Savory Mix #2022,Snacks,"refined flour, re-used palm oil, metanil yellow, excess salt, msg",613.9,1.4,1580.7,25.7,3.49,5.5,1.1,6,2,0,2,1,5,High Risk
890432039243,Coconut Water 100% Pure #2023,Beverages,pure tender coconut water,18.2,3.4,21.3,0.1,0.0,0.7,1.1,0,0,0,0,0,99,Low Risk
890995484659,Pure Green Tea Bag #2024,Beverages,100% organic green tea leaves,1.1,0.0,1.0,0.0,0.0,0.2,0.0,0,0,0,0,0,99,Low Risk
890611890322,Cottage Cheese (Paneer) #2025,Dairy,"pasteurized milk, citric acid",288.7,1.1,26.0,15.3,0.0,19.5,0.0,0,0,0,0,0,98,Low Risk
890760399106,Whole Cow Milk #2026,Dairy,"milk, vitamin d3",59.6,5.7,44.9,2.8,0.0,3.2,0.0,0,0,0,0,0,99,Low Risk
890679468388,Pure Extra Virgin Olive Oil #2027,Spices & Condiments,100% extra virgin cold pressed olive oil,773.0,0.0,2.3,11.9,0.0,0.0,0.0,0,0,0,0,0,93,Low Risk
890166712408,Pure Green Tea Bag #2028,Beverages,100% organic green tea leaves,1.0,0.0,1.0,0.0,0.0,0.2,0.0,0,0,0,0,0,99,Low Risk
890580342030,Synthetic Colored Hard Candies #2029,Bakery & Confectionery,"sugar, liquid glucose, allura red, brilliant blue fcf, tartrazine, artificial fruit flavor, citric acid",360.8,62.3,71.7,0.0,0.0,0.0,0.0,5,3,0,1,1,5,High Risk
890116666144,Instant Fried Noodles #2030,Snacks,"wheat flour, palm oil, salt, guar gum, flavor enhancer 621, caramel iv, sodium polyphosphate",400.7,2.9,2106.9,10.4,0.51,9.0,2.5,5,1,0,2,0,39,High Risk
890930026122,Whole Cow Milk #2031,Dairy,"milk, vitamin d3",65.2,5.5,49.0,3.3,0.0,3.4,0.0,0,0,0,0,0,99,Low Risk
890475686276,Commercial Tomato Ketchup #2032,Spices & Condiments,"tomato paste, sugar, distilled vinegar, salt, onion powder, sodium benzoate, potassium sorbate, pectin",99.5,23.7,998.4,0.1,0.0,1.3,1.4,3,0,0,2,0,60,Moderate Risk
890138433194,Fried Street-Style Savory Mix #2033,Snacks,"refined flour, re-used palm oil, metanil yellow, excess salt, msg",479.4,1.6,1333.6,22.9,3.77,6.3,1.0,6,2,0,2,1,5,High Risk
890969641898,Cottage Cheese (Paneer) #2034,Dairy,"pasteurized milk, citric acid",277.7,1.3,24.5,17.9,0.0,17.0,0.0,0,0,0,0,0,94,Low Risk
890243221065,Low-Cost Synthetic Fruit Drink #2035,Beverages,"water, invert sugar syrup, metanil yellow, citric acid, clouding agent, artificial mango flavor, potassium metabisulphite",58.6,14.8,50.2,0.0,0.0,0.0,0.0,6,2,0,2,1,19,High Risk
890572746909,Pure Green Tea Bag #2036,Beverages,100% organic green tea leaves,1.0,0.0,1.0,0.0,0.0,0.2,0.0,0,0,0,0,0,99,Low Risk
890226051723,Industrial White Sandwich Bread #2037,Bakery & Confectionery,"refined wheat flour, sugar, yeast, palm oil, calcium propionate, emulsifier 481, flour treatment agent 300",233.5,4.5,506.2,1.1,0.35,8.6,2.0,4,0,0,2,0,83,Moderate Risk
890508313635,Oat & Honey Granola Bar #2038,Bakery & Confectionery,"rolled oats, honey, almonds, crisped rice, sunflower oil, salt",451.4,17.4,181.6,2.4,0.0,8.0,5.7,0,0,0,0,0,99,Low Risk
890986973883,Fresh Butter #2039,Dairy,"pasteurized cream, salt",727.7,0.1,647.9,47.0,0.0,1.0,0.0,0,0,0,0,0,77,Moderate Risk
890638380684,Instant Fried Noodles #2040,Snacks,"wheat flour, palm oil, salt, guar gum, flavor enhancer 621, caramel iv, sodium polyphosphate",508.2,2.8,2074.2,8.9,0.46,9.9,2.3,5,1,0,2,0,52,Moderate Risk
890104234524,Processed Nacho Chips #2041,Snacks,"corn, vegetable fat, whey powder, disodium guanylate, artificial cheese flavor, yellow 6 lake",502.9,2.0,795.4,9.8,1.05,6.2,3.7,5,1,0,1,0,58,Moderate Risk
890997429778,Processed Nacho Chips #2042,Snacks,"corn, vegetable fat, whey powder, disodium guanylate, artificial cheese flavor, yellow 6 lake",445.3,1.8,939.5,8.2,0.95,7.2,3.8,5,1,0,1,0,53,Moderate Risk
890851101338,Adulterated Butter with Animal Fat & Starch #2043,Dairy,"milk fat, animal tallow, starch, yellow dye 5, preservative",684.1,0.5,633.5,44.5,3.91,0.5,0.0,4,1,0,2,1,5,High Risk
890655028008,Synthetic Colored Hard Candies #2044,Bakery & Confectionery,"sugar, liquid glucose, allura red, brilliant blue fcf, tartrazine, artificial fruit flavor, citric acid",344.5,67.7,91.8,0.0,0.0,0.0,0.0,5,3,0,1,1,5,High Risk
890703651880,Carbonated Cola Drink #2045,Beverages,"carbonated water, high fructose corn syrup, caramel color iv, phosphoric acid, caffeine, artificial flavors",40.2,9.2,12.4,0.0,0.0,0.0,0.0,4,1,0,1,0,78,Moderate Risk
890112170440,Baked Whole Grain Crackers #2046,Snacks,"whole wheat flour, canola oil, sea salt, malt extract",405.7,2.4,349.7,1.6,0.0,8.7,6.8,0,0,0,0,0,99,Low Risk
890424717885,Flavored Fruit Yogurt #2047,Dairy,"milk, sugar, strawberries, modified corn starch, carmine color, potassium sorbate",96.1,16.9,74.9,1.7,0.0,4.1,0.5,3,1,0,1,0,78,Moderate Risk
890256746092,Standard Processed Cheese #2048,Dairy,"milk, salt, cheese cultures, enzymes, sodium phosphate, annatto",351.7,1.3,989.6,20.1,0.52,18.9,0.0,3,1,0,1,0,52,Moderate Risk
890922817303,Extruded Spicy Puffs #2049,Snacks,"corn meal, palm olein, maltodextrin, sunset yellow fcf, tartrazine, tbhq, msg, artificial flavors",584.1,4.8,1341.8,18.1,1.12,4.6,1.4,7,2,0,2,1,5,High Risk
890934510192,Pure Green Tea Bag #2050,Beverages,100% organic green tea leaves,1.1,0.0,1.1,0.0,0.0,0.2,0.0,0,0,0,0,0,99,Low Risk
890166630103,Processed Nacho Chips #2051,Snacks,"corn, vegetable fat, whey powder, disodium guanylate, artificial cheese flavor, yellow 6 lake",528.5,2.2,846.4,10.5,0.93,6.2,4.1,5,1,0,1,0,50,Moderate Risk
890390250435,Roasted Chickpeas #2052,Snacks,"chickpeas, olive oil, sea salt",323.6,2.0,322.8,1.2,0.0,19.3,17.6,0,0,0,0,0,99,Low Risk
890407456748,Whole Cow Milk #2053,Dairy,"milk, vitamin d3",53.0,4.6,44.5,3.2,0.0,3.2,0.0,0,0,0,0,0,99,Low Risk
890785494486,Carbonated Cola Drink #2054,Beverages,"carbonated water, high fructose corn syrup, caramel color iv, phosphoric acid, caffeine, artificial flavors",36.4,9.6,11.3,0.0,0.0,0.0,0.0,4,1,0,1,0,78,Moderate Risk
890837931393,Dark Chocolate 85% #2055,Bakery & Confectionery,"cocoa mass, cocoa butter, cane sugar, vanilla beans",531.4,15.4,14.0,30.9,0.0,8.3,11.4,0,0,0,0,0,88,Low Risk
890387936212,Roasted Chickpeas #2056,Snacks,"chickpeas, olive oil, sea salt",386.5,2.1,241.4,1.4,0.0,17.7,18.0,0,0,0,0,0,99,Low Risk
890553403967,Cream-Filled Sandwich Cookies #2057,Bakery & Confectionery,"refined wheat flour, sugar, hydrogenated palm oil, cocoa, high fructose corn syrup, soy lecithin, vanillin, artificial chocolate flavor, tbhq",512.4,36.8,359.4,8.3,1.86,4.5,2.0,5,0,0,2,1,5,High Risk
890765636232,Adulterated Butter with Animal Fat & Starch #2058,Dairy,"milk fat, animal tallow, starch, yellow dye 5, preservative",765.8,0.6,716.6,50.4,4.02,0.5,0.0,4,1,0,2,1,5,High Risk
890886080487,Commercial Potato Crisps #2059,Snacks,"potatoes, palm oil, salt, monosodium glutamate, flavor enhancer 635, dextrose",526.5,0.9,847.4,11.5,0.66,6.6,3.5,4,0,0,1,0,61,Moderate Risk
890901743015,Dark Chocolate 85% #2060,Bakery & Confectionery,"cocoa mass, cocoa butter, cane sugar, vanilla beans",576.4,13.7,17.5,25.6,0.0,9.3,12.0,0,0,0,0,0,90,Low Risk
890105849988,Extruded Spicy Puffs #2061,Snacks,"corn meal, palm olein, maltodextrin, sunset yellow fcf, tartrazine, tbhq, msg, artificial flavors",535.6,4.0,1175.0,15.3,1.46,4.9,1.6,7,2,0,2,1,5,High Risk
890804667032,Carbonated Cola Drink #2062,Beverages,"carbonated water, high fructose corn syrup, caramel color iv, phosphoric acid, caffeine, artificial flavors",43.2,9.4,12.0,0.0,0.0,0.0,0.0,4,1,0,1,0,78,Moderate Risk
890460910150,Cottage Cheese (Paneer) #2063,Dairy,"pasteurized milk, citric acid",241.6,1.1,22.7,19.7,0.0,16.5,0.0,0,0,0,0,0,92,Low Risk
890499663956,100% Whole Wheat Sourdough #2064,Bakery & Confectionery,"whole wheat flour, water, sourdough culture, sea salt",229.8,1.8,406.3,0.6,0.0,9.7,6.5,0,0,0,0,0,99,Low Risk
890875792869,Roasted Chickpeas #2065,Snacks,"chickpeas, olive oil, sea salt",321.7,2.0,245.3,1.2,0.0,17.2,16.4,0,0,0,0,0,99,Low Risk
890282123481,Cream-Filled Sandwich Cookies #2066,Bakery & Confectionery,"refined wheat flour, sugar, hydrogenated palm oil, cocoa, high fructose corn syrup, soy lecithin, vanillin, artificial chocolate flavor, tbhq",554.4,43.1,329.1,8.7,1.76,4.2,2.1,5,0,0,2,1,5,High Risk
890435664462,Adulterated Butter with Animal Fat & Starch #2067,Dairy,"milk fat, animal tallow, starch, yellow dye 5, preservative",720.3,0.5,546.8,55.2,3.84,0.5,0.0,4,1,0,2,1,5,High Risk
890933535955,Oat & Honey Granola Bar #2068,Bakery & Confectionery,"rolled oats, honey, almonds, crisped rice, sunflower oil, salt",387.4,13.8,175.6,1.9,0.0,8.3,5.2,0,0,0,0,0,99,Low Risk
890375246341,Adulterated Butter with Animal Fat & Starch #2069,Dairy,"milk fat, animal tallow, starch, yellow dye 5, preservative",743.9,0.5,703.3,50.6,4.07,0.5,0.0,4,1,0,2,1,5,High Risk
890361085105,Adulterated Turmeric with Metanil Yellow #2070,Spices & Condiments,"turmeric powder, lead chromate trace, chalk powder, metanil yellow color",269.9,2.1,190.6,1.7,0.0,4.9,11.4,3,1,0,0,1,56,High Risk
890354841722,Oat & Honey Granola Bar #2071,Bakery & Confectionery,"rolled oats, honey, almonds, crisped rice, sunflower oil, salt",351.3,17.4,201.4,2.0,0.0,8.2,5.9,0,0,0,0,0,99,Low Risk
890657874575,Adulterated Chilli Powder with Sudan Dye #2072,Spices & Condiments,"red chilli powder, brick powder trace, sudan i dye, salt, mineral oil",299.3,4.3,722.5,3.9,0.0,6.4,14.9,4,1,0,0,1,49,High Risk
890816731089,Cottage Cheese (Paneer) #2073,Dairy,"pasteurized milk, citric acid",265.9,1.0,25.9,19.0,0.0,18.9,0.0,0,0,0,0,0,94,Low Risk
890438553309,Commercial Tomato Ketchup #2074,Spices & Condiments,"tomato paste, sugar, distilled vinegar, salt, onion powder, sodium benzoate, potassium sorbate, pectin",125.7,22.7,1127.3,0.1,0.0,1.4,1.5,3,0,0,2,0,59,Moderate Risk
890997277456,Cold Pressed Orange Juice #2075,Beverages,100% freshly pressed oranges,47.0,8.3,1.9,0.1,0.0,0.8,1.4,0,0,0,0,0,99,Low Risk
890627749116,Diet Soda with Multiple Sweeteners #2076,Beverages,"carbonated water, aspartame, acesulfame potassium, caramel iv, sodium benzoate, phosphoric acid",0.9,0.0,37.4,0.0,0.0,0.0,0.0,5,1,2,1,0,66,Moderate Risk
890742096226,Greek Plain Yogurt #2077,Dairy,"cultured pasteurized nonfat milk, live active cultures",67.0,3.7,33.9,0.4,0.0,9.4,0.0,0,0,0,0,0,99,Low Risk
890649471786,Synthetic Milk Sample #2078,Dairy,"urea, detergent, refined vegetable oil, caustic soda, water",173.8,0.5,816.5,15.0,4.29,1.2,0.0,5,0,0,3,1,5,High Risk
890804679102,Instant Fried Noodles #2079,Snacks,"wheat flour, palm oil, salt, guar gum, flavor enhancer 621, caramel iv, sodium polyphosphate",407.6,2.5,1866.2,8.9,0.52,8.6,2.4,5,1,0,2,0,44,Moderate Risk
890114660727,Commercial Potato Crisps #2080,Snacks,"potatoes, palm oil, salt, monosodium glutamate, flavor enhancer 635, dextrose",490.9,0.8,755.6,10.9,0.52,6.3,3.3,4,0,0,1,0,69,Moderate Risk
890805354964,Adulterated Butter with Animal Fat & Starch #2081,Dairy,"milk fat, animal tallow, starch, yellow dye 5, preservative",675.6,0.4,644.1,59.2,3.76,0.5,0.0,4,1,0,2,1,5,High Risk
890192152734,Diet Soda with Multiple Sweeteners #2082,Beverages,"carbonated water, aspartame, acesulfame potassium, caramel iv, sodium benzoate, phosphoric acid",1.0,0.0,38.8,0.0,0.0,0.0,0.0,5,1,2,1,0,66,Moderate Risk
890757127142,Pure Red Chilli Powder #2083,Spices & Condiments,100% dried red chillies,349.2,6.8,27.5,3.8,0.0,11.5,25.7,0,0,0,0,0,99,Low Risk
890545878954,Cottage Cheese (Paneer) #2084,Dairy,"pasteurized milk, citric acid",293.2,1.2,25.8,14.7,0.0,19.6,0.0,0,0,0,0,0,98,Low Risk
890710468257,Roasted Chickpeas #2085,Snacks,"chickpeas, olive oil, sea salt",315.4,1.9,271.3,1.2,0.0,17.6,17.0,0,0,0,0,0,99,Low Risk
890946334768,100% Whole Wheat Sourdough #2086,Bakery & Confectionery,"whole wheat flour, water, sourdough culture, sea salt",263.4,1.3,372.7,0.4,0.0,11.4,6.1,0,0,0,0,0,99,Low Risk
890676362752,Carbonated Cola Drink #2087,Beverages,"carbonated water, high fructose corn syrup, caramel color iv, phosphoric acid, caffeine, artificial flavors",42.3,9.3,13.6,0.0,0.0,0.0,0.0,4,1,0,1,0,78,Moderate Risk
890758858220,Coconut Water 100% Pure #2088,Beverages,pure tender coconut water,21.3,3.3,25.5,0.1,0.0,0.7,1.1,0,0,0,0,0,99,Low Risk
890166165315,Oat & Honey Granola Bar #2089,Bakery & Confectionery,"rolled oats, honey, almonds, crisped rice, sunflower oil, salt",376.6,15.2,204.0,2.3,0.0,9.1,5.6,0,0,0,0,0,99,Low Risk
890227555593,Commercial Tomato Ketchup #2090,Spices & Condiments,"tomato paste, sugar, distilled vinegar, salt, onion powder, sodium benzoate, potassium sorbate, pectin",97.9,26.5,1101.7,0.1,0.0,1.3,1.5,3,0,0,2,0,57,Moderate Risk
890861040528,Cold Pressed Orange Juice #2091,Beverages,100% freshly pressed oranges,39.2,10.2,2.2,0.1,0.0,0.7,1.6,0,0,0,0,0,99,Low Risk
890324569301,Pure Ground Turmeric Powder #2092,Spices & Condiments,100% turmeric rhizome powder,293.6,3.4,35.7,3.2,0.0,9.4,23.4,0,0,0,0,0,99,Low Risk
890401206636,Pure Green Tea Bag #2093,Beverages,100% organic green tea leaves,0.9,0.0,1.0,0.0,0.0,0.2,0.0,0,0,0,0,0,99,Low Risk
890488712499,Whole Cow Milk #2094,Dairy,"milk, vitamin d3",60.2,5.1,43.8,2.9,0.0,3.2,0.0,0,0,0,0,0,99,Low Risk
890281396958,Cottage Cheese (Paneer) #2095,Dairy,"pasteurized milk, citric acid",291.4,1.2,24.1,19.2,0.0,19.8,0.0,0,0,0,0,0,94,Low Risk
890913832736,Extruded Spicy Puffs #2096,Snacks,"corn meal, palm olein, maltodextrin, sunset yellow fcf, tartrazine, tbhq, msg, artificial flavors",590.1,4.1,1336.1,17.3,1.2,5.1,1.5,7,2,0,2,1,5,High Risk
890129424814,Pure Extra Virgin Olive Oil #2097,Spices & Condiments,100% extra virgin cold pressed olive oil,934.5,0.0,2.0,16.3,0.0,0.0,0.0,0,0,0,0,0,89,Low Risk
890551059952,Pure Green Tea Bag #2098,Beverages,100% organic green tea leaves,1.0,0.0,1.0,0.0,0.0,0.2,0.0,0,0,0,0,0,99,Low Risk
890809060922,Adulterated Turmeric with Metanil Yellow #2099,Spices & Condiments,"turmeric powder, lead chromate trace, chalk powder, metanil yellow color",253.9,2.3,212.8,1.7,0.0,5.3,11.6,3,1,0,0,1,56,High Risk
890664333834,Roasted Chickpeas #2100,Snacks,"chickpeas, olive oil, sea salt",339.2,2.4,252.2,1.2,0.0,17.4,18.1,0,0,0,0,0,99,Low Risk
890522263398,Industrial White Sandwich Bread #2101,Bakery & Confectionery,"refined wheat flour, sugar, yeast, palm oil, calcium propionate, emulsifier 481, flour treatment agent 300",232.6,4.4,555.4,1.1,0.03,8.6,2.1,4,0,0,2,0,83,Moderate Risk
890624448254,Adulterated Chilli Powder with Sudan Dye #2102,Spices & Condiments,"red chilli powder, brick powder trace, sudan i dye, salt, mineral oil",310.3,3.5,580.4,4.7,0.0,5.8,14.8,4,1,0,0,1,51,High Risk
890208243484,100% Whole Wheat Sourdough #2103,Bakery & Confectionery,"whole wheat flour, water, sourdough culture, sea salt",224.2,1.5,417.2,0.5,0.0,10.1,5.8,0,0,0,0,0,99,Low Risk
890859713087,Adulterated Low-Cost Paneer #2104,Dairy,"milk solids, vegetable oil, starch, sulfuric acid trace, detergent trace",297.5,3.3,461.0,17.2,2.48,9.0,0.0,4,0,0,2,1,5,High Risk
890861860442,Whole Cow Milk #2105,Dairy,"milk, vitamin d3",68.7,4.5,44.2,2.7,0.0,3.3,0.0,0,0,0,0,0,99,Low Risk
890611150254,Carbonated Cola Drink #2106,Beverages,"carbonated water, high fructose corn syrup, caramel color iv, phosphoric acid, caffeine, artificial flavors",36.3,9.1,13.8,0.0,0.0,0.0,0.0,4,1,0,1,0,78,Moderate Risk
890467431174,Flavored Fruit Yogurt #2107,Dairy,"milk, sugar, strawberries, modified corn starch, carmine color, potassium sorbate",117.6,16.3,60.9,1.7,0.0,3.7,0.5,3,1,0,1,0,78,Moderate Risk
890435776551,Organic Trail Mix #2108,Snacks,"almonds, walnuts, raisins, sunflower seeds, pumpkin seeds",561.3,17.7,15.5,4.2,0.0,14.6,8.6,0,0,0,0,0,99,Low Risk
890932616960,100% Whole Wheat Sourdough #2109,Bakery & Confectionery,"whole wheat flour, water, sourdough culture, sea salt",268.0,1.4,423.7,0.5,0.0,10.1,5.7,0,0,0,0,0,99,Low Risk
890654978077,Fresh Butter #2110,Dairy,"pasteurized cream, salt",701.6,0.1,496.6,45.9,0.0,0.9,0.0,0,0,0,0,0,79,Low Risk
890654055950,Standard Processed Cheese #2111,Dairy,"milk, salt, cheese cultures, enzymes, sodium phosphate, annatto",307.7,1.2,1128.2,22.7,0.57,18.8,0.0,3,1,0,1,0,46,Moderate Risk
890774686868,Adulterated Chilli Powder with Sudan Dye #2112,Spices & Condiments,"red chilli powder, brick powder trace, sudan i dye, salt, mineral oil",282.3,4.6,629.8,4.6,0.0,6.4,12.7,4,1,0,0,1,50,High Risk
890110485074,Industrial White Sandwich Bread #2113,Bakery & Confectionery,"refined wheat flour, sugar, yeast, palm oil, calcium propionate, emulsifier 481, flour treatment agent 300",289.0,5.1,467.6,1.1,0.19,8.3,2.1,4,0,0,2,0,84,Moderate Risk
890954352271,Flavored Fruit Yogurt #2114,Dairy,"milk, sugar, strawberries, modified corn starch, carmine color, potassium sorbate",116.9,17.4,58.5,1.7,0.0,4.4,0.5,3,1,0,1,0,78,Moderate Risk
890494276127,Instant Fried Noodles #2115,Snacks,"wheat flour, palm oil, salt, guar gum, flavor enhancer 621, caramel iv, sodium polyphosphate",422.9,3.2,1529.1,10.4,0.65,10.1,2.7,5,1,0,2,0,38,High Risk
890106751971,Cream-Filled Sandwich Cookies #2116,Bakery & Confectionery,"refined wheat flour, sugar, hydrogenated palm oil, cocoa, high fructose corn syrup, soy lecithin, vanillin, artificial chocolate flavor, tbhq",459.3,44.9,319.3,10.0,1.99,4.6,2.2,5,0,0,2,1,5,High Risk
890879840118,Oat & Honey Granola Bar #2117,Bakery & Confectionery,"rolled oats, honey, almonds, crisped rice, sunflower oil, salt",466.1,14.4,199.3,2.1,0.0,8.4,5.1,0,0,0,0,0,99,Low Risk
890101819927,Coconut Water 100% Pure #2118,Beverages,pure tender coconut water,18.6,3.3,25.9,0.1,0.0,0.8,1.0,0,0,0,0,0,99,Low Risk
890889702285,Standard Processed Cheese #2119,Dairy,"milk, salt, cheese cultures, enzymes, sodium phosphate, annatto",336.0,1.3,1214.7,23.7,0.6,19.6,0.0,3,1,0,1,0,43,Moderate Risk
890276539509,Adulterated Turmeric with Metanil Yellow #2120,Spices & Condiments,"turmeric powder, lead chromate trace, chalk powder, metanil yellow color",219.8,2.1,182.2,1.5,0.0,4.8,12.5,3,1,0,0,1,56,High Risk
890234628449,Processed Nacho Chips #2121,Snacks,"corn, vegetable fat, whey powder, disodium guanylate, artificial cheese flavor, yellow 6 lake",532.7,2.0,981.7,9.4,1.01,7.0,4.3,5,1,0,1,0,52,Moderate Risk
890386235525,Synthetic Colored Hard Candies #2122,Bakery & Confectionery,"sugar, liquid glucose, allura red, brilliant blue fcf, tartrazine, artificial fruit flavor, citric acid",448.5,81.3,71.4,0.0,0.0,0.0,0.0,5,3,0,1,1,5,High Risk
890295310826,Extruded Spicy Puffs #2123,Snacks,"corn meal, palm olein, maltodextrin, sunset yellow fcf, tartrazine, tbhq, msg, artificial flavors",549.4,4.2,1380.7,14.8,1.43,4.8,1.6,7,2,0,2,1,5,High Risk
890298368894,Commercial Tomato Ketchup #2124,Spices & Condiments,"tomato paste, sugar, distilled vinegar, salt, onion powder, sodium benzoate, potassium sorbate, pectin",129.9,25.0,876.1,0.1,0.0,1.4,1.5,3,0,0,2,0,62,Moderate Risk
890118983578,Low-Cost Synthetic Fruit Drink #2125,Beverages,"water, invert sugar syrup, metanil yellow, citric acid, clouding agent, artificial mango flavor, potassium metabisulphite",61.4,14.9,53.0,0.0,0.0,0.0,0.0,6,2,0,2,1,19,High Risk
890700252064,Standard Processed Cheese #2126,Dairy,"milk, salt, cheese cultures, enzymes, sodium phosphate, annatto",310.9,1.4,1117.4,18.8,0.67,17.0,0.0,3,1,0,1,0,48,Moderate Risk
890451693456,Roasted Chickpeas #2127,Snacks,"chickpeas, olive oil, sea salt",386.4,2.0,314.4,1.0,0.0,18.4,15.6,0,0,0,0,0,99,Low Risk
890179389511,Adulterated Low-Cost Paneer #2128,Dairy,"milk solids, vegetable oil, starch, sulfuric acid trace, detergent trace",316.8,4.0,546.8,21.2,2.58,9.0,0.0,4,0,0,2,1,5,High Risk
890986499920,Pure Extra Virgin Olive Oil #2129,Spices & Condiments,100% extra virgin cold pressed olive oil,852.5,0.0,1.7,12.4,0.0,0.0,0.0,0,0,0,0,0,93,Low Risk
890326657780,Coconut Water 100% Pure #2130,Beverages,pure tender coconut water,16.5,3.7,29.7,0.1,0.0,0.7,1.1,0,0,0,0,0,99,Low Risk
890636873492,Greek Plain Yogurt #2131,Dairy,"cultured pasteurized nonfat milk, live active cultures",65.3,4.2,40.8,0.3,0.0,9.7,0.0,0,0,0,0,0,99,Low Risk
890705992219,Synthetic Colored Hard Candies #2132,Bakery & Confectionery,"sugar, liquid glucose, allura red, brilliant blue fcf, tartrazine, artificial fruit flavor, citric acid",444.5,70.2,85.0,0.0,0.0,0.0,0.0,5,3,0,1,1,5,High Risk
890945385386,Cold Pressed Orange Juice #2133,Beverages,100% freshly pressed oranges,44.3,9.4,2.1,0.1,0.0,0.8,1.6,0,0,0,0,0,99,Low Risk
890947614106,Coconut Water 100% Pure #2134,Beverages,pure tender coconut water,17.7,3.0,28.2,0.1,0.0,0.7,1.1,0,0,0,0,0,99,Low Risk
890617152113,Standard Processed Cheese #2135,Dairy,"milk, salt, cheese cultures, enzymes, sodium phosphate, annatto",362.6,1.3,1089.2,18.4,0.73,19.3,0.0,3,1,0,1,0,49,Moderate Risk
890865191780,Instant Fried Noodles #2136,Snacks,"wheat flour, palm oil, salt, guar gum, flavor enhancer 621, caramel iv, sodium polyphosphate",517.3,2.6,2042.3,10.7,0.65,9.6,2.4,5,1,0,2,0,37,High Risk
890388162078,Pure Extra Virgin Olive Oil #2137,Spices & Condiments,100% extra virgin cold pressed olive oil,861.7,0.0,1.8,13.3,0.0,0.0,0.0,0,0,0,0,0,92,Low Risk
890587297671,Cold Pressed Orange Juice #2138,Beverages,100% freshly pressed oranges,41.3,9.1,2.2,0.1,0.0,0.6,1.4,0,0,0,0,0,99,Low Risk
890371002693,Fresh Butter #2139,Dairy,"pasteurized cream, salt",796.2,0.1,632.0,47.3,0.0,0.9,0.0,0,0,0,0,0,77,Moderate Risk
890453628510,Commercial Tomato Ketchup #2140,Spices & Condiments,"tomato paste, sugar, distilled vinegar, salt, onion powder, sodium benzoate, potassium sorbate, pectin",108.2,28.5,1058.4,0.1,0.0,1.4,1.6,3,0,0,2,0,56,Moderate Risk
890310652985,Cottage Cheese (Paneer) #2141,Dairy,"pasteurized milk, citric acid",275.8,1.2,25.2,16.6,0.0,18.3,0.0,0,0,0,0,0,96,Low Risk
890255236596,100% Whole Wheat Sourdough #2142,Bakery & Confectionery,"whole wheat flour, water, sourdough culture, sea salt",257.3,1.6,436.8,0.6,0.0,10.8,5.6,0,0,0,0,0,99,Low Risk
890173879621,Whole Cow Milk #2143,Dairy,"milk, vitamin d3",57.8,4.4,50.5,3.7,0.0,3.5,0.0,0,0,0,0,0,99,Low Risk
890397078845,Adulterated Low-Cost Paneer #2144,Dairy,"milk solids, vegetable oil, starch, sulfuric acid trace, detergent trace",261.4,3.0,538.7,16.4,2.69,9.7,0.0,4,0,0,2,1,5,High Risk
890466772241,Synthetic Colored Hard Candies #2145,Bakery & Confectionery,"sugar, liquid glucose, allura red, brilliant blue fcf, tartrazine, artificial fruit flavor, citric acid",433.3,73.3,92.8,0.0,0.0,0.0,0.0,5,3,0,1,1,5,High Risk
890934369542,Adulterated Mustard Oil with Argemone #2146,Spices & Condiments,"mustard oil, argemone oil, mineral oil, butter yellow dye",933.8,0.0,4.9,12.3,1.74,0.0,0.0,3,1,0,0,1,11,High Risk
890703252290,Instant Fried Noodles #2147,Snacks,"wheat flour, palm oil, salt, guar gum, flavor enhancer 621, caramel iv, sodium polyphosphate",503.3,2.4,1818.5,8.6,0.6,9.6,2.6,5,1,0,2,0,43,Moderate Risk
890773286467,Commercial Tomato Ketchup #2148,Spices & Condiments,"tomato paste, sugar, distilled vinegar, salt, onion powder, sodium benzoate, potassium sorbate, pectin",102.6,22.1,830.6,0.1,0.0,1.3,1.6,3,0,0,2,0,65,Moderate Risk
890321595049,Standard Processed Cheese #2149,Dairy,"milk, salt, cheese cultures, enzymes, sodium phosphate, annatto",358.3,1.3,1077.3,19.7,0.43,17.5,0.0,3,1,0,1,0,58,Moderate Risk
890155714784,Dark Chocolate 85% #2150,Bakery & Confectionery,"cocoa mass, cocoa butter, cane sugar, vanilla beans",630.1,14.0,12.8,24.1,0.0,8.6,11.5,0,0,0,0,0,90,Low Risk
890276850618,Greek Plain Yogurt #2151,Dairy,"cultured pasteurized nonfat milk, live active cultures",53.2,4.0,40.0,0.4,0.0,9.3,0.0,0,0,0,0,0,99,Low Risk
890483838066,Coconut Water 100% Pure #2152,Beverages,pure tender coconut water,16.4,3.6,24.2,0.1,0.0,0.7,1.1,0,0,0,0,0,99,Low Risk
890358212677,Synthetic Milk Sample #2153,Dairy,"urea, detergent, refined vegetable oil, caustic soda, water",182.7,0.6,962.7,16.1,4.46,1.1,0.0,5,0,0,3,1,5,High Risk
890495639303,Adulterated Butter with Animal Fat & Starch #2154,Dairy,"milk fat, animal tallow, starch, yellow dye 5, preservative",732.2,0.5,728.6,59.0,3.95,0.5,0.0,4,1,0,2,1,5,High Risk
890595281767,100% Whole Wheat Sourdough #2155,Bakery & Confectionery,"whole wheat flour, water, sourdough culture, sea salt",275.3,1.8,468.8,0.6,0.0,11.5,5.6,0,0,0,0,0,99,Low Risk
890617174683,Cottage Cheese (Paneer) #2156,Dairy,"pasteurized milk, citric acid",264.7,1.4,21.1,16.7,0.0,19.9,0.0,0,0,0,0,0,96,Low Risk
890224509386,Dark Chocolate 85% #2157,Bakery & Confectionery,"cocoa mass, cocoa butter, cane sugar, vanilla beans",601.2,13.5,14.5,33.1,0.0,8.2,10.3,0,0,0,0,0,89,Low Risk
890741899953,Dark Chocolate 85% #2158,Bakery & Confectionery,"cocoa mass, cocoa butter, cane sugar, vanilla beans",652.7,14.3,14.9,27.7,0.0,7.7,12.0,0,0,0,0,0,89,Low Risk
890423243461,Dark Chocolate 85% #2159,Bakery & Confectionery,"cocoa mass, cocoa butter, cane sugar, vanilla beans",549.1,13.4,17.3,24.1,0.0,9.2,10.0,0,0,0,0,0,90,Low Risk
890509745991,Diet Soda with Multiple Sweeteners #2160,Beverages,"carbonated water, aspartame, acesulfame potassium, caramel iv, sodium benzoate, phosphoric acid",1.0,0.0,37.7,0.0,0.0,0.0,0.0,5,1,2,1,0,66,Moderate Risk
890848116103,Commercial Potato Crisps #2161,Snacks,"potatoes, palm oil, salt, monosodium glutamate, flavor enhancer 635, dextrose",543.8,0.9,741.7,12.3,0.55,6.6,3.0,4,0,0,1,0,67,Moderate Risk
890396472637,Low-Cost Synthetic Fruit Drink #2162,Beverages,"water, invert sugar syrup, metanil yellow, citric acid, clouding agent, artificial mango flavor, potassium metabisulphite",52.3,16.3,45.8,0.0,0.0,0.0,0.0,6,2,0,2,1,18,High Risk
890176179136,Adulterated Turmeric with Metanil Yellow #2163,Spices & Condiments,"turmeric powder, lead chromate trace, chalk powder, metanil yellow color",223.2,2.0,208.5,1.7,0.0,4.8,11.8,3,1,0,0,1,56,High Risk
890760960743,Adulterated Low-Cost Paneer #2164,Dairy,"milk solids, vegetable oil, starch, sulfuric acid trace, detergent trace",295.1,3.3,472.1,18.7,2.42,8.4,0.0,4,0,0,2,1,5,High Risk
890780300119,Baked Whole Grain Crackers #2165,Snacks,"whole wheat flour, canola oil, sea salt, malt extract",366.2,2.8,454.2,1.9,0.0,8.8,7.3,0,0,0,0,0,99,Low Risk
890328566150,Commercial Tomato Ketchup #2166,Spices & Condiments,"tomato paste, sugar, distilled vinegar, salt, onion powder, sodium benzoate, potassium sorbate, pectin",113.8,22.4,1107.6,0.1,0.0,1.4,1.6,3,0,0,2,0,59,Moderate Risk
890345580475,Dark Chocolate 85% #2167,Bakery & Confectionery,"cocoa mass, cocoa butter, cane sugar, vanilla beans",554.3,12.0,16.8,27.7,0.0,8.5,10.6,0,0,0,0,0,90,Low Risk
890913752331,Industrial White Sandwich Bread #2168,Bakery & Confectionery,"refined wheat flour, sugar, yeast, palm oil, calcium propionate, emulsifier 481, flour treatment agent 300",266.3,4.4,490.2,1.2,0.06,8.4,2.1,4,0,0,2,0,84,Moderate Risk
890122792390,Oat & Honey Granola Bar #2169,Bakery & Confectionery,"rolled oats, honey, almonds, crisped rice, sunflower oil, salt",368.2,15.6,181.0,2.2,0.0,8.9,5.7,0,0,0,0,0,99,Low Risk
890112901833,Adulterated Low-Cost Paneer #2170,Dairy,"milk solids, vegetable oil, starch, sulfuric acid trace, detergent trace",295.6,3.2,561.5,18.9,2.66,8.4,0.0,4,0,0,2,1,5,High Risk
890260975485,100% Whole Wheat Sourdough #2171,Bakery & Confectionery,"whole wheat flour, water, sourdough culture, sea salt",241.7,1.5,375.2,0.5,0.0,9.9,6.6,0,0,0,0,0,99,Low Risk
890689574293,Organic Trail Mix #2172,Snacks,"almonds, walnuts, raisins, sunflower seeds, pumpkin seeds",457.7,18.8,14.2,4.1,0.0,15.9,7.8,0,0,0,0,0,99,Moderate Risk
890459905584,Whole Cow Milk #2173,Dairy,"milk, vitamin d3",52.8,5.5,43.8,3.6,0.0,3.1,0.0,0,0,0,0,0,99,Low Risk
890635865440,Skimmed Milk #2174,Dairy,"skimmed milk, vitamin a, vitamin d3",33.5,4.5,46.2,0.2,0.0,3.2,0.0,0,0,0,0,0,99,Low Risk
890243170497,Pure Red Chilli Powder #2175,Spices & Condiments,100% dried red chillies,318.7,8.2,26.5,3.5,0.0,11.0,24.5,0,0,0,0,0,99,Low Risk
890636890182,Carbonated Cola Drink #2176,Beverages,"carbonated water, high fructose corn syrup, caramel color iv, phosphoric acid, caffeine, artificial flavors",47.1,10.5,13.6,0.0,0.0,0.0,0.0,4,1,0,1,0,78,Moderate Risk
890709580693,Fresh Butter #2177,Dairy,"pasteurized cream, salt",632.8,0.1,561.7,44.1,0.0,0.9,0.0,0,0,0,0,0,78,Low Risk
890111661686,Carbonated Cola Drink #2178,Beverages,"carbonated water, high fructose corn syrup, caramel color iv, phosphoric acid, caffeine, artificial flavors",39.5,12.1,11.1,0.0,0.0,0.0,0.0,4,1,0,1,0,76,Moderate Risk
890968196683,Synthetic Colored Hard Candies #2179,Bakery & Confectionery,"sugar, liquid glucose, allura red, brilliant blue fcf, tartrazine, artificial fruit flavor, citric acid",378.6,84.6,76.2,0.0,0.0,0.0,0.0,5,3,0,1,1,5,High Risk
890112546150,Processed Nacho Chips #2180,Snacks,"corn, vegetable fat, whey powder, disodium guanylate, artificial cheese flavor, yellow 6 lake",478.1,2.3,785.2,11.3,0.89,7.2,3.8,5,1,0,1,0,55,Moderate Risk
890958031073,Oat & Honey Granola Bar #2181,Bakery & Confectionery,"rolled oats, honey, almonds, crisped rice, sunflower oil, salt",381.3,17.3,198.3,1.9,0.0,8.6,5.1,0,0,0,0,0,99,Low Risk
890384689815,100% Whole Wheat Sourdough #2182,Bakery & Confectionery,"whole wheat flour, water, sourdough culture, sea salt",269.7,1.4,409.7,0.6,0.0,10.8,5.8,0,0,0,0,0,99,Low Risk
890817972714,Extruded Spicy Puffs #2183,Snacks,"corn meal, palm olein, maltodextrin, sunset yellow fcf, tartrazine, tbhq, msg, artificial flavors",600.0,4.1,1159.6,18.7,1.12,5.4,1.4,7,2,0,2,1,5,High Risk
890207825490,Commercial Tomato Ketchup #2184,Spices & Condiments,"tomato paste, sugar, distilled vinegar, salt, onion powder, sodium benzoate, potassium sorbate, pectin",104.4,21.2,1110.5,0.1,0.0,1.4,1.6,3,0,0,2,0,60,Moderate Risk
890769643888,Oat & Honey Granola Bar #2185,Bakery & Confectionery,"rolled oats, honey, almonds, crisped rice, sunflower oil, salt",376.0,13.1,157.6,2.0,0.0,9.2,5.2,0,0,0,0,0,99,Low Risk
890973862007,Fresh Butter #2186,Dairy,"pasteurized cream, salt",653.3,0.1,489.7,50.6,0.0,0.9,0.0,0,0,0,0,0,79,Low Risk
890838455261,Low-Cost Synthetic Fruit Drink #2187,Beverages,"water, invert sugar syrup, metanil yellow, citric acid, clouding agent, artificial mango flavor, potassium metabisulphite",48.0,13.0,53.0,0.0,0.0,0.0,0.0,6,2,0,2,1,21,High Risk
890950489062,Commercial Tomato Ketchup #2188,Spices & Condiments,"tomato paste, sugar, distilled vinegar, salt, onion powder, sodium benzoate, potassium sorbate, pectin",131.9,26.3,839.2,0.1,0.0,1.4,1.4,3,0,0,2,0,63,Moderate Risk
890954030941,Organic Trail Mix #2189,Snacks,"almonds, walnuts, raisins, sunflower seeds, pumpkin seeds",419.6,18.9,17.8,4.7,0.0,14.4,8.4,0,0,0,0,0,99,Moderate Risk
890975474487,Diet Soda with Multiple Sweeteners #2190,Beverages,"carbonated water, aspartame, acesulfame potassium, caramel iv, sodium benzoate, phosphoric acid",1.0,0.0,40.8,0.0,0.0,0.0,0.0,5,1,2,1,0,66,Moderate Risk
890386110413,Oat & Honey Granola Bar #2191,Bakery & Confectionery,"rolled oats, honey, almonds, crisped rice, sunflower oil, salt",470.4,16.5,193.8,2.4,0.0,9.2,5.9,0,0,0,0,0,99,Low Risk
890889591521,Adulterated Butter with Animal Fat & Starch #2192,Dairy,"milk fat, animal tallow, starch, yellow dye 5, preservative",582.1,0.5,580.0,56.6,3.95,0.5,0.0,4,1,0,2,1,5,High Risk
890845054321,Carbonated Cola Drink #2193,Beverages,"carbonated water, high fructose corn syrup, caramel color iv, phosphoric acid, caffeine, artificial flavors",39.9,9.4,14.3,0.0,0.0,0.0,0.0,4,1,0,1,0,78,Moderate Risk
890973605226,Processed Nacho Chips #2194,Snacks,"corn, vegetable fat, whey powder, disodium guanylate, artificial cheese flavor, yellow 6 lake",497.5,1.9,1049.7,9.2,1.02,6.5,4.3,5,1,0,1,0,50,Moderate Risk
890386093937,Organic Trail Mix #2195,Snacks,"almonds, walnuts, raisins, sunflower seeds, pumpkin seeds",512.8,16.7,13.2,3.9,0.0,15.9,8.2,0,0,0,0,0,99,Low Risk
890656932268,Adulterated Turmeric with Metanil Yellow #2196,Spices & Condiments,"turmeric powder, lead chromate trace, chalk powder, metanil yellow color",220.7,1.9,161.5,1.6,0.0,5.3,11.2,3,1,0,0,1,56,High Risk
890856602198,100% Whole Wheat Sourdough #2197,Bakery & Confectionery,"whole wheat flour, water, sourdough culture, sea salt",239.4,1.4,423.9,0.5,0.0,9.8,6.2,0,0,0,0,0,99,Low Risk
890727336897,Skimmed Milk #2198,Dairy,"skimmed milk, vitamin a, vitamin d3",38.9,4.9,57.3,0.2,0.0,3.6,0.0,0,0,0,0,0,99,Low Risk
890403358235,Commercial Potato Crisps #2199,Snacks,"potatoes, palm oil, salt, monosodium glutamate, flavor enhancer 635, dextrose",526.6,0.9,864.3,11.7,0.47,6.6,3.3,4,0,0,1,0,70,Moderate Risk
890163525567,Cottage Cheese (Paneer) #2200,Dairy,"pasteurized milk, citric acid",232.0,1.3,23.1,16.2,0.0,20.1,0.0,0,0,0,0,0,97,Low Risk
890159189990,Energy Drink with High Caffeine #2201,Beverages,"carbonated water, sucrose, glucose, taurine, caffeine, inositol, niacinamide, pyridoxine, color e133, sodium benzoate",48.4,13.9,70.9,0.0,0.0,0.4,0.0,6,1,0,2,0,65,Moderate Risk
890152170995,Low-Cost Synthetic Fruit Drink #2202,Beverages,"water, invert sugar syrup, metanil yellow, citric acid, clouding agent, artificial mango flavor, potassium metabisulphite",51.7,17.3,52.7,0.0,0.0,0.0,0.0,6,2,0,2,1,17,High Risk
890511273931,Roasted Chickpeas #2203,Snacks,"chickpeas, olive oil, sea salt",385.2,2.2,305.4,1.4,0.0,19.5,18.5,0,0,0,0,0,99,Low Risk
890860392010,Instant Fried Noodles #2204,Snacks,"wheat flour, palm oil, salt, guar gum, flavor enhancer 621, caramel iv, sodium polyphosphate",484.7,3.3,2033.0,10.1,0.59,9.0,2.3,5,1,0,2,0,38,High Risk
890148850007,Cold Pressed Orange Juice #2205,Beverages,100% freshly pressed oranges,50.5,9.8,1.8,0.1,0.0,0.7,1.6,0,0,0,0,0,99,Low Risk
890981255981,Instant Fried Noodles #2206,Snacks,"wheat flour, palm oil, salt, guar gum, flavor enhancer 621, caramel iv, sodium polyphosphate",398.3,2.7,1896.6,10.4,0.43,8.3,2.6,5,1,0,2,0,46,Moderate Risk
890779924740,Dark Chocolate 85% #2207,Bakery & Confectionery,"cocoa mass, cocoa butter, cane sugar, vanilla beans",495.0,12.1,17.6,27.3,0.0,7.8,11.4,0,0,0,0,0,91,Low Risk
890778529700,Processed Nacho Chips #2208,Snacks,"corn, vegetable fat, whey powder, disodium guanylate, artificial cheese flavor, yellow 6 lake",485.0,2.0,936.6,8.7,0.86,6.4,4.4,5,1,0,1,0,55,Moderate Risk
890534111711,Cottage Cheese (Paneer) #2209,Dairy,"pasteurized milk, citric acid",273.2,1.4,24.1,14.8,0.0,16.8,0.0,0,0,0,0,0,97,Low Risk
890736150094,Greek Plain Yogurt #2210,Dairy,"cultured pasteurized nonfat milk, live active cultures",64.7,3.5,32.3,0.4,0.0,9.5,0.0,0,0,0,0,0,99,Low Risk
890822830102,Energy Drink with High Caffeine #2211,Beverages,"carbonated water, sucrose, glucose, taurine, caffeine, inositol, niacinamide, pyridoxine, color e133, sodium benzoate",48.6,13.9,90.4,0.0,0.0,0.4,0.0,6,1,0,2,0,65,Moderate Risk
890410679003,Skimmed Milk #2212,Dairy,"skimmed milk, vitamin a, vitamin d3",35.3,5.5,49.1,0.2,0.0,3.1,0.0,0,0,0,0,0,99,Low Risk
890743711432,Low-Cost Synthetic Fruit Drink #2213,Beverages,"water, invert sugar syrup, metanil yellow, citric acid, clouding agent, artificial mango flavor, potassium metabisulphite",61.6,12.6,48.1,0.0,0.0,0.0,0.0,6,2,0,2,1,21,High Risk
890181116358,Fresh Butter #2214,Dairy,"pasteurized cream, salt",788.5,0.1,640.3,44.2,0.0,1.0,0.0,0,0,0,0,0,77,Moderate Risk
890904446028,Extruded Spicy Puffs #2215,Snacks,"corn meal, palm olein, maltodextrin, sunset yellow fcf, tartrazine, tbhq, msg, artificial flavors",624.8,4.3,1099.7,18.5,1.34,5.3,1.5,7,2,0,2,1,5,High Risk
890393067628,Pure Extra Virgin Olive Oil #2216,Spices & Condiments,100% extra virgin cold pressed olive oil,809.9,0.0,1.9,14.0,0.0,0.0,0.0,0,0,0,0,0,91,Low Risk
890492939636,Oat & Honey Granola Bar #2217,Bakery & Confectionery,"rolled oats, honey, almonds, crisped rice, sunflower oil, salt",447.7,14.4,188.2,1.9,0.0,8.2,5.4,0,0,0,0,0,99,Low Risk
890157498625,Adulterated Turmeric with Metanil Yellow #2218,Spices & Condiments,"turmeric powder, lead chromate trace, chalk powder, metanil yellow color",235.0,2.2,192.9,1.7,0.0,5.2,12.0,3,1,0,0,1,56,High Risk
890727335018,Low-Cost Synthetic Fruit Drink #2219,Beverages,"water, invert sugar syrup, metanil yellow, citric acid, clouding agent, artificial mango flavor, potassium metabisulphite",53.8,16.6,53.6,0.0,0.0,0.0,0.0,6,2,0,2,1,18,High Risk
890580069049,100% Whole Wheat Sourdough #2220,Bakery & Confectionery,"whole wheat flour, water, sourdough culture, sea salt",229.5,1.5,412.6,0.5,0.0,9.5,6.3,0,0,0,0,0,99,Low Risk
890952799828,Dark Chocolate 85% #2221,Bakery & Confectionery,"cocoa mass, cocoa butter, cane sugar, vanilla beans",510.3,12.2,13.4,29.1,0.0,9.3,11.5,0,0,0,0,0,91,Low Risk
890222392071,Skimmed Milk #2222,Dairy,"skimmed milk, vitamin a, vitamin d3",38.3,5.4,52.5,0.2,0.0,3.6,0.0,0,0,0,0,0,99,Low Risk
890580068410,Commercial Potato Crisps #2223,Snacks,"potatoes, palm oil, salt, monosodium glutamate, flavor enhancer 635, dextrose",587.3,0.8,827.8,10.6,0.54,6.6,3.1,4,0,0,1,0,64,Moderate Risk
890568506579,Greek Plain Yogurt #2224,Dairy,"cultured pasteurized nonfat milk, live active cultures",62.8,3.2,35.0,0.4,0.0,9.7,0.0,0,0,0,0,0,99,Low Risk
890747607440,Extruded Spicy Puffs #2225,Snacks,"corn meal, palm olein, maltodextrin, sunset yellow fcf, tartrazine, tbhq, msg, artificial flavors",519.2,5.0,1488.1,16.9,1.45,5.1,1.6,7,2,0,2,1,5,High Risk
890271846687,Pure Green Tea Bag #2226,Beverages,100% organic green tea leaves,1.0,0.0,1.1,0.0,0.0,0.2,0.0,0,0,0,0,0,99,Low Risk
890807984829,Oat & Honey Granola Bar #2227,Bakery & Confectionery,"rolled oats, honey, almonds, crisped rice, sunflower oil, salt",371.3,15.4,165.7,2.3,0.0,7.9,5.9,0,0,0,0,0,99,Low Risk
890830988189,Carbonated Cola Drink #2228,Beverages,"carbonated water, high fructose corn syrup, caramel color iv, phosphoric acid, caffeine, artificial flavors",46.9,10.7,10.5,0.0,0.0,0.0,0.0,4,1,0,1,0,77,Moderate Risk
890188955750,Extruded Spicy Puffs #2229,Snacks,"corn meal, palm olein, maltodextrin, sunset yellow fcf, tartrazine, tbhq, msg, artificial flavors",496.3,4.4,1520.2,18.1,1.28,5.0,1.5,7,2,0,2,1,5,High Risk
890802075842,Pure Extra Virgin Olive Oil #2230,Spices & Condiments,100% extra virgin cold pressed olive oil,930.4,0.0,2.2,16.4,0.0,0.0,0.0,0,0,0,0,0,89,Low Risk
890759444482,Commercial Potato Crisps #2231,Snacks,"potatoes, palm oil, salt, monosodium glutamate, flavor enhancer 635, dextrose",602.2,0.8,713.2,11.5,0.65,7.1,3.1,4,0,0,1,0,67,Moderate Risk
890110408549,Synthetic Colored Hard Candies #2232,Bakery & Confectionery,"sugar, liquid glucose, allura red, brilliant blue fcf, tartrazine, artificial fruit flavor, citric acid",444.3,80.2,79.5,0.0,0.0,0.0,0.0,5,3,0,1,1,5,High Risk
890565788790,Adulterated Chilli Powder with Sudan Dye #2233,Spices & Condiments,"red chilli powder, brick powder trace, sudan i dye, salt, mineral oil",319.9,4.0,764.0,3.8,0.0,6.3,14.5,4,1,0,0,1,48,High Risk
890815435757,Flavored Fruit Yogurt #2234,Dairy,"milk, sugar, strawberries, modified corn starch, carmine color, potassium sorbate",98.4,14.8,66.4,1.7,0.0,4.2,0.5,3,1,0,1,0,80,Moderate Risk
890499562999,Commercial Potato Crisps #2235,Snacks,"potatoes, palm oil, salt, monosodium glutamate, flavor enhancer 635, dextrose",496.6,0.8,786.9,14.3,0.43,6.0,3.2,4,0,0,1,0,73,Moderate Risk
890210021876,Industrial White Sandwich Bread #2236,Bakery & Confectionery,"refined wheat flour, sugar, yeast, palm oil, calcium propionate, emulsifier 481, flour treatment agent 300",245.6,4.3,549.0,1.0,0.11,8.2,2.2,4,0,0,2,0,83,Moderate Risk
890805419042,Standard Processed Cheese #2237,Dairy,"milk, salt, cheese cultures, enzymes, sodium phosphate, annatto",341.7,1.3,1252.1,23.9,0.49,17.5,0.0,3,1,0,1,0,51,Moderate Risk
890193501562,Adulterated Mustard Oil with Argemone #2238,Spices & Condiments,"mustard oil, argemone oil, mineral oil, butter yellow dye",831.7,0.0,5.2,11.7,1.73,0.0,0.0,3,1,0,0,1,12,High Risk
890587653991,Fried Street-Style Savory Mix #2239,Snacks,"refined flour, re-used palm oil, metanil yellow, excess salt, msg",590.8,1.4,1715.8,24.8,3.45,6.4,1.0,6,2,0,2,1,5,High Risk
890923805553,Instant Fried Noodles #2240,Snacks,"wheat flour, palm oil, salt, guar gum, flavor enhancer 621, caramel iv, sodium polyphosphate",479.4,3.3,1951.6,9.4,0.44,8.9,2.7,5,1,0,2,0,52,Moderate Risk
890274550232,Fresh Butter #2241,Dairy,"pasteurized cream, salt",610.9,0.1,497.0,57.7,0.0,0.9,0.0,0,0,0,0,0,79,Low Risk
890782842896,Instant Fried Noodles #2242,Snacks,"wheat flour, palm oil, salt, guar gum, flavor enhancer 621, caramel iv, sodium polyphosphate",506.1,2.7,1634.2,8.7,0.52,8.9,2.6,5,1,0,2,0,44,Moderate Risk
890757620095,Pure Green Tea Bag #2243,Beverages,100% organic green tea leaves,0.9,0.0,1.0,0.0,0.0,0.2,0.0,0,0,0,0,0,99,Low Risk
890171383207,Industrial White Sandwich Bread #2244,Bakery & Confectionery,"refined wheat flour, sugar, yeast, palm oil, calcium propionate, emulsifier 481, flour treatment agent 300",289.0,5.1,521.7,1.3,0.08,8.2,2.2,4,0,0,2,0,83,Moderate Risk
890569796217,Pure Red Chilli Powder #2245,Spices & Condiments,100% dried red chillies,346.4,6.7,31.3,3.5,0.0,12.2,26.1,0,0,0,0,0,99,Low Risk
890484530671,Adulterated Low-Cost Paneer #2246,Dairy,"milk solids, vegetable oil, starch, sulfuric acid trace, detergent trace",312.5,3.6,488.6,19.5,2.65,9.5,0.0,4,0,0,2,1,5,High Risk
890721470118,Diet Soda with Multiple Sweeteners #2247,Beverages,"carbonated water, aspartame, acesulfame potassium, caramel iv, sodium benzoate, phosphoric acid",1.0,0.0,36.2,0.0,0.0,0.0,0.0,5,1,2,1,0,66,Moderate Risk
890305569282,Skimmed Milk #2248,Dairy,"skimmed milk, vitamin a, vitamin d3",39.4,4.5,55.0,0.2,0.0,3.4,0.0,0,0,0,0,0,99,Low Risk
890138539914,Dark Chocolate 85% #2249,Bakery & Confectionery,"cocoa mass, cocoa butter, cane sugar, vanilla beans",561.8,14.3,15.6,32.0,0.0,8.3,11.5,0,0,0,0,0,89,Low Risk
890909551163,Adulterated Chilli Powder with Sudan Dye #2250,Spices & Condiments,"red chilli powder, brick powder trace, sudan i dye, salt, mineral oil",246.2,4.7,689.9,4.2,0.0,6.1,15.4,4,1,0,0,1,49,High Risk
890756372367,Organic Trail Mix #2251,Snacks,"almonds, walnuts, raisins, sunflower seeds, pumpkin seeds",419.3,17.3,13.6,5.0,0.0,13.7,8.6,0,0,0,0,0,99,Low Risk
890750667572,Energy Drink with High Caffeine #2252,Beverages,"carbonated water, sucrose, glucose, taurine, caffeine, inositol, niacinamide, pyridoxine, color e133, sodium benzoate",46.6,13.2,76.7,0.0,0.0,0.4,0.0,6,1,0,2,0,66,Moderate Risk
890214968639,Baked Whole Grain Crackers #2253,Snacks,"whole wheat flour, canola oil, sea salt, malt extract",398.5,2.4,347.1,1.8,0.0,9.0,6.9,0,0,0,0,0,99,Low Risk
890487238064,Commercial Potato Crisps #2254,Snacks,"potatoes, palm oil, salt, monosodium glutamate, flavor enhancer 635, dextrose",614.3,0.9,774.9,13.1,0.68,6.7,3.0,4,0,0,1,0,64,Moderate Risk
890983143347,Greek Plain Yogurt #2255,Dairy,"cultured pasteurized nonfat milk, live active cultures",59.5,3.5,38.1,0.4,0.0,10.9,0.0,0,0,0,0,0,99,Low Risk
890972937594,Roasted Chickpeas #2256,Snacks,"chickpeas, olive oil, sea salt",401.1,2.3,274.5,1.0,0.0,17.2,16.3,0,0,0,0,0,99,Low Risk
890599295388,Synthetic Colored Hard Candies #2257,Bakery & Confectionery,"sugar, liquid glucose, allura red, brilliant blue fcf, tartrazine, artificial fruit flavor, citric acid",382.4,75.9,95.1,0.0,0.0,0.0,0.0,5,3,0,1,1,5,High Risk
890782237945,Commercial Potato Crisps #2258,Snacks,"potatoes, palm oil, salt, monosodium glutamate, flavor enhancer 635, dextrose",571.0,0.9,726.9,10.2,0.5,6.2,3.5,4,0,0,1,0,78,Moderate Risk
890123669878,Pure Red Chilli Powder #2259,Spices & Condiments,100% dried red chillies,290.1,8.6,27.0,3.6,0.0,10.8,25.2,0,0,0,0,0,99,Low Risk
890526990650,Fried Street-Style Savory Mix #2260,Snacks,"refined flour, re-used palm oil, metanil yellow, excess salt, msg",507.2,1.7,1540.1,23.0,3.64,6.0,0.9,6,2,0,2,1,5,High Risk
890606485689,Dark Chocolate 85% #2261,Bakery & Confectionery,"cocoa mass, cocoa butter, cane sugar, vanilla beans",638.6,12.7,12.9,31.4,0.0,8.5,11.3,0,0,0,0,0,90,Low Risk
890776084902,Cream-Filled Sandwich Cookies #2262,Bakery & Confectionery,"refined wheat flour, sugar, hydrogenated palm oil, cocoa, high fructose corn syrup, soy lecithin, vanillin, artificial chocolate flavor, tbhq",552.8,40.2,388.4,10.6,1.77,4.7,2.1,5,0,0,2,1,5,High Risk
890523306173,Roasted Chickpeas #2263,Snacks,"chickpeas, olive oil, sea salt",370.1,2.2,295.7,1.2,0.0,19.4,17.5,0,0,0,0,0,99,Low Risk
890845594549,Fresh Butter #2264,Dairy,"pasteurized cream, salt",731.4,0.1,618.1,61.2,0.0,0.9,0.0,0,0,0,0,0,77,Moderate Risk
890494404669,Pure Red Chilli Powder #2265,Spices & Condiments,100% dried red chillies,304.4,7.0,35.9,3.6,0.0,12.8,27.4,0,0,0,0,0,99,Low Risk
890685908475,Commercial Potato Crisps #2266,Snacks,"potatoes, palm oil, salt, monosodium glutamate, flavor enhancer 635, dextrose",572.2,0.8,832.5,11.1,0.58,7.1,3.0,4,0,0,1,0,63,Moderate Risk
890669474996,Pure Green Tea Bag #2267,Beverages,100% organic green tea leaves,1.1,0.0,1.0,0.0,0.0,0.2,0.0,0,0,0,0,0,99,Low Risk
890175998460,Carbonated Cola Drink #2268,Beverages,"carbonated water, high fructose corn syrup, caramel color iv, phosphoric acid, caffeine, artificial flavors",41.5,11.1,13.8,0.0,0.0,0.0,0.0,4,1,0,1,0,77,Moderate Risk
890850917580,Skimmed Milk #2269,Dairy,"skimmed milk, vitamin a, vitamin d3",36.5,5.1,59.4,0.2,0.0,3.6,0.0,0,0,0,0,0,99,Low Risk
890943176405,Fresh Butter #2270,Dairy,"pasteurized cream, salt",732.7,0.1,508.8,53.1,0.0,1.0,0.0,0,0,0,0,0,79,Low Risk
890848749629,Dark Chocolate 85% #2271,Bakery & Confectionery,"cocoa mass, cocoa butter, cane sugar, vanilla beans",607.2,12.1,14.7,27.1,0.0,7.8,11.6,0,0,0,0,0,91,Low Risk
890716565387,Low-Cost Synthetic Fruit Drink #2272,Beverages,"water, invert sugar syrup, metanil yellow, citric acid, clouding agent, artificial mango flavor, potassium metabisulphite",53.3,13.1,51.4,0.0,0.0,0.0,0.0,6,2,0,2,1,21,High Risk
890649076796,Processed Nacho Chips #2273,Snacks,"corn, vegetable fat, whey powder, disodium guanylate, artificial cheese flavor, yellow 6 lake",422.2,1.8,789.4,10.2,0.88,7.2,3.8,5,1,0,1,0,56,Moderate Risk
890977870515,Coconut Water 100% Pure #2274,Beverages,pure tender coconut water,17.3,3.3,27.3,0.1,0.0,0.6,1.2,0,0,0,0,0,99,Low Risk
890460134272,Standard Processed Cheese #2275,Dairy,"milk, salt, cheese cultures, enzymes, sodium phosphate, annatto",351.6,1.3,1215.0,19.6,0.69,17.2,0.0,3,1,0,1,0,45,Moderate Risk
890387168153,Commercial Tomato Ketchup #2276,Spices & Condiments,"tomato paste, sugar, distilled vinegar, salt, onion powder, sodium benzoate, potassium sorbate, pectin",127.3,22.6,883.9,0.1,0.0,1.3,1.6,3,0,0,2,0,64,Moderate Risk
890968417338,Flavored Fruit Yogurt #2277,Dairy,"milk, sugar, strawberries, modified corn starch, carmine color, potassium sorbate",95.7,16.6,60.1,1.6,0.0,4.3,0.5,3,1,0,1,0,78,Moderate Risk
890448562964,Oat & Honey Granola Bar #2278,Bakery & Confectionery,"rolled oats, honey, almonds, crisped rice, sunflower oil, salt",356.2,14.1,174.4,2.6,0.0,8.6,5.1,0,0,0,0,0,99,Low Risk
890832441290,Adulterated Mustard Oil with Argemone #2279,Spices & Condiments,"mustard oil, argemone oil, mineral oil, butter yellow dye",861.2,0.0,4.5,12.0,1.54,0.0,0.0,3,1,0,0,1,14,High Risk
890990709043,Pure Ground Turmeric Powder #2280,Spices & Condiments,100% turmeric rhizome powder,327.9,2.8,45.4,3.2,0.0,10.5,23.8,0,0,0,0,0,99,Low Risk
890733490324,Baked Whole Grain Crackers #2281,Snacks,"whole wheat flour, canola oil, sea salt, malt extract",440.1,3.0,405.0,1.5,0.0,8.8,7.2,0,0,0,0,0,99,Low Risk
890668433170,Roasted Chickpeas #2282,Snacks,"chickpeas, olive oil, sea salt",396.0,2.2,273.2,1.2,0.0,19.8,17.0,0,0,0,0,0,99,Low Risk
890862098483,Adulterated Butter with Animal Fat & Starch #2283,Dairy,"milk fat, animal tallow, starch, yellow dye 5, preservative",770.4,0.6,737.3,55.7,3.76,0.5,0.0,4,1,0,2,1,5,High Risk
890889273549,Synthetic Milk Sample #2284,Dairy,"urea, detergent, refined vegetable oil, caustic soda, water",162.5,0.6,698.5,12.0,4.46,1.1,0.0,5,0,0,3,1,5,High Risk
890266358101,Industrial White Sandwich Bread #2285,Bakery & Confectionery,"refined wheat flour, sugar, yeast, palm oil, calcium propionate, emulsifier 481, flour treatment agent 300",251.3,4.6,492.2,1.2,0.23,7.2,2.0,4,0,0,2,0,83,Moderate Risk
890748268664,Cold Pressed Orange Juice #2286,Beverages,100% freshly pressed oranges,47.7,9.7,2.3,0.1,0.0,0.7,1.6,0,0,0,0,0,99,Low Risk
890902587027,Industrial White Sandwich Bread #2287,Bakery & Confectionery,"refined wheat flour, sugar, yeast, palm oil, calcium propionate, emulsifier 481, flour treatment agent 300",270.0,5.4,564.1,1.3,0.14,7.4,2.1,4,0,0,2,0,82,Moderate Risk
890872658238,Whole Cow Milk #2288,Dairy,"milk, vitamin d3",57.3,5.3,40.1,2.9,0.0,3.2,0.0,0,0,0,0,0,99,Low Risk
890972662951,Extruded Spicy Puffs #2289,Snacks,"corn meal, palm olein, maltodextrin, sunset yellow fcf, tartrazine, tbhq, msg, artificial flavors",514.6,4.2,1224.2,17.5,1.29,5.5,1.5,7,2,0,2,1,5,High Risk
890650778798,Pure Green Tea Bag #2290,Beverages,100% organic green tea leaves,0.9,0.0,0.9,0.0,0.0,0.2,0.0,0,0,0,0,0,99,Low Risk
890973247228,Extruded Spicy Puffs #2291,Snacks,"corn meal, palm olein, maltodextrin, sunset yellow fcf, tartrazine, tbhq, msg, artificial flavors",494.1,4.2,1417.8,14.0,1.28,4.9,1.5,7,2,0,2,1,5,High Risk
890520662641,Industrial White Sandwich Bread #2292,Bakery & Confectionery,"refined wheat flour, sugar, yeast, palm oil, calcium propionate, emulsifier 481, flour treatment agent 300",280.3,5.4,527.7,1.4,0.07,8.6,2.2,4,0,0,2,0,83,Moderate Risk
890734033727,Roasted Chickpeas #2293,Snacks,"chickpeas, olive oil, sea salt",313.9,1.9,246.4,1.1,0.0,19.5,17.5,0,0,0,0,0,99,Low Risk
890435592674,Standard Processed Cheese #2294,Dairy,"milk, salt, cheese cultures, enzymes, sodium phosphate, annatto",295.4,1.4,1180.2,25.2,0.71,18.3,0.0,3,1,0,1,0,41,Moderate Risk
890505376898,Cold Pressed Orange Juice #2295,Beverages,100% freshly pressed oranges,47.8,8.3,2.4,0.1,0.0,0.7,1.4,0,0,0,0,0,99,Low Risk
890856670507,Standard Processed Cheese #2296,Dairy,"milk, salt, cheese cultures, enzymes, sodium phosphate, annatto",344.0,1.3,1114.2,24.3,0.48,17.4,0.0,3,1,0,1,0,53,Moderate Risk
890909464969,Fried Street-Style Savory Mix #2297,Snacks,"refined flour, re-used palm oil, metanil yellow, excess salt, msg",590.6,1.4,1725.8,22.6,3.61,6.4,1.0,6,2,0,2,1,5,High Risk
890464366980,Extruded Spicy Puffs #2298,Snacks,"corn meal, palm olein, maltodextrin, sunset yellow fcf, tartrazine, tbhq, msg, artificial flavors",546.0,4.4,1322.1,17.3,1.25,5.5,1.6,7,2,0,2,1,5,High Risk
890573667348,Coconut Water 100% Pure #2299,Beverages,pure tender coconut water,16.4,2.9,27.1,0.1,0.0,0.7,1.1,0,0,0,0,0,99,Low Risk
890486758656,Cream-Filled Sandwich Cookies #2300,Bakery & Confectionery,"refined wheat flour, sugar, hydrogenated palm oil, cocoa, high fructose corn syrup, soy lecithin, vanillin, artificial chocolate flavor, tbhq",501.3,38.4,347.4,8.2,1.73,4.9,2.2,5,0,0,2,1,5,High Risk
890576229985,Oat & Honey Granola Bar #2301,Bakery & Confectionery,"rolled oats, honey, almonds, crisped rice, sunflower oil, salt",387.8,15.8,162.5,2.3,0.0,8.8,5.6,0,0,0,0,0,99,Low Risk
890246368918,Pure Red Chilli Powder #2302,Spices & Condiments,100% dried red chillies,292.8,8.2,31.6,3.3,0.0,12.4,25.8,0,0,0,0,0,99,Low Risk
890460845743,Organic Trail Mix #2303,Snacks,"almonds, walnuts, raisins, sunflower seeds, pumpkin seeds",477.6,17.7,16.7,4.9,0.0,16.4,7.8,0,0,0,0,0,99,Low Risk
890360721401,Fresh Butter #2304,Dairy,"pasteurized cream, salt",815.6,0.1,673.9,56.8,0.0,0.9,0.0,0,0,0,0,0,76,Moderate Risk
890193244607,Cream-Filled Sandwich Cookies #2305,Bakery & Confectionery,"refined wheat flour, sugar, hydrogenated palm oil, cocoa, high fructose corn syrup, soy lecithin, vanillin, artificial chocolate flavor, tbhq",508.0,41.2,419.6,9.4,1.91,4.2,1.9,5,0,0,2,1,5,High Risk
890360503856,Skimmed Milk #2306,Dairy,"skimmed milk, vitamin a, vitamin d3",36.5,4.6,58.2,0.2,0.0,3.6,0.0,0,0,0,0,0,99,Low Risk
890138540414,Adulterated Low-Cost Paneer #2307,Dairy,"milk solids, vegetable oil, starch, sulfuric acid trace, detergent trace",262.5,3.4,441.2,17.7,2.71,8.3,0.0,4,0,0,2,1,5,High Risk
890727280696,Low-Cost Synthetic Fruit Drink #2308,Beverages,"water, invert sugar syrup, metanil yellow, citric acid, clouding agent, artificial mango flavor, potassium metabisulphite",48.8,13.5,44.0,0.0,0.0,0.0,0.0,6,2,0,2,1,20,High Risk
890429220470,Cottage Cheese (Paneer) #2309,Dairy,"pasteurized milk, citric acid",275.6,1.4,23.6,16.7,0.0,19.2,0.0,0,0,0,0,0,96,Low Risk
890632139073,Standard Processed Cheese #2310,Dairy,"milk, salt, cheese cultures, enzymes, sodium phosphate, annatto",366.2,1.3,1190.4,20.3,0.5,17.6,0.0,3,1,0,1,0,55,Moderate Risk
890730033957,100% Whole Wheat Sourdough #2311,Bakery & Confectionery,"whole wheat flour, water, sourdough culture, sea salt",238.2,1.8,374.3,0.5,0.0,9.9,6.3,0,0,0,0,0,99,Low Risk
890430750599,Processed Nacho Chips #2312,Snacks,"corn, vegetable fat, whey powder, disodium guanylate, artificial cheese flavor, yellow 6 lake",436.7,2.1,808.6,9.3,0.97,7.0,3.8,5,1,0,1,0,56,Moderate Risk
890817587225,Low-Cost Synthetic Fruit Drink #2313,Beverages,"water, invert sugar syrup, metanil yellow, citric acid, clouding agent, artificial mango flavor, potassium metabisulphite",54.0,14.2,39.8,0.0,0.0,0.0,0.0,6,2,0,2,1,20,High Risk
890733013990,Greek Plain Yogurt #2314,Dairy,"cultured pasteurized nonfat milk, live active cultures",57.6,3.7,37.1,0.4,0.0,9.7,0.0,0,0,0,0,0,99,Low Risk
890132254440,Extruded Spicy Puffs #2315,Snacks,"corn meal, palm olein, maltodextrin, sunset yellow fcf, tartrazine, tbhq, msg, artificial flavors",557.7,4.1,1278.4,17.6,1.49,4.7,1.5,7,2,0,2,1,5,High Risk
890995308678,Roasted Chickpeas #2316,Snacks,"chickpeas, olive oil, sea salt",320.0,2.2,269.6,1.1,0.0,20.1,16.8,0,0,0,0,0,99,Low Risk
890406245210,Instant Fried Noodles #2317,Snacks,"wheat flour, palm oil, salt, guar gum, flavor enhancer 621, caramel iv, sodium polyphosphate",443.7,2.6,1616.5,10.6,0.46,8.6,2.4,5,1,0,2,0,46,Moderate Risk
890447391699,Pure Red Chilli Powder #2318,Spices & Condiments,100% dried red chillies,349.1,7.5,26.6,3.8,0.0,11.0,26.8,0,0,0,0,0,99,Low Risk
890894579660,Oat & Honey Granola Bar #2319,Bakery & Confectionery,"rolled oats, honey, almonds, crisped rice, sunflower oil, salt",351.1,15.3,213.8,1.9,0.0,9.2,5.4,0,0,0,0,0,99,Low Risk
890767831014,Baked Whole Grain Crackers #2320,Snacks,"whole wheat flour, canola oil, sea salt, malt extract",361.6,3.0,439.9,2.1,0.0,8.9,7.8,0,0,0,0,0,99,Low Risk
890957937970,Dark Chocolate 85% #2321,Bakery & Confectionery,"cocoa mass, cocoa butter, cane sugar, vanilla beans",653.9,14.2,16.8,24.0,0.0,9.0,11.8,0,0,0,0,0,91,Low Risk
890814361958,Synthetic Colored Hard Candies #2322,Bakery & Confectionery,"sugar, liquid glucose, allura red, brilliant blue fcf, tartrazine, artificial fruit flavor, citric acid",363.2,77.3,87.9,0.0,0.0,0.0,0.0,5,3,0,1,1,5,High Risk
890681309029,Diet Soda with Multiple Sweeteners #2323,Beverages,"carbonated water, aspartame, acesulfame potassium, caramel iv, sodium benzoate, phosphoric acid",0.9,0.0,32.4,0.0,0.0,0.0,0.0,5,1,2,1,0,66,Moderate Risk
890972629890,Pure Green Tea Bag #2324,Beverages,100% organic green tea leaves,0.9,0.0,1.2,0.0,0.0,0.2,0.0,0,0,0,0,0,99,Low Risk
890259840323,Coconut Water 100% Pure #2325,Beverages,pure tender coconut water,17.0,3.3,26.6,0.1,0.0,0.7,1.0,0,0,0,0,0,99,Low Risk
890589978448,Pure Extra Virgin Olive Oil #2326,Spices & Condiments,100% extra virgin cold pressed olive oil,835.2,0.0,1.7,16.7,0.0,0.0,0.0,0,0,0,0,0,88,Low Risk
890888030721,Pure Ground Turmeric Powder #2327,Spices & Condiments,100% turmeric rhizome powder,266.1,3.2,36.9,2.6,0.0,10.4,23.3,0,0,0,0,0,99,Low Risk
890697631555,Low-Cost Synthetic Fruit Drink #2328,Beverages,"water, invert sugar syrup, metanil yellow, citric acid, clouding agent, artificial mango flavor, potassium metabisulphite",58.1,16.3,40.2,0.0,0.0,0.0,0.0,6,2,0,2,1,18,High Risk
890563549360,Fried Street-Style Savory Mix #2329,Snacks,"refined flour, re-used palm oil, metanil yellow, excess salt, msg",596.2,1.5,1397.7,25.0,3.63,6.4,1.0,6,2,0,2,1,5,High Risk
890449088407,Low-Cost Synthetic Fruit Drink #2330,Beverages,"water, invert sugar syrup, metanil yellow, citric acid, clouding agent, artificial mango flavor, potassium metabisulphite",63.9,14.4,52.3,0.0,0.0,0.0,0.0,6,2,0,2,1,19,High Risk
890441572424,Adulterated Chilli Powder with Sudan Dye #2331,Spices & Condiments,"red chilli powder, brick powder trace, sudan i dye, salt, mineral oil",315.2,3.6,656.0,4.5,0.0,5.8,13.8,4,1,0,0,1,49,High Risk
890545067554,Commercial Potato Crisps #2332,Snacks,"potatoes, palm oil, salt, monosodium glutamate, flavor enhancer 635, dextrose",543.2,0.9,833.0,12.2,0.41,7.0,2.9,4,0,0,1,0,70,Moderate Risk
890776548125,Standard Processed Cheese #2333,Dairy,"milk, salt, cheese cultures, enzymes, sodium phosphate, annatto",342.3,1.2,1153.6,21.5,0.65,16.6,0.0,3,1,0,1,0,45,Moderate Risk
890489631718,Skimmed Milk #2334,Dairy,"skimmed milk, vitamin a, vitamin d3",37.0,4.4,58.6,0.2,0.0,3.3,0.0,0,0,0,0,0,99,Low Risk
890549113437,Standard Processed Cheese #2335,Dairy,"milk, salt, cheese cultures, enzymes, sodium phosphate, annatto",349.1,1.1,1245.8,25.1,0.56,16.7,0.0,3,1,0,1,0,41,Moderate Risk
890194627473,Synthetic Colored Hard Candies #2336,Bakery & Confectionery,"sugar, liquid glucose, allura red, brilliant blue fcf, tartrazine, artificial fruit flavor, citric acid",380.3,71.5,79.3,0.0,0.0,0.0,0.0,5,3,0,1,1,5,High Risk
890425865109,Pure Red Chilli Powder #2337,Spices & Condiments,100% dried red chillies,324.6,7.9,35.4,3.7,0.0,11.6,28.7,0,0,0,0,0,99,Low Risk
890204709910,Cottage Cheese (Paneer) #2338,Dairy,"pasteurized milk, citric acid",237.3,1.1,24.7,18.4,0.0,16.8,0.0,0,0,0,0,0,93,Low Risk
890455020538,Baked Whole Grain Crackers #2339,Snacks,"whole wheat flour, canola oil, sea salt, malt extract",399.4,2.5,454.6,1.8,0.0,9.4,8.0,0,0,0,0,0,99,Low Risk
890362535475,Cold Pressed Orange Juice #2340,Beverages,100% freshly pressed oranges,48.4,9.7,2.3,0.1,0.0,0.7,1.6,0,0,0,0,0,99,Low Risk
890803899737,Instant Fried Noodles #2341,Snacks,"wheat flour, palm oil, salt, guar gum, flavor enhancer 621, caramel iv, sodium polyphosphate",469.2,3.2,1756.0,10.9,0.55,8.4,2.3,5,1,0,2,0,38,High Risk
890784371844,100% Whole Wheat Sourdough #2342,Bakery & Confectionery,"whole wheat flour, water, sourdough culture, sea salt",208.3,1.7,379.4,0.5,0.0,10.5,6.3,0,0,0,0,0,99,Low Risk
890271481791,Greek Plain Yogurt #2343,Dairy,"cultured pasteurized nonfat milk, live active cultures",55.9,3.8,30.7,0.4,0.0,9.3,0.0,0,0,0,0,0,99,Low Risk
890994609152,Coconut Water 100% Pure #2344,Beverages,pure tender coconut water,17.5,3.8,25.6,0.1,0.0,0.7,1.1,0,0,0,0,0,99,Low Risk
890797794088,Cold Pressed Orange Juice #2345,Beverages,100% freshly pressed oranges,43.7,9.3,1.8,0.1,0.0,0.6,1.5,0,0,0,0,0,99,Low Risk
890311962606,Diet Soda with Multiple Sweeteners #2346,Beverages,"carbonated water, aspartame, acesulfame potassium, caramel iv, sodium benzoate, phosphoric acid",0.9,0.0,38.7,0.0,0.0,0.0,0.0,5,1,2,1,0,66,Moderate Risk
890931746960,Coconut Water 100% Pure #2347,Beverages,pure tender coconut water,21.1,3.4,26.6,0.1,0.0,0.6,1.1,0,0,0,0,0,99,Low Risk
890164046945,Synthetic Colored Hard Candies #2348,Bakery & Confectionery,"sugar, liquid glucose, allura red, brilliant blue fcf, tartrazine, artificial fruit flavor, citric acid",358.9,82.0,75.4,0.0,0.0,0.0,0.0,5,3,0,1,1,5,High Risk
890483326419,Pure Red Chilli Powder #2349,Spices & Condiments,100% dried red chillies,318.7,6.4,32.9,3.5,0.0,12.5,28.6,0,0,0,0,0,99,Low Risk
890471478547,Diet Soda with Multiple Sweeteners #2350,Beverages,"carbonated water, aspartame, acesulfame potassium, caramel iv, sodium benzoate, phosphoric acid",1.1,0.0,32.9,0.0,0.0,0.0,0.0,5,1,2,1,0,66,Moderate Risk
890482450154,100% Whole Wheat Sourdough #2351,Bakery & Confectionery,"whole wheat flour, water, sourdough culture, sea salt",209.1,1.5,469.8,0.5,0.0,10.1,6.5,0,0,0,0,0,99,Low Risk
890951191968,Cream-Filled Sandwich Cookies #2352,Bakery & Confectionery,"refined wheat flour, sugar, hydrogenated palm oil, cocoa, high fructose corn syrup, soy lecithin, vanillin, artificial chocolate flavor, tbhq",425.6,44.8,322.5,8.8,1.8,4.6,2.1,5,0,0,2,1,5,High Risk
890930815038,Instant Fried Noodles #2353,Snacks,"wheat flour, palm oil, salt, guar gum, flavor enhancer 621, caramel iv, sodium polyphosphate",459.7,3.0,1838.2,9.1,0.73,9.8,2.4,5,1,0,2,0,41,Moderate Risk
890517147587,100% Whole Wheat Sourdough #2354,Bakery & Confectionery,"whole wheat flour, water, sourdough culture, sea salt",243.2,1.7,472.8,0.6,0.0,10.8,5.7,0,0,0,0,0,99,Low Risk
890894580342,Energy Drink with High Caffeine #2355,Beverages,"carbonated water, sucrose, glucose, taurine, caffeine, inositol, niacinamide, pyridoxine, color e133, sodium benzoate",44.3,14.2,72.1,0.0,0.0,0.4,0.0,6,1,0,2,0,65,Moderate Risk
890530295263,Pure Green Tea Bag #2356,Beverages,100% organic green tea leaves,1.0,0.0,1.1,0.0,0.0,0.2,0.0,0,0,0,0,0,99,Low Risk
890994106607,Whole Cow Milk #2357,Dairy,"milk, vitamin d3",70.2,5.2,38.4,3.6,0.0,3.2,0.0,0,0,0,0,0,99,Low Risk
890532068545,Adulterated Turmeric with Metanil Yellow #2358,Spices & Condiments,"turmeric powder, lead chromate trace, chalk powder, metanil yellow color",265.1,2.1,158.1,1.3,0.0,4.7,11.9,3,1,0,0,1,56,High Risk
890966541898,Synthetic Colored Hard Candies #2359,Bakery & Confectionery,"sugar, liquid glucose, allura red, brilliant blue fcf, tartrazine, artificial fruit flavor, citric acid",357.6,76.4,84.0,0.0,0.0,0.0,0.0,5,3,0,1,1,5,High Risk
890258368927,Synthetic Milk Sample #2360,Dairy,"urea, detergent, refined vegetable oil, caustic soda, water",170.5,0.4,974.6,13.2,4.22,1.1,0.0,5,0,0,3,1,5,High Risk
890316821034,Carbonated Cola Drink #2361,Beverages,"carbonated water, high fructose corn syrup, caramel color iv, phosphoric acid, caffeine, artificial flavors",45.9,11.1,11.7,0.0,0.0,0.0,0.0,4,1,0,1,0,77,Moderate Risk
890295545558,Coconut Water 100% Pure #2362,Beverages,pure tender coconut water,20.4,3.5,25.8,0.1,0.0,0.8,1.0,0,0,0,0,0,99,Low Risk
890231658868,Dark Chocolate 85% #2363,Bakery & Confectionery,"cocoa mass, cocoa butter, cane sugar, vanilla beans",608.0,16.4,15.5,28.2,0.0,8.4,11.7,0,0,0,0,0,88,Low Risk
890524449458,Organic Trail Mix #2364,Snacks,"almonds, walnuts, raisins, sunflower seeds, pumpkin seeds",430.1,18.6,16.2,4.6,0.0,13.8,8.7,0,0,0,0,0,99,Moderate Risk
890222091305,Synthetic Colored Hard Candies #2365,Bakery & Confectionery,"sugar, liquid glucose, allura red, brilliant blue fcf, tartrazine, artificial fruit flavor, citric acid",440.6,81.3,89.2,0.0,0.0,0.0,0.0,5,3,0,1,1,5,High Risk
890248008023,Adulterated Butter with Animal Fat & Starch #2366,Dairy,"milk fat, animal tallow, starch, yellow dye 5, preservative",670.7,0.5,740.1,47.7,3.96,0.5,0.0,4,1,0,2,1,5,High Risk
890738570974,Standard Processed Cheese #2367,Dairy,"milk, salt, cheese cultures, enzymes, sodium phosphate, annatto",310.1,1.3,1160.7,23.7,0.71,19.7,0.0,3,1,0,1,0,43,Moderate Risk
890639700459,Pure Ground Turmeric Powder #2368,Spices & Condiments,100% turmeric rhizome powder,334.3,3.3,34.0,2.6,0.0,10.3,22.2,0,0,0,0,0,99,Low Risk
890834356343,Processed Nacho Chips #2369,Snacks,"corn, vegetable fat, whey powder, disodium guanylate, artificial cheese flavor, yellow 6 lake",474.3,2.4,1087.9,11.4,0.95,6.7,3.7,5,1,0,1,0,44,Moderate Risk
890561705964,Fresh Butter #2370,Dairy,"pasteurized cream, salt",814.6,0.1,530.0,54.0,0.0,0.8,0.0,0,0,0,0,0,78,Low Risk
890614471154,Diet Soda with Multiple Sweeteners #2371,Beverages,"carbonated water, aspartame, acesulfame potassium, caramel iv, sodium benzoate, phosphoric acid",1.0,0.0,31.1,0.0,0.0,0.0,0.0,5,1,2,1,0,66,Moderate Risk
890804518426,Standard Processed Cheese #2372,Dairy,"milk, salt, cheese cultures, enzymes, sodium phosphate, annatto",322.3,1.1,1259.8,23.4,0.69,16.7,0.0,3,1,0,1,0,40,Moderate Risk
890408682279,Instant Fried Noodles #2373,Snacks,"wheat flour, palm oil, salt, guar gum, flavor enhancer 621, caramel iv, sodium polyphosphate",414.4,2.6,1562.8,11.1,0.43,9.5,2.5,5,1,0,2,0,46,Moderate Risk
890398797139,Coconut Water 100% Pure #2374,Beverages,pure tender coconut water,19.3,3.4,29.1,0.1,0.0,0.6,1.2,0,0,0,0,0,99,Low Risk
890100569846,Pure Green Tea Bag #2375,Beverages,100% organic green tea leaves,1.0,0.0,1.2,0.0,0.0,0.2,0.0,0,0,0,0,0,99,Low Risk
890635392202,Adulterated Low-Cost Paneer #2376,Dairy,"milk solids, vegetable oil, starch, sulfuric acid trace, detergent trace",249.4,4.1,569.2,18.6,2.66,8.2,0.0,4,0,0,2,1,5,High Risk
890342975074,Low-Cost Synthetic Fruit Drink #2377,Beverages,"water, invert sugar syrup, metanil yellow, citric acid, clouding agent, artificial mango flavor, potassium metabisulphite",47.8,17.0,40.1,0.0,0.0,0.0,0.0,6,2,0,2,1,17,High Risk
890606999134,Extruded Spicy Puffs #2378,Snacks,"corn meal, palm olein, maltodextrin, sunset yellow fcf, tartrazine, tbhq, msg, artificial flavors",602.0,5.0,1531.7,17.2,1.3,5.0,1.5,7,2,0,2,1,5,High Risk
890653520759,Adulterated Low-Cost Paneer #2379,Dairy,"milk solids, vegetable oil, starch, sulfuric acid trace, detergent trace",325.9,3.7,537.0,17.6,2.53,9.2,0.0,4,0,0,2,1,5,High Risk
890925064817,Adulterated Mustard Oil with Argemone #2380,Spices & Condiments,"mustard oil, argemone oil, mineral oil, butter yellow dye",857.9,0.0,4.9,11.6,1.54,0.0,0.0,3,1,0,0,1,15,High Risk
890321373420,Commercial Potato Crisps #2381,Snacks,"potatoes, palm oil, salt, monosodium glutamate, flavor enhancer 635, dextrose",534.1,0.9,757.0,11.4,0.43,6.2,2.9,4,0,0,1,0,76,Moderate Risk
890889976665,Carbonated Cola Drink #2382,Beverages,"carbonated water, high fructose corn syrup, caramel color iv, phosphoric acid, caffeine, artificial flavors",37.8,12.0,11.1,0.0,0.0,0.0,0.0,4,1,0,1,0,76,Moderate Risk
890305239756,Whole Cow Milk #2383,Dairy,"milk, vitamin d3",62.5,5.7,51.4,3.7,0.0,3.5,0.0,0,0,0,0,0,99,Low Risk
890191379682,Adulterated Low-Cost Paneer #2384,Dairy,"milk solids, vegetable oil, starch, sulfuric acid trace, detergent trace",256.2,3.0,469.4,19.1,2.59,9.8,0.0,4,0,0,2,1,5,High Risk
890806490437,Organic Trail Mix #2385,Snacks,"almonds, walnuts, raisins, sunflower seeds, pumpkin seeds",548.6,20.2,15.3,3.8,0.0,15.1,8.1,0,0,0,0,0,99,Moderate Risk
890945495362,Cold Pressed Orange Juice #2386,Beverages,100% freshly pressed oranges,48.4,9.7,2.1,0.1,0.0,0.7,1.5,0,0,0,0,0,99,Low Risk
890101357724,Synthetic Milk Sample #2387,Dairy,"urea, detergent, refined vegetable oil, caustic soda, water",153.2,0.5,975.9,12.4,4.31,1.2,0.0,5,0,0,3,1,5,High Risk
890918306574,Processed Nacho Chips #2388,Snacks,"corn, vegetable fat, whey powder, disodium guanylate, artificial cheese flavor, yellow 6 lake",423.1,1.7,1041.0,8.6,0.99,6.4,4.4,5,1,0,1,0,51,Moderate Risk
890382478406,Adulterated Turmeric with Metanil Yellow #2389,Spices & Condiments,"turmeric powder, lead chromate trace, chalk powder, metanil yellow color",265.5,2.1,215.7,1.8,0.0,5.3,13.1,3,1,0,0,1,57,High Risk
890266396738,Cream-Filled Sandwich Cookies #2390,Bakery & Confectionery,"refined wheat flour, sugar, hydrogenated palm oil, cocoa, high fructose corn syrup, soy lecithin, vanillin, artificial chocolate flavor, tbhq",475.5,36.1,358.1,9.8,1.75,4.4,2.2,5,0,0,2,1,5,High Risk
890896641618,Cottage Cheese (Paneer) #2391,Dairy,"pasteurized milk, citric acid",227.3,1.3,23.6,17.3,0.0,19.9,0.0,0,0,0,0,0,96,Low Risk
890918484718,Adulterated Low-Cost Paneer #2392,Dairy,"milk solids, vegetable oil, starch, sulfuric acid trace, detergent trace",291.9,3.4,551.0,15.8,2.61,9.9,0.0,4,0,0,2,1,5,High Risk
890955855239,Whole Cow Milk #2393,Dairy,"milk, vitamin d3",67.6,5.8,42.0,3.1,0.0,3.4,0.0,0,0,0,0,0,99,Low Risk
890608718965,Adulterated Butter with Animal Fat & Starch #2394,Dairy,"milk fat, animal tallow, starch, yellow dye 5, preservative",741.1,0.5,696.5,56.0,4.0,0.5,0.0,4,1,0,2,1,5,High Risk
890409427574,Dark Chocolate 85% #2395,Bakery & Confectionery,"cocoa mass, cocoa butter, cane sugar, vanilla beans",525.2,16.0,17.4,28.0,0.0,9.3,10.0,0,0,0,0,0,87,Low Risk
890563218483,Cream-Filled Sandwich Cookies #2396,Bakery & Confectionery,"refined wheat flour, sugar, hydrogenated palm oil, cocoa, high fructose corn syrup, soy lecithin, vanillin, artificial chocolate flavor, tbhq",416.1,32.9,306.7,9.9,1.94,4.1,2.1,5,0,0,2,1,5,High Risk
890174700414,Carbonated Cola Drink #2397,Beverages,"carbonated water, high fructose corn syrup, caramel color iv, phosphoric acid, caffeine, artificial flavors",38.7,10.3,13.2,0.0,0.0,0.0,0.0,4,1,0,1,0,78,Moderate Risk
890783042322,100% Whole Wheat Sourdough #2398,Bakery & Confectionery,"whole wheat flour, water, sourdough culture, sea salt",236.2,1.4,383.2,0.6,0.0,11.2,5.4,0,0,0,0,0,99,Low Risk
890778653346,Pure Ground Turmeric Powder #2399,Spices & Condiments,100% turmeric rhizome powder,324.9,3.0,37.1,3.2,0.0,9.0,23.7,0,0,0,0,0,99,Low Risk
890452668213,Oat & Honey Granola Bar #2400,Bakery & Confectionery,"rolled oats, honey, almonds, crisped rice, sunflower oil, salt",433.9,13.4,157.9,2.0,0.0,8.4,5.7,0,0,0,0,0,99,Low Risk
890260292709,Commercial Tomato Ketchup #2401,Spices & Condiments,"tomato paste, sugar, distilled vinegar, salt, onion powder, sodium benzoate, potassium sorbate, pectin",128.9,24.6,835.3,0.1,0.0,1.5,1.5,3,0,0,2,0,63,Moderate Risk
890336614655,Diet Soda with Multiple Sweeteners #2402,Beverages,"carbonated water, aspartame, acesulfame potassium, caramel iv, sodium benzoate, phosphoric acid",1.1,0.0,31.6,0.0,0.0,0.0,0.0,5,1,2,1,0,66,Moderate Risk
890386392317,Instant Fried Noodles #2403,Snacks,"wheat flour, palm oil, salt, guar gum, flavor enhancer 621, caramel iv, sodium polyphosphate",467.5,2.9,1930.7,11.0,0.67,9.9,2.4,5,1,0,2,0,36,High Risk
890555241106,Processed Nacho Chips #2404,Snacks,"corn, vegetable fat, whey powder, disodium guanylate, artificial cheese flavor, yellow 6 lake",489.7,1.8,986.8,9.7,1.01,6.4,3.8,5,1,0,1,0,51,Moderate Risk
890879465169,Low-Cost Synthetic Fruit Drink #2405,Beverages,"water, invert sugar syrup, metanil yellow, citric acid, clouding agent, artificial mango flavor, potassium metabisulphite",60.0,15.0,50.9,0.0,0.0,0.0,0.0,6,2,0,2,1,19,High Risk
890333702571,Pure Green Tea Bag #2406,Beverages,100% organic green tea leaves,0.9,0.0,1.0,0.0,0.0,0.2,0.0,0,0,0,0,0,99,Low Risk
890518593743,Pure Red Chilli Powder #2407,Spices & Condiments,100% dried red chillies,308.3,6.4,35.4,4.0,0.0,11.2,25.9,0,0,0,0,0,99,Low Risk
890564490100,Adulterated Turmeric with Metanil Yellow #2408,Spices & Condiments,"turmeric powder, lead chromate trace, chalk powder, metanil yellow color",227.5,2.2,191.0,1.7,0.0,5.1,12.0,3,1,0,0,1,56,High Risk
890154061417,Pure Extra Virgin Olive Oil #2409,Spices & Condiments,100% extra virgin cold pressed olive oil,797.6,0.0,2.1,14.9,0.0,0.0,0.0,0,0,0,0,0,90,Low Risk
890342398400,Instant Fried Noodles #2410,Snacks,"wheat flour, palm oil, salt, guar gum, flavor enhancer 621, caramel iv, sodium polyphosphate",482.5,2.8,1911.0,11.2,0.72,9.5,2.4,5,1,0,2,0,35,High Risk
890332771785,Skimmed Milk #2411,Dairy,"skimmed milk, vitamin a, vitamin d3",31.6,4.6,58.8,0.2,0.0,3.4,0.0,0,0,0,0,0,99,Low Risk
890855317619,Roasted Chickpeas #2412,Snacks,"chickpeas, olive oil, sea salt",345.0,2.2,258.8,1.1,0.0,18.5,18.4,0,0,0,0,0,99,Low Risk
890968406643,Adulterated Low-Cost Paneer #2413,Dairy,"milk solids, vegetable oil, starch, sulfuric acid trace, detergent trace",313.0,3.3,449.5,16.3,2.4,8.3,0.0,4,0,0,2,1,5,High Risk
890829482546,Energy Drink with High Caffeine #2414,Beverages,"carbonated water, sucrose, glucose, taurine, caffeine, inositol, niacinamide, pyridoxine, color e133, sodium benzoate",48.0,12.9,80.2,0.0,0.0,0.4,0.0,6,1,0,2,0,66,Moderate Risk
890762500494,Dark Chocolate 85% #2415,Bakery & Confectionery,"cocoa mass, cocoa butter, cane sugar, vanilla beans",524.7,12.3,14.5,28.2,0.0,8.6,10.0,0,0,0,0,0,90,Low Risk
890494138831,Flavored Fruit Yogurt #2416,Dairy,"milk, sugar, strawberries, modified corn starch, carmine color, potassium sorbate",102.1,19.3,68.6,1.6,0.0,4.4,0.5,3,1,0,1,0,76,Moderate Risk
890348203838,Processed Nacho Chips #2417,Snacks,"corn, vegetable fat, whey powder, disodium guanylate, artificial cheese flavor, yellow 6 lake",523.7,2.3,820.4,8.9,0.72,7.4,4.0,5,1,0,1,0,59,Moderate Risk
890227999536,Commercial Tomato Ketchup #2418,Spices & Condiments,"tomato paste, sugar, distilled vinegar, salt, onion powder, sodium benzoate, potassium sorbate, pectin",113.3,25.5,954.1,0.1,0.0,1.4,1.4,3,0,0,2,0,61,Moderate Risk
890949267953,Oat & Honey Granola Bar #2419,Bakery & Confectionery,"rolled oats, honey, almonds, crisped rice, sunflower oil, salt",471.4,15.9,169.7,2.1,0.0,9.1,5.6,0,0,0,0,0,99,Low Risk
890860458164,Cold Pressed Orange Juice #2420,Beverages,100% freshly pressed oranges,43.1,9.5,1.9,0.1,0.0,0.7,1.5,0,0,0,0,0,99,Low Risk
890852187595,Energy Drink with High Caffeine #2421,Beverages,"carbonated water, sucrose, glucose, taurine, caffeine, inositol, niacinamide, pyridoxine, color e133, sodium benzoate",42.6,14.2,89.4,0.0,0.0,0.4,0.0,6,1,0,2,0,65,Moderate Risk
890839306372,Baked Whole Grain Crackers #2422,Snacks,"whole wheat flour, canola oil, sea salt, malt extract",360.5,2.8,346.2,1.8,0.0,8.8,7.1,0,0,0,0,0,99,Low Risk
890813420276,Adulterated Low-Cost Paneer #2423,Dairy,"milk solids, vegetable oil, starch, sulfuric acid trace, detergent trace",276.1,3.7,510.4,15.9,2.76,9.8,0.0,4,0,0,2,1,5,High Risk
890774219912,Roasted Chickpeas #2424,Snacks,"chickpeas, olive oil, sea salt",324.7,2.1,294.9,1.4,0.0,19.2,17.3,0,0,0,0,0,99,Low Risk
890951338998,Low-Cost Synthetic Fruit Drink #2425,Beverages,"water, invert sugar syrup, metanil yellow, citric acid, clouding agent, artificial mango flavor, potassium metabisulphite",63.2,16.2,47.7,0.0,0.0,0.0,0.0,6,2,0,2,1,18,High Risk
890289526823,Skimmed Milk #2426,Dairy,"skimmed milk, vitamin a, vitamin d3",38.3,4.8,44.7,0.2,0.0,3.1,0.0,0,0,0,0,0,99,Low Risk
890750871639,Cottage Cheese (Paneer) #2427,Dairy,"pasteurized milk, citric acid",269.5,1.2,21.9,15.8,0.0,19.7,0.0,0,0,0,0,0,97,Low Risk
890289219927,Carbonated Cola Drink #2428,Beverages,"carbonated water, high fructose corn syrup, caramel color iv, phosphoric acid, caffeine, artificial flavors",40.0,11.2,13.2,0.0,0.0,0.0,0.0,4,1,0,1,0,77,Moderate Risk
890433779713,Pure Red Chilli Powder #2429,Spices & Condiments,100% dried red chillies,298.5,7.3,30.9,4.1,0.0,12.2,27.0,0,0,0,0,0,99,Low Risk
890275839936,Commercial Tomato Ketchup #2430,Spices & Condiments,"tomato paste, sugar, distilled vinegar, salt, onion powder, sodium benzoate, potassium sorbate, pectin",115.8,23.4,871.7,0.1,0.0,1.3,1.4,3,0,0,2,0,63,Moderate Risk
890805034645,Roasted Chickpeas #2431,Snacks,"chickpeas, olive oil, sea salt",367.9,2.0,304.8,1.1,0.0,18.1,18.0,0,0,0,0,0,99,Low Risk
890881603517,Industrial White Sandwich Bread #2432,Bakery & Confectionery,"refined wheat flour, sugar, yeast, palm oil, calcium propionate, emulsifier 481, flour treatment agent 300",300.0,4.5,478.2,1.1,0.25,8.5,2.1,4,0,0,2,0,84,Moderate Risk
890285206509,Pure Ground Turmeric Powder #2433,Spices & Condiments,100% turmeric rhizome powder,283.7,3.0,38.2,3.1,0.0,9.0,24.2,0,0,0,0,0,99,Low Risk
890367450882,Oat & Honey Granola Bar #2434,Bakery & Confectionery,"rolled oats, honey, almonds, crisped rice, sunflower oil, salt",402.8,15.0,178.2,2.2,0.0,9.2,5.3,0,0,0,0,0,99,Low Risk
890424495239,Fresh Butter #2435,Dairy,"pasteurized cream, salt",730.5,0.1,561.3,53.4,0.0,1.0,0.0,0,0,0,0,0,78,Low Risk
890547679741,Roasted Chickpeas #2436,Snacks,"chickpeas, olive oil, sea salt",413.7,2.4,238.5,1.3,0.0,20.2,15.6,0,0,0,0,0,99,Low Risk
890831880401,Low-Cost Synthetic Fruit Drink #2437,Beverages,"water, invert sugar syrup, metanil yellow, citric acid, clouding agent, artificial mango flavor, potassium metabisulphite",64.3,13.4,42.3,0.0,0.0,0.0,0.0,6,2,0,2,1,20,High Risk
890392493254,Instant Fried Noodles #2438,Snacks,"wheat flour, palm oil, salt, guar gum, flavor enhancer 621, caramel iv, sodium polyphosphate",492.8,2.5,1632.2,9.1,0.56,9.7,2.3,5,1,0,2,0,44,Moderate Risk
890642284815,Adulterated Turmeric with Metanil Yellow #2439,Spices & Condiments,"turmeric powder, lead chromate trace, chalk powder, metanil yellow color",214.5,2.4,204.5,1.8,0.0,5.3,11.3,3,1,0,0,1,56,High Risk
890242568398,Greek Plain Yogurt #2440,Dairy,"cultured pasteurized nonfat milk, live active cultures",50.5,4.0,38.0,0.4,0.0,10.9,0.0,0,0,0,0,0,99,Low Risk
890418304429,Whole Cow Milk #2441,Dairy,"milk, vitamin d3",62.8,5.4,44.4,3.4,0.0,3.0,0.0,0,0,0,0,0,99,Low Risk
890502030970,Whole Cow Milk #2442,Dairy,"milk, vitamin d3",70.8,5.5,50.5,3.2,0.0,3.4,0.0,0,0,0,0,0,99,Low Risk
890102068776,Oat & Honey Granola Bar #2443,Bakery & Confectionery,"rolled oats, honey, almonds, crisped rice, sunflower oil, salt",471.2,13.5,172.6,2.4,0.0,9.2,5.1,0,0,0,0,0,99,Low Risk
890375711775,Skimmed Milk #2444,Dairy,"skimmed milk, vitamin a, vitamin d3",40.2,4.6,57.4,0.2,0.0,3.2,0.0,0,0,0,0,0,99,Low Risk
890341552963,Whole Cow Milk #2445,Dairy,"milk, vitamin d3",65.9,4.2,51.4,3.4,0.0,3.4,0.0,0,0,0,0,0,99,Low Risk
890926333371,Extruded Spicy Puffs #2446,Snacks,"corn meal, palm olein, maltodextrin, sunset yellow fcf, tartrazine, tbhq, msg, artificial flavors",577.1,3.9,1447.2,16.1,1.22,5.0,1.4,7,2,0,2,1,5,High Risk
890635299695,Greek Plain Yogurt #2447,Dairy,"cultured pasteurized nonfat milk, live active cultures",52.7,3.9,34.6,0.4,0.0,10.9,0.0,0,0,0,0,0,99,Low Risk
890978417351,Flavored Fruit Yogurt #2448,Dairy,"milk, sugar, strawberries, modified corn starch, carmine color, potassium sorbate",123.8,18.4,62.7,1.6,0.0,3.9,0.5,3,1,0,1,0,77,Moderate Risk
890885392960,Diet Soda with Multiple Sweeteners #2449,Beverages,"carbonated water, aspartame, acesulfame potassium, caramel iv, sodium benzoate, phosphoric acid",1.0,0.0,35.7,0.0,0.0,0.0,0.0,5,1,2,1,0,66,Moderate Risk
890740081386,Pure Ground Turmeric Powder #2450,Spices & Condiments,100% turmeric rhizome powder,334.3,3.7,45.0,3.3,0.0,9.7,23.9,0,0,0,0,0,99,Low Risk
890288547635,Commercial Tomato Ketchup #2451,Spices & Condiments,"tomato paste, sugar, distilled vinegar, salt, onion powder, sodium benzoate, potassium sorbate, pectin",107.6,25.9,817.0,0.1,0.0,1.4,1.5,3,0,0,2,0,64,Moderate Risk
890106847257,Commercial Tomato Ketchup #2452,Spices & Condiments,"tomato paste, sugar, distilled vinegar, salt, onion powder, sodium benzoate, potassium sorbate, pectin",117.1,24.7,1054.7,0.1,0.0,1.5,1.6,3,0,0,2,0,59,Moderate Risk
890415545270,Greek Plain Yogurt #2453,Dairy,"cultured pasteurized nonfat milk, live active cultures",66.1,3.8,31.6,0.5,0.0,10.6,0.0,0,0,0,0,0,99,Low Risk
890523446698,Diet Soda with Multiple Sweeteners #2454,Beverages,"carbonated water, aspartame, acesulfame potassium, caramel iv, sodium benzoate, phosphoric acid",0.9,0.0,32.1,0.0,0.0,0.0,0.0,5,1,2,1,0,66,Moderate Risk
890984098102,Adulterated Chilli Powder with Sudan Dye #2455,Spices & Condiments,"red chilli powder, brick powder trace, sudan i dye, salt, mineral oil",251.3,4.3,594.6,3.7,0.0,5.8,15.1,4,1,0,0,1,50,High Risk
890199769143,Adulterated Chilli Powder with Sudan Dye #2456,Spices & Condiments,"red chilli powder, brick powder trace, sudan i dye, salt, mineral oil",258.8,4.5,561.6,3.4,0.0,5.9,12.7,4,1,0,0,1,51,High Risk
890248108744,Cottage Cheese (Paneer) #2457,Dairy,"pasteurized milk, citric acid",304.2,1.0,21.8,18.6,0.0,17.5,0.0,0,0,0,0,0,93,Low Risk
890537395930,Commercial Tomato Ketchup #2458,Spices & Condiments,"tomato paste, sugar, distilled vinegar, salt, onion powder, sodium benzoate, potassium sorbate, pectin",117.9,25.6,823.4,0.1,0.0,1.4,1.5,3,0,0,2,0,64,Moderate Risk
890188934424,Synthetic Colored Hard Candies #2459,Bakery & Confectionery,"sugar, liquid glucose, allura red, brilliant blue fcf, tartrazine, artificial fruit flavor, citric acid",350.7,85.5,87.4,0.0,0.0,0.0,0.0,5,3,0,1,1,5,High Risk
890935118318,Fried Street-Style Savory Mix #2460,Snacks,"refined flour, re-used palm oil, metanil yellow, excess salt, msg",496.4,1.3,1422.0,21.0,3.71,6.2,1.1,6,2,0,2,1,5,High Risk
890758237177,Skimmed Milk #2461,Dairy,"skimmed milk, vitamin a, vitamin d3",40.2,5.7,54.1,0.2,0.0,3.4,0.0,0,0,0,0,0,99,Low Risk
890964803127,Coconut Water 100% Pure #2462,Beverages,pure tender coconut water,21.7,3.7,28.9,0.1,0.0,0.6,1.2,0,0,0,0,0,99,Low Risk
890342212952,Processed Nacho Chips #2463,Snacks,"corn, vegetable fat, whey powder, disodium guanylate, artificial cheese flavor, yellow 6 lake",508.5,1.9,847.2,10.0,1.02,6.2,4.2,5,1,0,1,0,54,Moderate Risk
890219325778,Dark Chocolate 85% #2464,Bakery & Confectionery,"cocoa mass, cocoa butter, cane sugar, vanilla beans",661.3,15.6,16.7,31.1,0.0,8.6,10.3,0,0,0,0,0,87,Low Risk
890481089262,Pure Extra Virgin Olive Oil #2465,Spices & Condiments,100% extra virgin cold pressed olive oil,927.9,0.0,2.2,15.6,0.0,0.0,0.0,0,0,0,0,0,89,Low Risk
890325164726,Carbonated Cola Drink #2466,Beverages,"carbonated water, high fructose corn syrup, caramel color iv, phosphoric acid, caffeine, artificial flavors",37.4,10.9,12.7,0.0,0.0,0.0,0.0,4,1,0,1,0,77,Moderate Risk
890301124128,Whole Cow Milk #2467,Dairy,"milk, vitamin d3",62.3,5.1,40.7,3.1,0.0,2.9,0.0,0,0,0,0,0,99,Low Risk
890126611115,Oat & Honey Granola Bar #2468,Bakery & Confectionery,"rolled oats, honey, almonds, crisped rice, sunflower oil, salt",363.6,14.9,209.3,2.5,0.0,7.7,5.6,0,0,0,0,0,99,Low Risk
890663432044,100% Whole Wheat Sourdough #2469,Bakery & Confectionery,"whole wheat flour, water, sourdough culture, sea salt",206.0,1.5,449.6,0.6,0.0,9.9,6.4,0,0,0,0,0,99,Low Risk
890766522041,Commercial Tomato Ketchup #2470,Spices & Condiments,"tomato paste, sugar, distilled vinegar, salt, onion powder, sodium benzoate, potassium sorbate, pectin",126.8,29.2,942.2,0.1,0.0,1.3,1.6,3,0,0,2,0,57,Moderate Risk
890663491816,Synthetic Colored Hard Candies #2471,Bakery & Confectionery,"sugar, liquid glucose, allura red, brilliant blue fcf, tartrazine, artificial fruit flavor, citric acid",363.2,66.0,89.3,0.0,0.0,0.0,0.0,5,3,0,1,1,5,High Risk
890453930472,Flavored Fruit Yogurt #2472,Dairy,"milk, sugar, strawberries, modified corn starch, carmine color, potassium sorbate",118.7,17.5,70.1,1.6,0.0,3.7,0.5,3,1,0,1,0,77,Moderate Risk
890349768412,Synthetic Milk Sample #2473,Dairy,"urea, detergent, refined vegetable oil, caustic soda, water",161.5,0.5,840.2,16.2,4.27,1.2,0.0,5,0,0,3,1,5,High Risk
890199879269,Processed Nacho Chips #2474,Snacks,"corn, vegetable fat, whey powder, disodium guanylate, artificial cheese flavor, yellow 6 lake",540.3,1.9,855.6,8.9,0.97,6.9,4.3,5,1,0,1,0,55,Moderate Risk
890870663266,Adulterated Mustard Oil with Argemone #2475,Spices & Condiments,"mustard oil, argemone oil, mineral oil, butter yellow dye",975.2,0.0,5.9,10.5,1.71,0.0,0.0,3,1,0,0,1,13,High Risk
890940986895,Commercial Potato Crisps #2476,Snacks,"potatoes, palm oil, salt, monosodium glutamate, flavor enhancer 635, dextrose",596.7,0.8,844.8,12.6,0.66,6.6,2.9,4,0,0,1,0,60,Moderate Risk
890570844353,Roasted Chickpeas #2477,Snacks,"chickpeas, olive oil, sea salt",418.4,1.8,262.4,1.2,0.0,20.3,18.4,0,0,0,0,0,99,Low Risk
890308985453,Pure Green Tea Bag #2478,Beverages,100% organic green tea leaves,1.1,0.0,0.9,0.0,0.0,0.2,0.0,0,0,0,0,0,99,Low Risk
890257926022,Commercial Potato Crisps #2479,Snacks,"potatoes, palm oil, salt, monosodium glutamate, flavor enhancer 635, dextrose",594.2,0.7,660.7,11.5,0.44,7.1,3.3,4,0,0,1,0,78,Moderate Risk
890748073285,Adulterated Turmeric with Metanil Yellow #2480,Spices & Condiments,"turmeric powder, lead chromate trace, chalk powder, metanil yellow color",279.2,2.1,202.1,1.6,0.0,4.5,12.4,3,1,0,0,1,56,High Risk
890813503575,Whole Cow Milk #2481,Dairy,"milk, vitamin d3",71.1,5.0,45.7,3.0,0.0,3.4,0.0,0,0,0,0,0,99,Low Risk
890733092737,Instant Fried Noodles #2482,Snacks,"wheat flour, palm oil, salt, guar gum, flavor enhancer 621, caramel iv, sodium polyphosphate",485.5,3.2,1607.2,8.9,0.73,8.7,2.6,5,1,0,2,0,41,Moderate Risk
890451348099,Synthetic Colored Hard Candies #2483,Bakery & Confectionery,"sugar, liquid glucose, allura red, brilliant blue fcf, tartrazine, artificial fruit flavor, citric acid",424.1,68.2,75.8,0.0,0.0,0.0,0.0,5,3,0,1,1,5,High Risk
890610453625,Whole Cow Milk #2484,Dairy,"milk, vitamin d3",58.4,5.4,50.7,3.4,0.0,3.0,0.0,0,0,0,0,0,99,Low Risk
890938035195,Extruded Spicy Puffs #2485,Snacks,"corn meal, palm olein, maltodextrin, sunset yellow fcf, tartrazine, tbhq, msg, artificial flavors",630.2,4.9,1094.3,14.4,1.41,4.9,1.4,7,2,0,2,1,5,High Risk
890984574479,Carbonated Cola Drink #2486,Beverages,"carbonated water, high fructose corn syrup, caramel color iv, phosphoric acid, caffeine, artificial flavors",46.4,9.7,14.0,0.0,0.0,0.0,0.0,4,1,0,1,0,78,Moderate Risk
890176972520,Diet Soda with Multiple Sweeteners #2487,Beverages,"carbonated water, aspartame, acesulfame potassium, caramel iv, sodium benzoate, phosphoric acid",0.9,0.0,40.3,0.0,0.0,0.0,0.0,5,1,2,1,0,66,Moderate Risk
890379314170,Whole Cow Milk #2488,Dairy,"milk, vitamin d3",61.0,4.5,45.6,3.7,0.0,3.0,0.0,0,0,0,0,0,99,Low Risk
890552896307,Synthetic Colored Hard Candies #2489,Bakery & Confectionery,"sugar, liquid glucose, allura red, brilliant blue fcf, tartrazine, artificial fruit flavor, citric acid",375.8,70.3,95.3,0.0,0.0,0.0,0.0,5,3,0,1,1,5,High Risk
890218244345,Processed Nacho Chips #2490,Snacks,"corn, vegetable fat, whey powder, disodium guanylate, artificial cheese flavor, yellow 6 lake",468.2,2.0,1034.4,10.9,0.99,7.0,4.2,5,1,0,1,0,45,Moderate Risk
890942025188,Fresh Butter #2491,Dairy,"pasteurized cream, salt",656.8,0.1,584.2,45.3,0.0,0.8,0.0,0,0,0,0,0,78,Low Risk
890465730152,Fresh Butter #2492,Dairy,"pasteurized cream, salt",640.6,0.1,667.6,47.2,0.0,0.9,0.0,0,0,0,0,0,76,Moderate Risk
890871120510,Carbonated Cola Drink #2493,Beverages,"carbonated water, high fructose corn syrup, caramel color iv, phosphoric acid, caffeine, artificial flavors",39.6,11.7,12.7,0.0,0.0,0.0,0.0,4,1,0,1,0,77,Moderate Risk
890131054905,100% Whole Wheat Sourdough #2494,Bakery & Confectionery,"whole wheat flour, water, sourdough culture, sea salt",213.8,1.6,494.8,0.5,0.0,10.2,6.1,0,0,0,0,0,99,Low Risk
890271202347,Dark Chocolate 85% #2495,Bakery & Confectionery,"cocoa mass, cocoa butter, cane sugar, vanilla beans",626.2,13.0,17.9,31.4,0.0,9.0,11.0,0,0,0,0,0,90,Low Risk
890214512207,Commercial Potato Crisps #2496,Snacks,"potatoes, palm oil, salt, monosodium glutamate, flavor enhancer 635, dextrose",530.8,0.9,777.8,10.5,0.39,7.1,2.9,4,0,0,1,0,77,Moderate Risk
890399737570,Adulterated Chilli Powder with Sudan Dye #2497,Spices & Condiments,"red chilli powder, brick powder trace, sudan i dye, salt, mineral oil",319.2,4.6,679.4,4.1,0.0,6.2,12.9,4,1,0,0,1,49,High Risk
890700319524,Fried Street-Style Savory Mix #2498,Snacks,"refined flour, re-used palm oil, metanil yellow, excess salt, msg",623.8,1.8,1443.6,22.5,3.55,6.5,1.0,6,2,0,2,1,5,High Risk
890746639434,Adulterated Butter with Animal Fat & Starch #2499,Dairy,"milk fat, animal tallow, starch, yellow dye 5, preservative",581.0,0.5,733.6,56.4,3.95,0.5,0.0,4,1,0,2,1,5,High Risk
890711307917,Cottage Cheese (Paneer) #2500,Dairy,"pasteurized milk, citric acid",303.8,1.4,25.6,16.5,0.0,18.6,0.0,0,0,0,0,0,96,Low Risk
890550106728,Carbonated Cola Drink #2501,Beverages,"carbonated water, high fructose corn syrup, caramel color iv, phosphoric acid, caffeine, artificial flavors",42.5,9.5,12.3,0.0,0.0,0.0,0.0,4,1,0,1,0,78,Moderate Risk
890162736907,Cold Pressed Orange Juice #2502,Beverages,100% freshly pressed oranges,51.2,9.5,1.9,0.1,0.0,0.8,1.4,0,0,0,0,0,99,Low Risk
890757149528,Skimmed Milk #2503,Dairy,"skimmed milk, vitamin a, vitamin d3",39.3,5.5,59.0,0.2,0.0,3.7,0.0,0,0,0,0,0,99,Low Risk
890515627927,Roasted Chickpeas #2504,Snacks,"chickpeas, olive oil, sea salt",334.8,1.8,289.4,1.2,0.0,20.6,17.6,0,0,0,0,0,99,Low Risk
890784596001,Instant Fried Noodles #2505,Snacks,"wheat flour, palm oil, salt, guar gum, flavor enhancer 621, caramel iv, sodium polyphosphate",394.3,3.1,2049.4,11.5,0.65,8.8,2.3,5,1,0,2,0,36,High Risk
890354246899,Cold Pressed Orange Juice #2506,Beverages,100% freshly pressed oranges,48.5,7.6,2.3,0.1,0.0,0.7,1.6,0,0,0,0,0,99,Low Risk
890188698342,Standard Processed Cheese #2507,Dairy,"milk, salt, cheese cultures, enzymes, sodium phosphate, annatto",284.5,1.4,1022.0,19.2,0.78,18.8,0.0,3,1,0,1,0,49,Moderate Risk
890632670605,Pure Ground Turmeric Powder #2508,Spices & Condiments,100% turmeric rhizome powder,292.2,2.8,37.1,3.2,0.0,9.7,22.7,0,0,0,0,0,99,Low Risk
890693286705,Roasted Chickpeas #2509,Snacks,"chickpeas, olive oil, sea salt",410.2,1.8,315.9,1.2,0.0,19.9,17.6,0,0,0,0,0,99,Low Risk
890770229461,Greek Plain Yogurt #2510,Dairy,"cultured pasteurized nonfat milk, live active cultures",66.7,3.5,41.3,0.4,0.0,10.3,0.0,0,0,0,0,0,99,Low Risk
890698432487,Commercial Potato Crisps #2511,Snacks,"potatoes, palm oil, salt, monosodium glutamate, flavor enhancer 635, dextrose",506.2,0.9,703.2,11.3,0.64,6.9,3.4,4,0,0,1,0,68,Moderate Risk
890856116320,Dark Chocolate 85% #2512,Bakery & Confectionery,"cocoa mass, cocoa butter, cane sugar, vanilla beans",588.4,14.2,14.3,30.6,0.0,9.0,11.6,0,0,0,0,0,90,Low Risk
890662057073,Industrial White Sandwich Bread #2513,Bakery & Confectionery,"refined wheat flour, sugar, yeast, palm oil, calcium propionate, emulsifier 481, flour treatment agent 300",254.4,4.7,453.1,1.3,0.16,7.5,1.8,4,0,0,2,0,84,Moderate Risk
890958428702,Cream-Filled Sandwich Cookies #2514,Bakery & Confectionery,"refined wheat flour, sugar, hydrogenated palm oil, cocoa, high fructose corn syrup, soy lecithin, vanillin, artificial chocolate flavor, tbhq",548.9,33.5,405.9,9.7,1.89,4.9,1.8,5,0,0,2,1,5,High Risk
890628795693,Low-Cost Synthetic Fruit Drink #2515,Beverages,"water, invert sugar syrup, metanil yellow, citric acid, clouding agent, artificial mango flavor, potassium metabisulphite",58.6,15.2,39.4,0.0,0.0,0.0,0.0,6,2,0,2,1,19,High Risk
890707286652,Oat & Honey Granola Bar #2516,Bakery & Confectionery,"rolled oats, honey, almonds, crisped rice, sunflower oil, salt",356.7,17.0,155.4,2.3,0.0,9.3,5.3,0,0,0,0,0,99,Low Risk
890522458476,Organic Trail Mix #2517,Snacks,"almonds, walnuts, raisins, sunflower seeds, pumpkin seeds",520.1,20.2,16.4,4.6,0.0,15.0,8.8,0,0,0,0,0,99,Moderate Risk
890326369844,Instant Fried Noodles #2518,Snacks,"wheat flour, palm oil, salt, guar gum, flavor enhancer 621, caramel iv, sodium polyphosphate",463.5,3.0,2039.8,11.7,0.46,9.2,2.3,5,1,0,2,0,45,Moderate Risk
890458544858,Pure Ground Turmeric Powder #2519,Spices & Condiments,100% turmeric rhizome powder,304.9,2.7,40.8,2.4,0.0,8.8,19.8,0,0,0,0,0,99,Low Risk
890318348342,Fresh Butter #2520,Dairy,"pasteurized cream, salt",793.8,0.1,603.3,57.2,0.0,0.8,0.0,0,0,0,0,0,77,Moderate Risk
890319314425,Adulterated Turmeric with Metanil Yellow #2521,Spices & Condiments,"turmeric powder, lead chromate trace, chalk powder, metanil yellow color",286.8,1.7,160.1,1.6,0.0,4.6,12.3,3,1,0,0,1,56,High Risk
890947477021,Dark Chocolate 85% #2522,Bakery & Confectionery,"cocoa mass, cocoa butter, cane sugar, vanilla beans",601.2,13.4,15.5,27.3,0.0,9.1,11.8,0,0,0,0,0,90,Low Risk
890810020909,Adulterated Low-Cost Paneer #2523,Dairy,"milk solids, vegetable oil, starch, sulfuric acid trace, detergent trace",288.8,3.9,542.4,18.1,2.55,9.1,0.0,4,0,0,2,1,5,High Risk
890540778723,Adulterated Mustard Oil with Argemone #2524,Spices & Condiments,"mustard oil, argemone oil, mineral oil, butter yellow dye",938.9,0.0,5.4,14.4,1.77,0.0,0.0,3,1,0,0,1,9,High Risk
890405347713,Adulterated Low-Cost Paneer #2525,Dairy,"milk solids, vegetable oil, starch, sulfuric acid trace, detergent trace",266.2,3.6,529.2,17.3,2.69,9.3,0.0,4,0,0,2,1,5,High Risk
890534912732,Roasted Chickpeas #2526,Snacks,"chickpeas, olive oil, sea salt",412.3,2.4,260.1,1.0,0.0,19.6,16.3,0,0,0,0,0,99,Low Risk
890468448967,Cold Pressed Orange Juice #2527,Beverages,100% freshly pressed oranges,45.0,10.2,1.7,0.1,0.0,0.7,1.5,0,0,0,0,0,99,Low Risk
890129847445,Synthetic Milk Sample #2528,Dairy,"urea, detergent, refined vegetable oil, caustic soda, water",163.5,0.5,969.4,13.7,4.45,1.3,0.0,5,0,0,3,1,5,High Risk
890629637878,Extruded Spicy Puffs #2529,Snacks,"corn meal, palm olein, maltodextrin, sunset yellow fcf, tartrazine, tbhq, msg, artificial flavors",627.4,4.5,1511.1,17.5,1.36,5.4,1.5,7,2,0,2,1,5,High Risk
890959052678,Adulterated Mustard Oil with Argemone #2530,Spices & Condiments,"mustard oil, argemone oil, mineral oil, butter yellow dye",883.1,0.0,5.4,11.6,1.62,0.0,0.0,3,1,0,0,1,14,High Risk
890544540979,Standard Processed Cheese #2531,Dairy,"milk, salt, cheese cultures, enzymes, sodium phosphate, annatto",300.3,1.3,1248.3,24.0,0.7,17.3,0.0,3,1,0,1,0,40,Moderate Risk
890642530104,Industrial White Sandwich Bread #2532,Bakery & Confectionery,"refined wheat flour, sugar, yeast, palm oil, calcium propionate, emulsifier 481, flour treatment agent 300",283.1,4.7,448.7,1.2,0.12,7.5,2.1,4,0,0,2,0,84,Moderate Risk
890688267976,Cream-Filled Sandwich Cookies #2533,Bakery & Confectionery,"refined wheat flour, sugar, hydrogenated palm oil, cocoa, high fructose corn syrup, soy lecithin, vanillin, artificial chocolate flavor, tbhq",466.6,38.0,407.2,10.5,1.84,4.9,2.1,5,0,0,2,1,5,High Risk
890802012741,Dark Chocolate 85% #2534,Bakery & Confectionery,"cocoa mass, cocoa butter, cane sugar, vanilla beans",514.4,12.7,14.0,27.6,0.0,8.2,10.2,0,0,0,0,0,89,Low Risk
890545887451,Instant Fried Noodles #2535,Snacks,"wheat flour, palm oil, salt, guar gum, flavor enhancer 621, caramel iv, sodium polyphosphate",487.5,3.2,1579.0,11.2,0.46,8.6,2.7,5,1,0,2,0,46,Moderate Risk
890892337400,Carbonated Cola Drink #2536,Beverages,"carbonated water, high fructose corn syrup, caramel color iv, phosphoric acid, caffeine, artificial flavors",48.3,10.5,12.5,0.0,0.0,0.0,0.0,4,1,0,1,0,78,Moderate Risk
890611587695,Cold Pressed Orange Juice #2537,Beverages,100% freshly pressed oranges,47.6,10.5,2.1,0.1,0.0,0.7,1.4,0,0,0,0,0,99,Low Risk
890290121990,Standard Processed Cheese #2538,Dairy,"milk, salt, cheese cultures, enzymes, sodium phosphate, annatto",327.3,1.1,1337.6,20.1,0.69,17.0,0.0,3,1,0,1,0,42,Moderate Risk
890774447297,Pure Red Chilli Powder #2539,Spices & Condiments,100% dried red chillies,276.3,8.2,32.6,3.5,0.0,11.9,28.4,0,0,0,0,0,99,Low Risk
890639866104,Adulterated Low-Cost Paneer #2540,Dairy,"milk solids, vegetable oil, starch, sulfuric acid trace, detergent trace",256.5,3.3,446.4,17.8,2.67,9.1,0.0,4,0,0,2,1,5,High Risk
890891540309,Synthetic Colored Hard Candies #2541,Bakery & Confectionery,"sugar, liquid glucose, allura red, brilliant blue fcf, tartrazine, artificial fruit flavor, citric acid",339.7,81.8,73.5,0.0,0.0,0.0,0.0,5,3,0,1,1,5,High Risk
890758349470,Flavored Fruit Yogurt #2542,Dairy,"milk, sugar, strawberries, modified corn starch, carmine color, potassium sorbate",98.2,19.7,66.9,1.5,0.0,4.1,0.5,3,1,0,1,0,76,Moderate Risk
890501788724,Whole Cow Milk #2543,Dairy,"milk, vitamin d3",53.6,5.3,48.0,3.2,0.0,3.4,0.0,0,0,0,0,0,99,Low Risk
890488682348,Skimmed Milk #2544,Dairy,"skimmed milk, vitamin a, vitamin d3",37.8,5.8,44.7,0.2,0.0,3.7,0.0,0,0,0,0,0,99,Low Risk
890672209435,Adulterated Butter with Animal Fat & Starch #2545,Dairy,"milk fat, animal tallow, starch, yellow dye 5, preservative",720.9,0.6,689.1,61.8,3.91,0.5,0.0,4,1,0,2,1,5,High Risk
890432026071,Adulterated Butter with Animal Fat & Starch #2546,Dairy,"milk fat, animal tallow, starch, yellow dye 5, preservative",725.4,0.6,630.6,60.2,3.93,0.5,0.0,4,1,0,2,1,5,High Risk
890930646406,Fresh Butter #2547,Dairy,"pasteurized cream, salt",773.9,0.1,621.9,60.0,0.0,0.9,0.0,0,0,0,0,0,77,Moderate Risk
890132391377,Extruded Spicy Puffs #2548,Snacks,"corn meal, palm olein, maltodextrin, sunset yellow fcf, tartrazine, tbhq, msg, artificial flavors",581.0,4.5,1315.0,19.0,1.18,5.2,1.6,7,2,0,2,1,5,High Risk
890345409931,Oat & Honey Granola Bar #2549,Bakery & Confectionery,"rolled oats, honey, almonds, crisped rice, sunflower oil, salt",365.4,15.7,209.5,2.5,0.0,9.3,5.1,0,0,0,0,0,99,Low Risk
890250345905,Cream-Filled Sandwich Cookies #2550,Bakery & Confectionery,"refined wheat flour, sugar, hydrogenated palm oil, cocoa, high fructose corn syrup, soy lecithin, vanillin, artificial chocolate flavor, tbhq",423.1,41.4,405.7,8.8,2.05,4.3,2.2,5,0,0,2,1,5,High Risk
890553354685,Pure Ground Turmeric Powder #2551,Spices & Condiments,100% turmeric rhizome powder,310.1,3.6,44.6,2.5,0.0,9.1,23.1,0,0,0,0,0,99,Low Risk
890700193350,Adulterated Turmeric with Metanil Yellow #2552,Spices & Condiments,"turmeric powder, lead chromate trace, chalk powder, metanil yellow color",254.9,2.0,162.6,1.6,0.0,4.6,11.1,3,1,0,0,1,55,High Risk
890970772741,Coconut Water 100% Pure #2553,Beverages,pure tender coconut water,18.1,3.0,25.1,0.1,0.0,0.7,1.2,0,0,0,0,0,99,Low Risk
890164634418,Flavored Fruit Yogurt #2554,Dairy,"milk, sugar, strawberries, modified corn starch, carmine color, potassium sorbate",115.3,17.9,58.7,1.6,0.0,4.3,0.5,3,1,0,1,0,77,Moderate Risk
890607751553,Fresh Butter #2555,Dairy,"pasteurized cream, salt",706.8,0.1,497.2,56.6,0.0,0.9,0.0,0,0,0,0,0,79,Low Risk
890764288961,Commercial Potato Crisps #2556,Snacks,"potatoes, palm oil, salt, monosodium glutamate, flavor enhancer 635, dextrose",504.9,0.9,874.4,14.0,0.31,6.7,3.2,4,0,0,1,0,68,Moderate Risk
890303978491,Extruded Spicy Puffs #2557,Snacks,"corn meal, palm olein, maltodextrin, sunset yellow fcf, tartrazine, tbhq, msg, artificial flavors",544.2,4.9,1515.4,16.6,1.12,4.8,1.4,7,2,0,2,1,5,High Risk
890542744707,Baked Whole Grain Crackers #2558,Snacks,"whole wheat flour, canola oil, sea salt, malt extract",470.8,2.9,419.9,1.7,0.0,9.7,7.1,0,0,0,0,0,99,Low Risk
890955317028,Instant Fried Noodles #2559,Snacks,"wheat flour, palm oil, salt, guar gum, flavor enhancer 621, caramel iv, sodium polyphosphate",432.9,3.2,1986.7,8.7,0.59,9.5,2.7,5,1,0,2,0,44,Moderate Risk
890534354431,Industrial White Sandwich Bread #2560,Bakery & Confectionery,"refined wheat flour, sugar, yeast, palm oil, calcium propionate, emulsifier 481, flour treatment agent 300",261.5,5.6,544.5,1.1,0.08,8.0,2.2,4,0,0,2,0,83,Moderate Risk
890143892147,Cream-Filled Sandwich Cookies #2561,Bakery & Confectionery,"refined wheat flour, sugar, hydrogenated palm oil, cocoa, high fructose corn syrup, soy lecithin, vanillin, artificial chocolate flavor, tbhq",437.4,41.6,345.6,11.4,1.73,4.3,1.9,5,0,0,2,1,5,High Risk
890729834233,Carbonated Cola Drink #2562,Beverages,"carbonated water, high fructose corn syrup, caramel color iv, phosphoric acid, caffeine, artificial flavors",36.3,10.6,11.9,0.0,0.0,0.0,0.0,4,1,0,1,0,78,Moderate Risk
890981141766,Standard Processed Cheese #2563,Dairy,"milk, salt, cheese cultures, enzymes, sodium phosphate, annatto",344.9,1.1,1295.6,20.8,0.64,18.1,0.0,3,1,0,1,0,43,Moderate Risk
890820258926,Pure Ground Turmeric Powder #2564,Spices & Condiments,100% turmeric rhizome powder,347.1,3.4,36.2,2.5,0.0,9.1,20.4,0,0,0,0,0,99,Low Risk
890337531279,Carbonated Cola Drink #2565,Beverages,"carbonated water, high fructose corn syrup, caramel color iv, phosphoric acid, caffeine, artificial flavors",41.7,10.7,11.6,0.0,0.0,0.0,0.0,4,1,0,1,0,77,Moderate Risk
890130026522,Dark Chocolate 85% #2566,Bakery & Confectionery,"cocoa mass, cocoa butter, cane sugar, vanilla beans",603.7,12.6,17.2,30.3,0.0,8.5,10.0,0,0,0,0,0,89,Low Risk
890435670913,Pure Green Tea Bag #2567,Beverages,100% organic green tea leaves,1.1,0.0,1.0,0.0,0.0,0.2,0.0,0,0,0,0,0,99,Low Risk
890141351697,Baked Whole Grain Crackers #2568,Snacks,"whole wheat flour, canola oil, sea salt, malt extract",473.1,2.5,425.2,1.8,0.0,9.3,7.3,0,0,0,0,0,99,Low Risk
890110500399,Adulterated Mustard Oil with Argemone #2569,Spices & Condiments,"mustard oil, argemone oil, mineral oil, butter yellow dye",949.6,0.0,5.7,14.3,1.7,0.0,0.0,3,1,0,0,1,10,High Risk
890678037119,Adulterated Mustard Oil with Argemone #2570,Spices & Condiments,"mustard oil, argemone oil, mineral oil, butter yellow dye",834.4,0.0,5.8,13.6,1.42,0.0,0.0,3,1,0,0,1,15,High Risk
890491204305,Flavored Fruit Yogurt #2571,Dairy,"milk, sugar, strawberries, modified corn starch, carmine color, potassium sorbate",96.2,19.5,68.2,1.8,0.0,4.1,0.5,3,1,0,1,0,76,Moderate Risk
890923874552,Extruded Spicy Puffs #2572,Snacks,"corn meal, palm olein, maltodextrin, sunset yellow fcf, tartrazine, tbhq, msg, artificial flavors",492.7,4.2,1441.0,15.6,1.25,4.7,1.4,7,2,0,2,1,5,High Risk
890463296524,Carbonated Cola Drink #2573,Beverages,"carbonated water, high fructose corn syrup, caramel color iv, phosphoric acid, caffeine, artificial flavors",43.6,12.4,13.1,0.0,0.0,0.0,0.0,4,1,0,1,0,76,Moderate Risk
890359027887,Synthetic Colored Hard Candies #2574,Bakery & Confectionery,"sugar, liquid glucose, allura red, brilliant blue fcf, tartrazine, artificial fruit flavor, citric acid",407.9,86.0,90.1,0.0,0.0,0.0,0.0,5,3,0,1,1,5,High Risk
890913621258,Energy Drink with High Caffeine #2575,Beverages,"carbonated water, sucrose, glucose, taurine, caffeine, inositol, niacinamide, pyridoxine, color e133, sodium benzoate",41.1,13.2,69.2,0.0,0.0,0.4,0.0,6,1,0,2,0,66,Moderate Risk
890773573489,Pure Ground Turmeric Powder #2576,Spices & Condiments,100% turmeric rhizome powder,296.4,2.9,39.5,3.3,0.0,9.7,20.7,0,0,0,0,0,99,Low Risk
890279914130,Commercial Potato Crisps #2577,Snacks,"potatoes, palm oil, salt, monosodium glutamate, flavor enhancer 635, dextrose",475.9,0.7,772.7,11.1,0.48,6.7,3.4,4,0,0,1,0,77,Moderate Risk
890354101796,Pure Red Chilli Powder #2578,Spices & Condiments,100% dried red chillies,311.8,7.2,32.6,3.5,0.0,11.3,24.6,0,0,0,0,0,99,Low Risk
890547358569,Processed Nacho Chips #2579,Snacks,"corn, vegetable fat, whey powder, disodium guanylate, artificial cheese flavor, yellow 6 lake",461.2,1.7,1045.7,9.5,0.8,7.3,4.3,5,1,0,1,0,54,Moderate Risk
890588660226,Cold Pressed Orange Juice #2580,Beverages,100% freshly pressed oranges,38.9,9.9,1.8,0.1,0.0,0.7,1.6,0,0,0,0,0,99,Low Risk
890996743363,Carbonated Cola Drink #2581,Beverages,"carbonated water, high fructose corn syrup, caramel color iv, phosphoric acid, caffeine, artificial flavors",44.7,12.0,13.7,0.0,0.0,0.0,0.0,4,1,0,1,0,76,Moderate Risk
890282977422,Energy Drink with High Caffeine #2582,Beverages,"carbonated water, sucrose, glucose, taurine, caffeine, inositol, niacinamide, pyridoxine, color e133, sodium benzoate",45.5,10.4,86.7,0.0,0.0,0.4,0.0,6,1,0,2,0,68,Moderate Risk
890751504339,Adulterated Turmeric with Metanil Yellow #2583,Spices & Condiments,"turmeric powder, lead chromate trace, chalk powder, metanil yellow color",251.1,1.8,162.4,1.8,0.0,4.7,12.9,3,1,0,0,1,56,High Risk
890724042384,Extruded Spicy Puffs #2584,Snacks,"corn meal, palm olein, maltodextrin, sunset yellow fcf, tartrazine, tbhq, msg, artificial flavors",482.5,4.3,1281.2,19.4,1.24,4.8,1.6,7,2,0,2,1,5,High Risk
890643175684,Carbonated Cola Drink #2585,Beverages,"carbonated water, high fructose corn syrup, caramel color iv, phosphoric acid, caffeine, artificial flavors",40.1,10.4,10.3,0.0,0.0,0.0,0.0,4,1,0,1,0,78,Moderate Risk
890580727951,Extruded Spicy Puffs #2586,Snacks,"corn meal, palm olein, maltodextrin, sunset yellow fcf, tartrazine, tbhq, msg, artificial flavors",594.5,4.6,1291.5,14.2,1.36,5.0,1.4,7,2,0,2,1,5,High Risk
890750715946,Pure Ground Turmeric Powder #2587,Spices & Condiments,100% turmeric rhizome powder,339.5,3.7,41.3,2.9,0.0,10.2,20.2,0,0,0,0,0,99,Low Risk
890516901408,Fried Street-Style Savory Mix #2588,Snacks,"refined flour, re-used palm oil, metanil yellow, excess salt, msg",555.0,1.7,1491.6,23.6,3.4,5.8,0.9,6,2,0,2,1,5,High Risk
890950068138,Organic Trail Mix #2589,Snacks,"almonds, walnuts, raisins, sunflower seeds, pumpkin seeds",526.9,18.0,16.2,4.7,0.0,15.3,8.4,0,0,0,0,0,99,Low Risk
890248381370,Adulterated Low-Cost Paneer #2590,Dairy,"milk solids, vegetable oil, starch, sulfuric acid trace, detergent trace",276.1,4.0,431.1,18.4,2.49,9.2,0.0,4,0,0,2,1,5,High Risk
890979823539,Organic Trail Mix #2591,Snacks,"almonds, walnuts, raisins, sunflower seeds, pumpkin seeds",447.1,16.4,15.2,4.2,0.0,15.3,8.7,0,0,0,0,0,99,Low Risk
890291940040,Whole Cow Milk #2592,Dairy,"milk, vitamin d3",59.0,5.1,48.8,3.0,0.0,3.1,0.0,0,0,0,0,0,99,Low Risk
890310102145,Standard Processed Cheese #2593,Dairy,"milk, salt, cheese cultures, enzymes, sodium phosphate, annatto",273.4,1.3,1103.3,19.8,0.42,19.1,0.0,3,1,0,1,0,58,Moderate Risk
890564867393,Baked Whole Grain Crackers #2594,Snacks,"whole wheat flour, canola oil, sea salt, malt extract",428.2,2.4,394.2,1.8,0.0,9.3,7.8,0,0,0,0,0,99,Low Risk
890910381149,Extruded Spicy Puffs #2595,Snacks,"corn meal, palm olein, maltodextrin, sunset yellow fcf, tartrazine, tbhq, msg, artificial flavors",596.3,4.9,1120.1,15.9,1.18,4.9,1.4,7,2,0,2,1,5,High Risk
890960450509,Skimmed Milk #2596,Dairy,"skimmed milk, vitamin a, vitamin d3",31.6,5.8,46.2,0.2,0.0,3.5,0.0,0,0,0,0,0,99,Low Risk
890627000658,Energy Drink with High Caffeine #2597,Beverages,"carbonated water, sucrose, glucose, taurine, caffeine, inositol, niacinamide, pyridoxine, color e133, sodium benzoate",54.8,11.8,72.0,0.0,0.0,0.4,0.0,6,1,0,2,0,67,Moderate Risk
890627131539,Oat & Honey Granola Bar #2598,Bakery & Confectionery,"rolled oats, honey, almonds, crisped rice, sunflower oil, salt",442.6,15.4,205.6,2.0,0.0,9.1,5.6,0,0,0,0,0,99,Low Risk
890248377358,Adulterated Low-Cost Paneer #2599,Dairy,"milk solids, vegetable oil, starch, sulfuric acid trace, detergent trace",323.1,3.3,428.4,17.6,2.55,9.1,0.0,4,0,0,2,1,5,High Risk
890467669701,Fried Street-Style Savory Mix #2600,Snacks,"refined flour, re-used palm oil, metanil yellow, excess salt, msg",587.9,1.3,1323.6,19.8,3.76,5.9,0.9,6,2,0,2,1,5,High Risk
890717073258,100% Whole Wheat Sourdough #2601,Bakery & Confectionery,"whole wheat flour, water, sourdough culture, sea salt",230.2,1.5,449.2,0.5,0.0,9.6,6.4,0,0,0,0,0,99,Low Risk
890704300789,Baked Whole Grain Crackers #2602,Snacks,"whole wheat flour, canola oil, sea salt, malt extract",444.0,3.0,399.3,2.0,0.0,9.3,6.8,0,0,0,0,0,99,Low Risk
890978532814,Cream-Filled Sandwich Cookies #2603,Bakery & Confectionery,"refined wheat flour, sugar, hydrogenated palm oil, cocoa, high fructose corn syrup, soy lecithin, vanillin, artificial chocolate flavor, tbhq",446.1,37.3,380.3,10.2,1.93,4.8,2.0,5,0,0,2,1,5,High Risk
890890064903,Low-Cost Synthetic Fruit Drink #2604,Beverages,"water, invert sugar syrup, metanil yellow, citric acid, clouding agent, artificial mango flavor, potassium metabisulphite",64.4,15.5,40.3,0.0,0.0,0.0,0.0,6,2,0,2,1,19,High Risk
890658219344,Pure Ground Turmeric Powder #2605,Spices & Condiments,100% turmeric rhizome powder,341.6,3.8,40.0,2.5,0.0,10.2,23.4,0,0,0,0,0,99,Low Risk
890911963085,Fried Street-Style Savory Mix #2606,Snacks,"refined flour, re-used palm oil, metanil yellow, excess salt, msg",626.8,1.5,1283.2,21.3,3.53,6.4,0.9,6,2,0,2,1,5,High Risk
890890458072,Industrial White Sandwich Bread #2607,Bakery & Confectionery,"refined wheat flour, sugar, yeast, palm oil, calcium propionate, emulsifier 481, flour treatment agent 300",298.1,4.3,590.4,1.1,0.21,7.9,1.8,4,0,0,2,0,82,Moderate Risk
890170850217,Coconut Water 100% Pure #2608,Beverages,pure tender coconut water,17.7,3.4,27.7,0.1,0.0,0.7,1.0,0,0,0,0,0,99,Low Risk
890763255798,Low-Cost Synthetic Fruit Drink #2609,Beverages,"water, invert sugar syrup, metanil yellow, citric acid, clouding agent, artificial mango flavor, potassium metabisulphite",51.4,17.1,43.9,0.0,0.0,0.0,0.0,6,2,0,2,1,17,High Risk
890194045375,Baked Whole Grain Crackers #2610,Snacks,"whole wheat flour, canola oil, sea salt, malt extract",359.2,2.9,450.7,1.9,0.0,8.5,7.0,0,0,0,0,0,99,Low Risk
890592352356,Adulterated Butter with Animal Fat & Starch #2611,Dairy,"milk fat, animal tallow, starch, yellow dye 5, preservative",611.5,0.5,626.4,60.0,3.81,0.5,0.0,4,1,0,2,1,5,High Risk
890115953903,Cottage Cheese (Paneer) #2612,Dairy,"pasteurized milk, citric acid",283.4,1.2,21.8,19.4,0.0,17.5,0.0,0,0,0,0,0,93,Low Risk
890208437042,Cottage Cheese (Paneer) #2613,Dairy,"pasteurized milk, citric acid",249.0,1.4,19.9,20.0,0.0,18.6,0.0,0,0,0,0,0,92,Low Risk
890184276015,Fried Street-Style Savory Mix #2614,Snacks,"refined flour, re-used palm oil, metanil yellow, excess salt, msg",637.9,1.6,1326.8,21.6,3.64,6.4,1.0,6,2,0,2,1,5,High Risk
890713952442,Coconut Water 100% Pure #2615,Beverages,pure tender coconut water,17.5,2.9,21.6,0.1,0.0,0.7,1.0,0,0,0,0,0,99,Low Risk
890989361867,Synthetic Milk Sample #2616,Dairy,"urea, detergent, refined vegetable oil, caustic soda, water",177.6,0.5,983.6,13.6,4.11,1.1,0.0,5,0,0,3,1,5,High Risk
890929587401,Commercial Potato Crisps #2617,Snacks,"potatoes, palm oil, salt, monosodium glutamate, flavor enhancer 635, dextrose",596.5,0.7,776.9,11.9,0.36,6.7,2.9,4,0,0,1,0,75,Moderate Risk
890400197136,Greek Plain Yogurt #2618,Dairy,"cultured pasteurized nonfat milk, live active cultures",58.2,4.3,37.0,0.4,0.0,10.0,0.0,0,0,0,0,0,99,Low Risk
890529068937,Greek Plain Yogurt #2619,Dairy,"cultured pasteurized nonfat milk, live active cultures",60.6,3.5,38.0,0.4,0.0,10.4,0.0,0,0,0,0,0,99,Low Risk
890425583962,Adulterated Turmeric with Metanil Yellow #2620,Spices & Condiments,"turmeric powder, lead chromate trace, chalk powder, metanil yellow color",261.9,2.0,161.6,1.6,0.0,5.3,10.8,3,1,0,0,1,55,High Risk
890405597069,Whole Cow Milk #2621,Dairy,"milk, vitamin d3",70.1,4.9,45.6,3.6,0.0,3.0,0.0,0,0,0,0,0,99,Low Risk
890599798350,Diet Soda with Multiple Sweeteners #2622,Beverages,"carbonated water, aspartame, acesulfame potassium, caramel iv, sodium benzoate, phosphoric acid",1.0,0.0,36.2,0.0,0.0,0.0,0.0,5,1,2,1,0,66,Moderate Risk
890588871402,Coconut Water 100% Pure #2623,Beverages,pure tender coconut water,18.1,3.0,29.1,0.1,0.0,0.7,1.2,0,0,0,0,0,99,Low Risk
890733476865,Organic Trail Mix #2624,Snacks,"almonds, walnuts, raisins, sunflower seeds, pumpkin seeds",426.5,21.3,15.8,3.8,0.0,15.7,7.5,0,0,0,0,0,99,Moderate Risk
890676245558,Extruded Spicy Puffs #2625,Snacks,"corn meal, palm olein, maltodextrin, sunset yellow fcf, tartrazine, tbhq, msg, artificial flavors",514.2,4.0,1449.8,18.1,1.23,4.7,1.6,7,2,0,2,1,5,High Risk
890164312434,Pure Ground Turmeric Powder #2626,Spices & Condiments,100% turmeric rhizome powder,340.2,3.0,44.5,3.2,0.0,10.7,20.2,0,0,0,0,0,99,Low Risk
890763294740,Diet Soda with Multiple Sweeteners #2627,Beverages,"carbonated water, aspartame, acesulfame potassium, caramel iv, sodium benzoate, phosphoric acid",1.0,0.0,35.8,0.0,0.0,0.0,0.0,5,1,2,1,0,66,Moderate Risk
890982346899,Adulterated Mustard Oil with Argemone #2628,Spices & Condiments,"mustard oil, argemone oil, mineral oil, butter yellow dye",765.6,0.0,4.6,13.3,1.46,0.0,0.0,3,1,0,0,1,14,High Risk
890222626487,Adulterated Butter with Animal Fat & Starch #2629,Dairy,"milk fat, animal tallow, starch, yellow dye 5, preservative",586.8,0.5,578.2,45.6,3.81,0.5,0.0,4,1,0,2,1,5,High Risk
890196369252,Cottage Cheese (Paneer) #2630,Dairy,"pasteurized milk, citric acid",282.2,1.2,26.1,19.6,0.0,17.2,0.0,0,0,0,0,0,92,Low Risk
890369827657,Commercial Tomato Ketchup #2631,Spices & Condiments,"tomato paste, sugar, distilled vinegar, salt, onion powder, sodium benzoate, potassium sorbate, pectin",107.1,22.1,887.9,0.1,0.0,1.3,1.4,3,0,0,2,0,64,Moderate Risk
890821799572,Cottage Cheese (Paneer) #2632,Dairy,"pasteurized milk, citric acid",280.7,1.1,24.7,17.7,0.0,17.9,0.0,0,0,0,0,0,94,Low Risk
890567719851,Pure Red Chilli Powder #2633,Spices & Condiments,100% dried red chillies,311.2,7.6,33.4,4.0,0.0,11.3,25.8,0,0,0,0,0,99,Low Risk
890283930890,Pure Green Tea Bag #2634,Beverages,100% organic green tea leaves,1.0,0.0,0.9,0.0,0.0,0.2,0.0,0,0,0,0,0,99,Low Risk
890326621603,Industrial White Sandwich Bread #2635,Bakery & Confectionery,"refined wheat flour, sugar, yeast, palm oil, calcium propionate, emulsifier 481, flour treatment agent 300",233.7,4.9,569.3,1.4,0.12,8.4,2.2,4,0,0,2,0,83,Moderate Risk
890274607886,Low-Cost Synthetic Fruit Drink #2636,Beverages,"water, invert sugar syrup, metanil yellow, citric acid, clouding agent, artificial mango flavor, potassium metabisulphite",60.3,15.6,53.5,0.0,0.0,0.0,0.0,6,2,0,2,1,19,High Risk
890621702836,Synthetic Colored Hard Candies #2637,Bakery & Confectionery,"sugar, liquid glucose, allura red, brilliant blue fcf, tartrazine, artificial fruit flavor, citric acid",341.3,71.0,68.0,0.0,0.0,0.0,0.0,5,3,0,1,1,5,High Risk
890641875863,Adulterated Turmeric with Metanil Yellow #2638,Spices & Condiments,"turmeric powder, lead chromate trace, chalk powder, metanil yellow color",256.9,2.4,215.6,1.3,0.0,5.0,12.8,3,1,0,0,1,56,High Risk
890717685496,Synthetic Milk Sample #2639,Dairy,"urea, detergent, refined vegetable oil, caustic soda, water",157.0,0.5,937.1,15.2,4.23,1.1,0.0,5,0,0,3,1,5,High Risk
890457212998,Standard Processed Cheese #2640,Dairy,"milk, salt, cheese cultures, enzymes, sodium phosphate, annatto",283.8,1.2,1199.2,18.3,0.5,16.2,0.0,3,1,0,1,0,57,Moderate Risk
890102792480,Low-Cost Synthetic Fruit Drink #2641,Beverages,"water, invert sugar syrup, metanil yellow, citric acid, clouding agent, artificial mango flavor, potassium metabisulphite",58.2,13.3,49.2,0.0,0.0,0.0,0.0,6,2,0,2,1,20,High Risk
890456116155,Pure Red Chilli Powder #2642,Spices & Condiments,100% dried red chillies,296.1,8.1,29.8,3.2,0.0,12.9,26.1,0,0,0,0,0,99,Low Risk
890312938048,Dark Chocolate 85% #2643,Bakery & Confectionery,"cocoa mass, cocoa butter, cane sugar, vanilla beans",542.6,14.2,14.6,24.7,0.0,7.9,10.6,0,0,0,0,0,89,Low Risk
890686181140,Extruded Spicy Puffs #2644,Snacks,"corn meal, palm olein, maltodextrin, sunset yellow fcf, tartrazine, tbhq, msg, artificial flavors",626.7,3.8,1115.7,16.5,1.42,5.0,1.4,7,2,0,2,1,5,High Risk
890833893840,Adulterated Butter with Animal Fat & Starch #2645,Dairy,"milk fat, animal tallow, starch, yellow dye 5, preservative",611.6,0.6,633.6,50.5,3.8,0.5,0.0,4,1,0,2,1,5,High Risk
890716717943,Pure Green Tea Bag #2646,Beverages,100% organic green tea leaves,1.1,0.0,1.0,0.0,0.0,0.2,0.0,0,0,0,0,0,99,Low Risk
890154146680,Oat & Honey Granola Bar #2647,Bakery & Confectionery,"rolled oats, honey, almonds, crisped rice, sunflower oil, salt",353.4,13.4,184.4,2.2,0.0,8.8,5.8,0,0,0,0,0,99,Low Risk
890642360129,Adulterated Butter with Animal Fat & Starch #2648,Dairy,"milk fat, animal tallow, starch, yellow dye 5, preservative",646.1,0.5,615.5,52.9,3.84,0.5,0.0,4,1,0,2,1,5,High Risk
890474086864,Organic Trail Mix #2649,Snacks,"almonds, walnuts, raisins, sunflower seeds, pumpkin seeds",495.7,16.0,15.2,4.2,0.0,13.9,8.4,0,0,0,0,0,99,Low Risk
890782467001,Extruded Spicy Puffs #2650,Snacks,"corn meal, palm olein, maltodextrin, sunset yellow fcf, tartrazine, tbhq, msg, artificial flavors",560.1,4.5,1423.5,18.5,1.24,4.9,1.4,7,2,0,2,1,5,High Risk
890456927912,Cold Pressed Orange Juice #2651,Beverages,100% freshly pressed oranges,47.1,8.6,2.2,0.1,0.0,0.7,1.4,0,0,0,0,0,99,Low Risk
890564773010,Fried Street-Style Savory Mix #2652,Snacks,"refined flour, re-used palm oil, metanil yellow, excess salt, msg",599.6,1.5,1660.9,19.8,3.67,6.4,1.0,6,2,0,2,1,5,High Risk
890547752881,Adulterated Mustard Oil with Argemone #2653,Spices & Condiments,"mustard oil, argemone oil, mineral oil, butter yellow dye",843.1,0.0,5.1,11.8,1.44,0.0,0.0,3,1,0,0,1,16,High Risk
890803374212,Pure Ground Turmeric Powder #2654,Spices & Condiments,100% turmeric rhizome powder,269.1,2.9,40.6,3.2,0.0,9.1,22.1,0,0,0,0,0,99,Low Risk
890508496989,Fried Street-Style Savory Mix #2655,Snacks,"refined flour, re-used palm oil, metanil yellow, excess salt, msg",639.6,1.5,1365.8,22.2,3.53,5.7,1.0,6,2,0,2,1,5,High Risk
890911695560,Commercial Potato Crisps #2656,Snacks,"potatoes, palm oil, salt, monosodium glutamate, flavor enhancer 635, dextrose",509.8,0.9,869.0,13.1,0.33,6.1,3.0,4,0,0,1,0,68,Moderate Risk
890416719758,Fresh Butter #2657,Dairy,"pasteurized cream, salt",749.2,0.1,509.9,58.2,0.0,0.8,0.0,0,0,0,0,0,79,Low Risk
890720579963,100% Whole Wheat Sourdough #2658,Bakery & Confectionery,"whole wheat flour, water, sourdough culture, sea salt",267.5,1.8,396.4,0.4,0.0,11.0,6.5,0,0,0,0,0,99,Low Risk
890270484278,Adulterated Butter with Animal Fat & Starch #2659,Dairy,"milk fat, animal tallow, starch, yellow dye 5, preservative",684.1,0.6,720.3,55.3,3.84,0.5,0.0,4,1,0,2,1,5,High Risk
890255718215,Greek Plain Yogurt #2660,Dairy,"cultured pasteurized nonfat milk, live active cultures",54.4,3.3,31.5,0.4,0.0,10.4,0.0,0,0,0,0,0,99,Low Risk
890106651019,Dark Chocolate 85% #2661,Bakery & Confectionery,"cocoa mass, cocoa butter, cane sugar, vanilla beans",528.6,13.8,15.4,26.0,0.0,8.8,9.9,0,0,0,0,0,88,Low Risk
890307654058,Low-Cost Synthetic Fruit Drink #2662,Beverages,"water, invert sugar syrup, metanil yellow, citric acid, clouding agent, artificial mango flavor, potassium metabisulphite",58.5,14.5,42.0,0.0,0.0,0.0,0.0,6,2,0,2,1,19,High Risk
890243212596,Instant Fried Noodles #2663,Snacks,"wheat flour, palm oil, salt, guar gum, flavor enhancer 621, caramel iv, sodium polyphosphate",397.5,2.4,2099.6,10.1,0.68,9.5,2.5,5,1,0,2,0,37,High Risk
890193786449,Synthetic Colored Hard Candies #2664,Bakery & Confectionery,"sugar, liquid glucose, allura red, brilliant blue fcf, tartrazine, artificial fruit flavor, citric acid",331.7,77.8,74.8,0.0,0.0,0.0,0.0,5,3,0,1,1,5,High Risk
890168416336,Adulterated Low-Cost Paneer #2665,Dairy,"milk solids, vegetable oil, starch, sulfuric acid trace, detergent trace",254.5,3.2,410.5,20.4,2.49,9.3,0.0,4,0,0,2,1,5,High Risk
890160012693,Organic Trail Mix #2666,Snacks,"almonds, walnuts, raisins, sunflower seeds, pumpkin seeds",425.8,18.5,12.8,4.8,0.0,13.7,7.7,0,0,0,0,0,99,Moderate Risk
890956025608,Adulterated Chilli Powder with Sudan Dye #2667,Spices & Condiments,"red chilli powder, brick powder trace, sudan i dye, salt, mineral oil",255.9,3.7,739.9,4.4,0.0,5.9,14.0,4,1,0,0,1,48,High Risk
890689056188,Adulterated Turmeric with Metanil Yellow #2668,Spices & Condiments,"turmeric powder, lead chromate trace, chalk powder, metanil yellow color",238.9,2.2,188.7,1.4,0.0,4.8,13.0,3,1,0,0,1,56,High Risk
890282393725,Pure Green Tea Bag #2669,Beverages,100% organic green tea leaves,1.0,0.0,1.0,0.0,0.0,0.2,0.0,0,0,0,0,0,99,Low Risk
890744071060,Synthetic Colored Hard Candies #2670,Bakery & Confectionery,"sugar, liquid glucose, allura red, brilliant blue fcf, tartrazine, artificial fruit flavor, citric acid",334.9,72.1,73.5,0.0,0.0,0.0,0.0,5,3,0,1,1,5,High Risk
890256709970,Adulterated Mustard Oil with Argemone #2671,Spices & Condiments,"mustard oil, argemone oil, mineral oil, butter yellow dye",803.3,0.0,5.6,12.5,1.59,0.0,0.0,3,1,0,0,1,13,High Risk
890602928809,Processed Nacho Chips #2672,Snacks,"corn, vegetable fat, whey powder, disodium guanylate, artificial cheese flavor, yellow 6 lake",470.9,2.2,844.9,8.4,0.96,6.1,3.9,5,1,0,1,0,55,Moderate Risk
890303751932,Pure Red Chilli Powder #2673,Spices & Condiments,100% dried red chillies,352.8,6.5,28.4,3.8,0.0,10.9,26.9,0,0,0,0,0,99,Low Risk
890103142888,Adulterated Turmeric with Metanil Yellow #2674,Spices & Condiments,"turmeric powder, lead chromate trace, chalk powder, metanil yellow color",273.5,2.4,175.8,1.4,0.0,4.8,11.7,3,1,0,0,1,56,High Risk
890829445660,Fresh Butter #2675,Dairy,"pasteurized cream, salt",781.4,0.1,609.3,61.0,0.0,0.9,0.0,0,0,0,0,0,77,Moderate Risk
890929616781,Skimmed Milk #2676,Dairy,"skimmed milk, vitamin a, vitamin d3",36.5,4.5,57.4,0.2,0.0,3.3,0.0,0,0,0,0,0,99,Low Risk
890836153358,Synthetic Milk Sample #2677,Dairy,"urea, detergent, refined vegetable oil, caustic soda, water",204.9,0.6,944.3,14.0,4.35,1.1,0.0,5,0,0,3,1,5,High Risk
890317974543,Fresh Butter #2678,Dairy,"pasteurized cream, salt",803.4,0.1,651.5,47.6,0.0,0.9,0.0,0,0,0,0,0,77,Moderate Risk
890182983598,Synthetic Colored Hard Candies #2679,Bakery & Confectionery,"sugar, liquid glucose, allura red, brilliant blue fcf, tartrazine, artificial fruit flavor, citric acid",433.4,62.6,77.2,0.0,0.0,0.0,0.0,5,3,0,1,1,5,High Risk
890280313540,Instant Fried Noodles #2680,Snacks,"wheat flour, palm oil, salt, guar gum, flavor enhancer 621, caramel iv, sodium polyphosphate",523.8,2.6,1522.1,10.6,0.56,8.6,2.6,5,1,0,2,0,39,High Risk
890497356206,Roasted Chickpeas #2681,Snacks,"chickpeas, olive oil, sea salt",359.2,2.2,320.6,1.3,0.0,17.9,18.3,0,0,0,0,0,99,Low Risk
890331072853,Instant Fried Noodles #2682,Snacks,"wheat flour, palm oil, salt, guar gum, flavor enhancer 621, caramel iv, sodium polyphosphate",422.6,2.8,1595.3,11.1,0.53,8.5,2.4,5,1,0,2,0,38,High Risk
890329539751,Industrial White Sandwich Bread #2683,Bakery & Confectionery,"refined wheat flour, sugar, yeast, palm oil, calcium propionate, emulsifier 481, flour treatment agent 300",262.1,4.7,484.3,1.2,0.33,7.3,1.9,4,0,0,2,0,83,Moderate Risk
890893429208,Oat & Honey Granola Bar #2684,Bakery & Confectionery,"rolled oats, honey, almonds, crisped rice, sunflower oil, salt",390.9,15.4,194.8,1.9,0.0,9.3,5.4,0,0,0,0,0,99,Low Risk
890228110265,Cream-Filled Sandwich Cookies #2685,Bakery & Confectionery,"refined wheat flour, sugar, hydrogenated palm oil, cocoa, high fructose corn syrup, soy lecithin, vanillin, artificial chocolate flavor, tbhq",426.7,39.3,373.7,10.0,1.84,4.2,2.1,5,0,0,2,1,5,High Risk
890953923050,Pure Extra Virgin Olive Oil #2686,Spices & Condiments,100% extra virgin cold pressed olive oil,974.6,0.0,2.0,14.5,0.0,0.0,0.0,0,0,0,0,0,90,Low Risk
890953644191,Pure Green Tea Bag #2687,Beverages,100% organic green tea leaves,1.0,0.0,0.9,0.0,0.0,0.2,0.0,0,0,0,0,0,99,Low Risk
890460056876,Oat & Honey Granola Bar #2688,Bakery & Confectionery,"rolled oats, honey, almonds, crisped rice, sunflower oil, salt",405.3,13.7,189.8,2.2,0.0,9.0,6.0,0,0,0,0,0,99,Low Risk
890566336256,Whole Cow Milk #2689,Dairy,"milk, vitamin d3",64.1,4.1,42.6,3.4,0.0,3.2,0.0,0,0,0,0,0,99,Low Risk
890675735816,Commercial Tomato Ketchup #2690,Spices & Condiments,"tomato paste, sugar, distilled vinegar, salt, onion powder, sodium benzoate, potassium sorbate, pectin",126.3,28.9,992.1,0.1,0.0,1.5,1.4,3,0,0,2,0,57,Moderate Risk
890931088868,Pure Red Chilli Powder #2691,Spices & Condiments,100% dried red chillies,298.1,7.5,25.6,3.2,0.0,11.1,27.8,0,0,0,0,0,99,Low Risk
890135025794,Roasted Chickpeas #2692,Snacks,"chickpeas, olive oil, sea salt",397.7,2.1,314.4,1.3,0.0,17.5,16.8,0,0,0,0,0,99,Low Risk
890697212395,Adulterated Turmeric with Metanil Yellow #2693,Spices & Condiments,"turmeric powder, lead chromate trace, chalk powder, metanil yellow color",275.9,2.0,195.0,1.5,0.0,4.6,10.9,3,1,0,0,1,55,High Risk
890669632251,Pure Red Chilli Powder #2694,Spices & Condiments,100% dried red chillies,297.6,6.6,29.4,3.9,0.0,12.8,24.4,0,0,0,0,0,99,Low Risk
890864470571,Standard Processed Cheese #2695,Dairy,"milk, salt, cheese cultures, enzymes, sodium phosphate, annatto",321.1,1.3,1121.0,20.2,0.7,16.4,0.0,3,1,0,1,0,46,Moderate Risk
890625533079,Commercial Potato Crisps #2696,Snacks,"potatoes, palm oil, salt, monosodium glutamate, flavor enhancer 635, dextrose",476.6,1.0,738.2,13.4,0.43,6.4,3.4,4,0,0,1,0,75,Moderate Risk
890248677263,Extruded Spicy Puffs #2697,Snacks,"corn meal, palm olein, maltodextrin, sunset yellow fcf, tartrazine, tbhq, msg, artificial flavors",490.0,4.0,1334.3,19.7,1.36,5.0,1.5,7,2,0,2,1,5,High Risk
890890842331,Processed Nacho Chips #2698,Snacks,"corn, vegetable fat, whey powder, disodium guanylate, artificial cheese flavor, yellow 6 lake",556.8,2.0,1056.9,9.5,0.75,7.0,3.7,5,1,0,1,0,54,Moderate Risk
890970286905,Synthetic Milk Sample #2699,Dairy,"urea, detergent, refined vegetable oil, caustic soda, water",158.4,0.6,737.4,14.0,4.26,1.2,0.0,5,0,0,3,1,5,High Risk
890157118945,Commercial Tomato Ketchup #2700,Spices & Condiments,"tomato paste, sugar, distilled vinegar, salt, onion powder, sodium benzoate, potassium sorbate, pectin",128.7,26.3,1121.3,0.1,0.0,1.3,1.4,3,0,0,2,0,57,Moderate Risk
890686466098,100% Whole Wheat Sourdough #2701,Bakery & Confectionery,"whole wheat flour, water, sourdough culture, sea salt",234.4,1.7,457.1,0.5,0.0,11.3,6.4,0,0,0,0,0,99,Low Risk
890204413667,Coconut Water 100% Pure #2702,Beverages,pure tender coconut water,21.2,2.8,22.7,0.1,0.0,0.7,1.0,0,0,0,0,0,99,Low Risk
890757064654,Diet Soda with Multiple Sweeteners #2703,Beverages,"carbonated water, aspartame, acesulfame potassium, caramel iv, sodium benzoate, phosphoric acid",1.1,0.0,34.2,0.0,0.0,0.0,0.0,5,1,2,1,0,66,Moderate Risk
890216848678,Commercial Potato Crisps #2704,Snacks,"potatoes, palm oil, salt, monosodium glutamate, flavor enhancer 635, dextrose",476.1,0.7,879.7,13.0,0.5,5.9,3.4,4,0,0,1,0,68,Moderate Risk
890836284969,Instant Fried Noodles #2705,Snacks,"wheat flour, palm oil, salt, guar gum, flavor enhancer 621, caramel iv, sodium polyphosphate",500.2,2.5,2110.4,9.8,0.45,9.0,2.4,5,1,0,2,0,52,Moderate Risk
890933041355,Adulterated Butter with Animal Fat & Starch #2706,Dairy,"milk fat, animal tallow, starch, yellow dye 5, preservative",763.4,0.5,711.3,59.8,3.95,0.5,0.0,4,1,0,2,1,5,High Risk
890202580074,Adulterated Butter with Animal Fat & Starch #2707,Dairy,"milk fat, animal tallow, starch, yellow dye 5, preservative",761.0,0.6,695.6,55.6,3.81,0.5,0.0,4,1,0,2,1,5,High Risk
890612877559,Pure Extra Virgin Olive Oil #2708,Spices & Condiments,100% extra virgin cold pressed olive oil,1010.3,0.0,1.8,14.8,0.0,0.0,0.0,0,0,0,0,0,90,Low Risk
890864765481,Coconut Water 100% Pure #2709,Beverages,pure tender coconut water,18.7,3.0,22.0,0.1,0.0,0.7,1.0,0,0,0,0,0,99,Low Risk
890414165776,Synthetic Colored Hard Candies #2710,Bakery & Confectionery,"sugar, liquid glucose, allura red, brilliant blue fcf, tartrazine, artificial fruit flavor, citric acid",407.4,69.5,84.1,0.0,0.0,0.0,0.0,5,3,0,1,1,5,High Risk
890120903703,Fresh Butter #2711,Dairy,"pasteurized cream, salt",789.1,0.1,639.5,58.9,0.0,0.8,0.0,0,0,0,0,0,77,Moderate Risk
890318866929,Commercial Potato Crisps #2712,Snacks,"potatoes, palm oil, salt, monosodium glutamate, flavor enhancer 635, dextrose",500.8,0.7,732.2,12.9,0.54,7.1,3.0,4,0,0,1,0,67,Moderate Risk
890849590417,Standard Processed Cheese #2713,Dairy,"milk, salt, cheese cultures, enzymes, sodium phosphate, annatto",301.0,1.1,1356.3,23.1,0.51,17.9,0.0,3,1,0,1,0,42,Moderate Risk
890778037656,Cottage Cheese (Paneer) #2714,Dairy,"pasteurized milk, citric acid",234.6,1.2,21.1,19.5,0.0,18.5,0.0,0,0,0,0,0,93,Low Risk
890351514572,Baked Whole Grain Crackers #2715,Snacks,"whole wheat flour, canola oil, sea salt, malt extract",405.6,2.4,449.3,1.8,0.0,8.4,6.8,0,0,0,0,0,99,Low Risk
890977395905,Processed Nacho Chips #2716,Snacks,"corn, vegetable fat, whey powder, disodium guanylate, artificial cheese flavor, yellow 6 lake",537.9,2.0,853.3,9.8,0.74,6.1,3.7,5,1,0,1,0,58,Moderate Risk
890197031732,Synthetic Colored Hard Candies #2717,Bakery & Confectionery,"sugar, liquid glucose, allura red, brilliant blue fcf, tartrazine, artificial fruit flavor, citric acid",357.0,63.5,80.7,0.0,0.0,0.0,0.0,5,3,0,1,1,5,High Risk
890189592277,Diet Soda with Multiple Sweeteners #2718,Beverages,"carbonated water, aspartame, acesulfame potassium, caramel iv, sodium benzoate, phosphoric acid",0.9,0.0,35.5,0.0,0.0,0.0,0.0,5,1,2,1,0,66,Moderate Risk
890558966743,Pure Red Chilli Powder #2719,Spices & Condiments,100% dried red chillies,286.5,7.9,26.8,4.0,0.0,12.7,29.1,0,0,0,0,0,99,Low Risk
890863050767,Standard Processed Cheese #2720,Dairy,"milk, salt, cheese cultures, enzymes, sodium phosphate, annatto",313.4,1.3,1033.8,20.6,0.62,17.8,0.0,3,1,0,1,0,49,Moderate Risk
890168800004,Adulterated Butter with Animal Fat & Starch #2721,Dairy,"milk fat, animal tallow, starch, yellow dye 5, preservative",704.5,0.5,705.5,54.0,3.78,0.5,0.0,4,1,0,2,1,5,High Risk
890456358887,Greek Plain Yogurt #2722,Dairy,"cultured pasteurized nonfat milk, live active cultures",67.1,3.1,42.4,0.4,0.0,10.1,0.0,0,0,0,0,0,99,Low Risk
890955563727,Cottage Cheese (Paneer) #2723,Dairy,"pasteurized milk, citric acid",235.8,1.1,24.4,19.4,0.0,17.4,0.0,0,0,0,0,0,93,Low Risk
890755867359,Instant Fried Noodles #2724,Snacks,"wheat flour, palm oil, salt, guar gum, flavor enhancer 621, caramel iv, sodium polyphosphate",522.5,3.0,1939.2,8.7,0.57,9.1,2.6,5,1,0,2,0,44,Moderate Risk
890422908160,Pure Red Chilli Powder #2725,Spices & Condiments,100% dried red chillies,316.2,6.7,35.6,3.0,0.0,13.0,27.2,0,0,0,0,0,99,Low Risk
890932553232,Cream-Filled Sandwich Cookies #2726,Bakery & Confectionery,"refined wheat flour, sugar, hydrogenated palm oil, cocoa, high fructose corn syrup, soy lecithin, vanillin, artificial chocolate flavor, tbhq",517.5,44.3,372.6,10.9,1.71,4.9,2.1,5,0,0,2,1,5,High Risk
890120999023,Commercial Potato Crisps #2727,Snacks,"potatoes, palm oil, salt, monosodium glutamate, flavor enhancer 635, dextrose",481.9,0.7,657.2,14.1,0.57,5.9,3.1,4,0,0,1,0,66,Moderate Risk
890469758002,Adulterated Mustard Oil with Argemone #2728,Spices & Condiments,"mustard oil, argemone oil, mineral oil, butter yellow dye",954.9,0.0,5.9,11.9,1.59,0.0,0.0,3,1,0,0,1,14,High Risk
890537156399,Extruded Spicy Puffs #2729,Snacks,"corn meal, palm olein, maltodextrin, sunset yellow fcf, tartrazine, tbhq, msg, artificial flavors",527.6,4.8,1194.1,17.4,1.33,5.5,1.6,7,2,0,2,1,5,High Risk
890506565150,Coconut Water 100% Pure #2730,Beverages,pure tender coconut water,19.7,3.8,29.7,0.1,0.0,0.7,1.2,0,0,0,0,0,99,Low Risk
890704545058,Oat & Honey Granola Bar #2731,Bakery & Confectionery,"rolled oats, honey, almonds, crisped rice, sunflower oil, salt",366.3,14.0,198.9,2.6,0.0,7.8,5.6,0,0,0,0,0,99,Low Risk
890992186206,Fried Street-Style Savory Mix #2732,Snacks,"refined flour, re-used palm oil, metanil yellow, excess salt, msg",489.5,1.5,1494.8,21.7,3.64,5.9,1.0,6,2,0,2,1,5,High Risk
890979488852,Standard Processed Cheese #2733,Dairy,"milk, salt, cheese cultures, enzymes, sodium phosphate, annatto",329.7,1.4,1271.8,20.5,0.62,17.2,0.0,3,1,0,1,0,44,Moderate Risk
890303787953,Standard Processed Cheese #2734,Dairy,"milk, salt, cheese cultures, enzymes, sodium phosphate, annatto",324.8,1.3,982.7,22.5,0.8,17.9,0.0,3,1,0,1,0,46,Moderate Risk
890645967580,Adulterated Turmeric with Metanil Yellow #2735,Spices & Condiments,"turmeric powder, lead chromate trace, chalk powder, metanil yellow color",287.1,2.4,159.0,1.3,0.0,5.1,11.2,3,1,0,0,1,56,High Risk
890706709378,Greek Plain Yogurt #2736,Dairy,"cultured pasteurized nonfat milk, live active cultures",53.9,3.4,40.2,0.4,0.0,10.3,0.0,0,0,0,0,0,99,Low Risk
890926130169,Organic Trail Mix #2737,Snacks,"almonds, walnuts, raisins, sunflower seeds, pumpkin seeds",446.8,20.9,17.9,3.6,0.0,14.5,8.4,0,0,0,0,0,99,Moderate Risk
890393287366,Adulterated Low-Cost Paneer #2738,Dairy,"milk solids, vegetable oil, starch, sulfuric acid trace, detergent trace",248.8,4.0,554.6,15.9,2.47,8.8,0.0,4,0,0,2,1,5,High Risk
890842550780,Fried Street-Style Savory Mix #2739,Snacks,"refined flour, re-used palm oil, metanil yellow, excess salt, msg",629.2,1.8,1365.6,24.8,3.45,6.2,1.0,6,2,0,2,1,5,High Risk
890141815909,Energy Drink with High Caffeine #2740,Beverages,"carbonated water, sucrose, glucose, taurine, caffeine, inositol, niacinamide, pyridoxine, color e133, sodium benzoate",43.6,11.8,94.2,0.0,0.0,0.4,0.0,6,1,0,2,0,67,Moderate Risk
890317783158,Instant Fried Noodles #2741,Snacks,"wheat flour, palm oil, salt, guar gum, flavor enhancer 621, caramel iv, sodium polyphosphate",406.1,2.8,1607.5,9.0,0.69,9.0,2.7,5,1,0,2,0,42,Moderate Risk
890752326272,Synthetic Milk Sample #2742,Dairy,"urea, detergent, refined vegetable oil, caustic soda, water",160.4,0.6,944.6,13.3,4.33,1.3,0.0,5,0,0,3,1,5,High Risk
890346801257,Oat & Honey Granola Bar #2743,Bakery & Confectionery,"rolled oats, honey, almonds, crisped rice, sunflower oil, salt",449.1,14.1,168.8,2.5,0.0,9.0,5.6,0,0,0,0,0,99,Low Risk
890661493236,Adulterated Turmeric with Metanil Yellow #2744,Spices & Condiments,"turmeric powder, lead chromate trace, chalk powder, metanil yellow color",253.1,1.9,196.2,1.5,0.0,5.0,11.3,3,1,0,0,1,56,High Risk
890695199047,Organic Trail Mix #2745,Snacks,"almonds, walnuts, raisins, sunflower seeds, pumpkin seeds",527.7,21.3,13.6,4.8,0.0,16.3,8.2,0,0,0,0,0,99,Moderate Risk
890203005193,Organic Trail Mix #2746,Snacks,"almonds, walnuts, raisins, sunflower seeds, pumpkin seeds",548.6,16.3,14.5,4.4,0.0,14.0,8.5,0,0,0,0,0,99,Low Risk
890465194003,Pure Red Chilli Powder #2747,Spices & Condiments,100% dried red chillies,316.1,7.4,35.3,3.4,0.0,12.1,26.0,0,0,0,0,0,99,Low Risk
890807806451,Cold Pressed Orange Juice #2748,Beverages,100% freshly pressed oranges,38.5,9.3,2.2,0.1,0.0,0.7,1.6,0,0,0,0,0,99,Low Risk
890957773460,Synthetic Colored Hard Candies #2749,Bakery & Confectionery,"sugar, liquid glucose, allura red, brilliant blue fcf, tartrazine, artificial fruit flavor, citric acid",383.9,78.1,86.6,0.0,0.0,0.0,0.0,5,3,0,1,1,5,High Risk
890658929060,Commercial Tomato Ketchup #2750,Spices & Condiments,"tomato paste, sugar, distilled vinegar, salt, onion powder, sodium benzoate, potassium sorbate, pectin",107.8,24.8,1066.9,0.1,0.0,1.4,1.6,3,0,0,2,0,58,Moderate Risk
890650479729,Organic Trail Mix #2751,Snacks,"almonds, walnuts, raisins, sunflower seeds, pumpkin seeds",557.8,20.5,14.9,4.5,0.0,16.0,7.5,0,0,0,0,0,99,Moderate Risk
890293193989,Pure Extra Virgin Olive Oil #2752,Spices & Condiments,100% extra virgin cold pressed olive oil,862.2,0.0,1.9,14.5,0.0,0.0,0.0,0,0,0,0,0,90,Low Risk
890611686415,Baked Whole Grain Crackers #2753,Snacks,"whole wheat flour, canola oil, sea salt, malt extract",478.9,2.9,384.3,1.8,0.0,8.7,8.2,0,0,0,0,0,99,Low Risk
890903672528,Cottage Cheese (Paneer) #2754,Dairy,"pasteurized milk, citric acid",244.0,1.3,21.4,14.6,0.0,18.5,0.0,0,0,0,0,0,98,Low Risk
890444307002,Commercial Tomato Ketchup #2755,Spices & Condiments,"tomato paste, sugar, distilled vinegar, salt, onion powder, sodium benzoate, potassium sorbate, pectin",107.4,21.6,950.6,0.1,0.0,1.3,1.6,3,0,0,2,0,63,Moderate Risk
890378018693,Instant Fried Noodles #2756,Snacks,"wheat flour, palm oil, salt, guar gum, flavor enhancer 621, caramel iv, sodium polyphosphate",509.5,2.8,1578.7,11.7,0.75,8.4,2.5,5,1,0,2,0,34,High Risk
890872721488,Synthetic Milk Sample #2757,Dairy,"urea, detergent, refined vegetable oil, caustic soda, water",192.7,0.5,731.6,15.0,4.13,1.3,0.0,5,0,0,3,1,5,High Risk
890574845326,Cold Pressed Orange Juice #2758,Beverages,100% freshly pressed oranges,41.1,10.1,2.3,0.1,0.0,0.7,1.4,0,0,0,0,0,99,Low Risk
890904083937,Instant Fried Noodles #2759,Snacks,"wheat flour, palm oil, salt, guar gum, flavor enhancer 621, caramel iv, sodium polyphosphate",443.4,2.6,1860.0,11.6,0.51,9.8,2.7,5,1,0,2,0,38,High Risk
890334339214,Greek Plain Yogurt #2760,Dairy,"cultured pasteurized nonfat milk, live active cultures",65.5,3.7,37.9,0.5,0.0,10.2,0.0,0,0,0,0,0,99,Low Risk
890410446127,Commercial Potato Crisps #2761,Snacks,"potatoes, palm oil, salt, monosodium glutamate, flavor enhancer 635, dextrose",543.2,0.9,653.2,12.7,0.59,6.3,3.4,4,0,0,1,0,68,Moderate Risk
890782101270,Organic Trail Mix #2762,Snacks,"almonds, walnuts, raisins, sunflower seeds, pumpkin seeds",507.1,20.9,17.3,4.4,0.0,14.6,8.5,0,0,0,0,0,99,Moderate Risk
890728014162,Carbonated Cola Drink #2763,Beverages,"carbonated water, high fructose corn syrup, caramel color iv, phosphoric acid, caffeine, artificial flavors",38.8,9.9,10.7,0.0,0.0,0.0,0.0,4,1,0,1,0,78,Moderate Risk
890373027003,Dark Chocolate 85% #2764,Bakery & Confectionery,"cocoa mass, cocoa butter, cane sugar, vanilla beans",511.1,16.4,17.2,33.0,0.0,8.6,9.9,0,0,0,0,0,86,Low Risk
890914275109,Industrial White Sandwich Bread #2765,Bakery & Confectionery,"refined wheat flour, sugar, yeast, palm oil, calcium propionate, emulsifier 481, flour treatment agent 300",281.1,4.1,532.0,1.1,0.11,8.7,2.1,4,0,0,2,0,83,Moderate Risk
890201081343,Pure Green Tea Bag #2766,Beverages,100% organic green tea leaves,1.1,0.0,1.2,0.0,0.0,0.2,0.0,0,0,0,0,0,99,Low Risk
890616628652,Cold Pressed Orange Juice #2767,Beverages,100% freshly pressed oranges,48.5,8.0,1.9,0.1,0.0,0.6,1.4,0,0,0,0,0,99,Low Risk
890896050397,Cold Pressed Orange Juice #2768,Beverages,100% freshly pressed oranges,43.7,7.5,1.9,0.1,0.0,0.8,1.4,0,0,0,0,0,99,Low Risk
890947248752,Baked Whole Grain Crackers #2769,Snacks,"whole wheat flour, canola oil, sea salt, malt extract",447.4,2.4,363.8,1.9,0.0,9.0,6.9,0,0,0,0,0,99,Low Risk
890298765307,Pure Green Tea Bag #2770,Beverages,100% organic green tea leaves,1.1,0.0,1.2,0.0,0.0,0.2,0.0,0,0,0,0,0,99,Low Risk
890795986050,Pure Green Tea Bag #2771,Beverages,100% organic green tea leaves,0.9,0.0,0.9,0.0,0.0,0.2,0.0,0,0,0,0,0,99,Low Risk
890590550362,Pure Ground Turmeric Powder #2772,Spices & Condiments,100% turmeric rhizome powder,354.9,3.3,43.8,2.9,0.0,9.2,23.6,0,0,0,0,0,99,Low Risk
890829391714,Pure Green Tea Bag #2773,Beverages,100% organic green tea leaves,1.0,0.0,1.2,0.0,0.0,0.2,0.0,0,0,0,0,0,99,Low Risk
890530772804,Skimmed Milk #2774,Dairy,"skimmed milk, vitamin a, vitamin d3",34.7,5.1,49.9,0.2,0.0,3.1,0.0,0,0,0,0,0,99,Low Risk
890737206497,Cold Pressed Orange Juice #2775,Beverages,100% freshly pressed oranges,45.5,8.0,1.8,0.1,0.0,0.7,1.4,0,0,0,0,0,99,Low Risk
890700797556,Instant Fried Noodles #2776,Snacks,"wheat flour, palm oil, salt, guar gum, flavor enhancer 621, caramel iv, sodium polyphosphate",408.5,2.8,1523.4,10.6,0.68,8.3,2.6,5,1,0,2,0,37,High Risk
890598710232,Carbonated Cola Drink #2777,Beverages,"carbonated water, high fructose corn syrup, caramel color iv, phosphoric acid, caffeine, artificial flavors",45.6,9.1,10.5,0.0,0.0,0.0,0.0,4,1,0,1,0,78,Moderate Risk
890256686273,Adulterated Low-Cost Paneer #2778,Dairy,"milk solids, vegetable oil, starch, sulfuric acid trace, detergent trace",259.2,3.2,536.0,18.3,2.41,8.3,0.0,4,0,0,2,1,5,High Risk
890965031610,Industrial White Sandwich Bread #2779,Bakery & Confectionery,"refined wheat flour, sugar, yeast, palm oil, calcium propionate, emulsifier 481, flour treatment agent 300",241.3,4.4,478.4,1.4,0.02,8.2,1.9,4,0,0,2,0,84,Moderate Risk
890499083658,Dark Chocolate 85% #2780,Bakery & Confectionery,"cocoa mass, cocoa butter, cane sugar, vanilla beans",498.1,13.4,17.5,25.3,0.0,9.0,10.4,0,0,0,0,0,89,Low Risk
890560009215,Cold Pressed Orange Juice #2781,Beverages,100% freshly pressed oranges,51.0,9.4,2.3,0.1,0.0,0.7,1.5,0,0,0,0,0,99,Low Risk
890285073263,Cold Pressed Orange Juice #2782,Beverages,100% freshly pressed oranges,46.0,9.1,1.9,0.1,0.0,0.7,1.6,0,0,0,0,0,99,Low Risk
890725352178,Adulterated Turmeric with Metanil Yellow #2783,Spices & Condiments,"turmeric powder, lead chromate trace, chalk powder, metanil yellow color",256.3,2.0,158.5,1.6,0.0,4.7,12.7,3,1,0,0,1,56,High Risk
890865365954,Cottage Cheese (Paneer) #2784,Dairy,"pasteurized milk, citric acid",299.0,1.2,23.8,17.5,0.0,18.9,0.0,0,0,0,0,0,95,Low Risk
890596328306,Greek Plain Yogurt #2785,Dairy,"cultured pasteurized nonfat milk, live active cultures",57.9,3.9,38.8,0.4,0.0,10.3,0.0,0,0,0,0,0,99,Low Risk
890314409401,Oat & Honey Granola Bar #2786,Bakery & Confectionery,"rolled oats, honey, almonds, crisped rice, sunflower oil, salt",427.2,14.3,156.5,2.5,0.0,9.2,5.2,0,0,0,0,0,99,Low Risk
890269551218,Skimmed Milk #2787,Dairy,"skimmed milk, vitamin a, vitamin d3",32.7,5.5,44.1,0.2,0.0,3.7,0.0,0,0,0,0,0,99,Low Risk
890244113767,Adulterated Butter with Animal Fat & Starch #2788,Dairy,"milk fat, animal tallow, starch, yellow dye 5, preservative",739.5,0.5,669.8,50.4,4.09,0.5,0.0,4,1,0,2,1,5,High Risk
890475525146,Roasted Chickpeas #2789,Snacks,"chickpeas, olive oil, sea salt",410.2,2.1,297.4,1.4,0.0,18.8,15.4,0,0,0,0,0,99,Low Risk
890627315532,Dark Chocolate 85% #2790,Bakery & Confectionery,"cocoa mass, cocoa butter, cane sugar, vanilla beans",545.8,15.1,14.6,30.6,0.0,8.2,10.9,0,0,0,0,0,88,Low Risk
890700136324,Adulterated Butter with Animal Fat & Starch #2791,Dairy,"milk fat, animal tallow, starch, yellow dye 5, preservative",669.6,0.5,575.2,50.1,3.86,0.5,0.0,4,1,0,2,1,5,High Risk
890794639362,Baked Whole Grain Crackers #2792,Snacks,"whole wheat flour, canola oil, sea salt, malt extract",478.8,2.5,446.5,1.8,0.0,9.7,7.1,0,0,0,0,0,99,Low Risk
890287197090,Adulterated Chilli Powder with Sudan Dye #2793,Spices & Condiments,"red chilli powder, brick powder trace, sudan i dye, salt, mineral oil",280.3,3.8,765.0,4.6,0.0,5.6,14.9,4,1,0,0,1,48,High Risk
890902892216,Coconut Water 100% Pure #2794,Beverages,pure tender coconut water,20.6,3.6,25.3,0.1,0.0,0.8,1.2,0,0,0,0,0,99,Low Risk
890348151371,Cream-Filled Sandwich Cookies #2795,Bakery & Confectionery,"refined wheat flour, sugar, hydrogenated palm oil, cocoa, high fructose corn syrup, soy lecithin, vanillin, artificial chocolate flavor, tbhq",436.3,35.6,431.9,9.6,1.76,4.6,1.9,5,0,0,2,1,5,High Risk
890221589838,Baked Whole Grain Crackers #2796,Snacks,"whole wheat flour, canola oil, sea salt, malt extract",418.0,2.5,457.6,1.9,0.0,9.0,7.2,0,0,0,0,0,99,Low Risk
890786044718,Cottage Cheese (Paneer) #2797,Dairy,"pasteurized milk, citric acid",294.7,1.1,21.0,18.5,0.0,19.9,0.0,0,0,0,0,0,94,Low Risk
890200315985,Pure Red Chilli Powder #2798,Spices & Condiments,100% dried red chillies,274.2,7.3,27.9,3.0,0.0,13.2,28.0,0,0,0,0,0,99,Low Risk
890164271575,Pure Extra Virgin Olive Oil #2799,Spices & Condiments,100% extra virgin cold pressed olive oil,837.3,0.0,2.0,14.9,0.0,0.0,0.0,0,0,0,0,0,90,Low Risk
890131359283,Adulterated Mustard Oil with Argemone #2800,Spices & Condiments,"mustard oil, argemone oil, mineral oil, butter yellow dye",993.1,0.0,4.9,13.5,1.46,0.0,0.0,3,1,0,0,1,14,High Risk
890157360554,Greek Plain Yogurt #2801,Dairy,"cultured pasteurized nonfat milk, live active cultures",51.5,3.5,35.3,0.3,0.0,9.8,0.0,0,0,0,0,0,99,Low Risk
890903862085,Whole Cow Milk #2802,Dairy,"milk, vitamin d3",54.6,5.5,44.5,3.7,0.0,3.0,0.0,0,0,0,0,0,99,Low Risk
890426203371,Adulterated Turmeric with Metanil Yellow #2803,Spices & Condiments,"turmeric powder, lead chromate trace, chalk powder, metanil yellow color",245.9,1.9,181.7,1.4,0.0,4.8,12.7,3,1,0,0,1,56,High Risk
890692584836,Energy Drink with High Caffeine #2804,Beverages,"carbonated water, sucrose, glucose, taurine, caffeine, inositol, niacinamide, pyridoxine, color e133, sodium benzoate",48.2,12.6,71.4,0.0,0.0,0.4,0.0,6,1,0,2,0,66,Moderate Risk
890104038029,100% Whole Wheat Sourdough #2805,Bakery & Confectionery,"whole wheat flour, water, sourdough culture, sea salt",237.8,1.5,371.5,0.5,0.0,11.1,6.1,0,0,0,0,0,99,Low Risk
890767548634,Flavored Fruit Yogurt #2806,Dairy,"milk, sugar, strawberries, modified corn starch, carmine color, potassium sorbate",105.4,16.8,66.4,1.4,0.0,4.2,0.5,3,1,0,1,0,78,Moderate Risk
890931778065,Skimmed Milk #2807,Dairy,"skimmed milk, vitamin a, vitamin d3",33.1,4.2,46.3,0.2,0.0,3.4,0.0,0,0,0,0,0,99,Low Risk
890943371772,Industrial White Sandwich Bread #2808,Bakery & Confectionery,"refined wheat flour, sugar, yeast, palm oil, calcium propionate, emulsifier 481, flour treatment agent 300",302.2,4.2,492.7,1.4,0.06,8.5,2.1,4,0,0,2,0,84,Moderate Risk
890511850674,Energy Drink with High Caffeine #2809,Beverages,"carbonated water, sucrose, glucose, taurine, caffeine, inositol, niacinamide, pyridoxine, color e133, sodium benzoate",49.1,11.0,80.5,0.0,0.0,0.4,0.0,6,1,0,2,0,67,Moderate Risk
890944779772,Pure Green Tea Bag #2810,Beverages,100% organic green tea leaves,1.0,0.0,1.0,0.0,0.0,0.2,0.0,0,0,0,0,0,99,Low Risk
890203811890,Standard Processed Cheese #2811,Dairy,"milk, salt, cheese cultures, enzymes, sodium phosphate, annatto",315.3,1.3,1318.9,24.7,0.75,17.1,0.0,3,1,0,1,0,37,High Risk
890519562685,Adulterated Mustard Oil with Argemone #2812,Spices & Condiments,"mustard oil, argemone oil, mineral oil, butter yellow dye",1004.7,0.0,4.6,10.3,1.45,0.0,0.0,3,1,0,0,1,17,High Risk
890859348246,Commercial Tomato Ketchup #2813,Spices & Condiments,"tomato paste, sugar, distilled vinegar, salt, onion powder, sodium benzoate, potassium sorbate, pectin",99.7,27.4,1090.5,0.1,0.0,1.4,1.4,3,0,0,2,0,56,Moderate Risk
890881509030,Pure Red Chilli Powder #2814,Spices & Condiments,100% dried red chillies,357.9,8.0,27.0,3.8,0.0,11.8,29.1,0,0,0,0,0,99,Low Risk
890316738264,Commercial Potato Crisps #2815,Snacks,"potatoes, palm oil, salt, monosodium glutamate, flavor enhancer 635, dextrose",518.1,0.7,893.9,14.1,0.34,6.1,2.9,4,0,0,1,0,67,Moderate Risk
890630006414,Organic Trail Mix #2816,Snacks,"almonds, walnuts, raisins, sunflower seeds, pumpkin seeds",467.1,21.1,16.0,3.9,0.0,13.8,7.9,0,0,0,0,0,99,Moderate Risk
890979712819,Greek Plain Yogurt #2817,Dairy,"cultured pasteurized nonfat milk, live active cultures",58.0,4.0,31.3,0.4,0.0,10.9,0.0,0,0,0,0,0,99,Low Risk
890933006218,Adulterated Chilli Powder with Sudan Dye #2818,Spices & Condiments,"red chilli powder, brick powder trace, sudan i dye, salt, mineral oil",291.8,3.8,570.5,3.6,0.0,5.9,14.5,4,1,0,0,1,51,High Risk
890918631925,Adulterated Mustard Oil with Argemone #2819,Spices & Condiments,"mustard oil, argemone oil, mineral oil, butter yellow dye",981.8,0.0,5.7,11.9,1.6,0.0,0.0,3,1,0,0,1,14,High Risk
890253779354,Synthetic Milk Sample #2820,Dairy,"urea, detergent, refined vegetable oil, caustic soda, water",197.6,0.5,796.8,15.3,4.3,1.1,0.0,5,0,0,3,1,5,High Risk
890845321570,Flavored Fruit Yogurt #2821,Dairy,"milk, sugar, strawberries, modified corn starch, carmine color, potassium sorbate",97.1,17.2,60.8,1.6,0.0,3.8,0.5,3,1,0,1,0,78,Moderate Risk
890958343107,Pure Extra Virgin Olive Oil #2822,Spices & Condiments,100% extra virgin cold pressed olive oil,885.7,0.0,2.4,13.0,0.0,0.0,0.0,0,0,0,0,0,92,Low Risk
890614056511,Extruded Spicy Puffs #2823,Snacks,"corn meal, palm olein, maltodextrin, sunset yellow fcf, tartrazine, tbhq, msg, artificial flavors",618.2,4.0,1257.7,17.5,1.18,5.0,1.5,7,2,0,2,1,5,High Risk
890239222315,Pure Green Tea Bag #2824,Beverages,100% organic green tea leaves,1.1,0.0,1.0,0.0,0.0,0.2,0.0,0,0,0,0,0,99,Low Risk
890555511412,Dark Chocolate 85% #2825,Bakery & Confectionery,"cocoa mass, cocoa butter, cane sugar, vanilla beans",586.5,12.4,13.1,26.8,0.0,7.9,11.6,0,0,0,0,0,91,Low Risk
890786989464,Energy Drink with High Caffeine #2826,Beverages,"carbonated water, sucrose, glucose, taurine, caffeine, inositol, niacinamide, pyridoxine, color e133, sodium benzoate",54.8,12.4,82.9,0.0,0.0,0.4,0.0,6,1,0,2,0,66,Moderate Risk
890312011829,Organic Trail Mix #2827,Snacks,"almonds, walnuts, raisins, sunflower seeds, pumpkin seeds",460.2,19.2,14.7,3.8,0.0,15.4,7.8,0,0,0,0,0,99,Moderate Risk
890483514093,Pure Ground Turmeric Powder #2828,Spices & Condiments,100% turmeric rhizome powder,330.2,2.9,39.2,2.5,0.0,10.1,21.2,0,0,0,0,0,99,Low Risk
890966995181,Baked Whole Grain Crackers #2829,Snacks,"whole wheat flour, canola oil, sea salt, malt extract",472.9,2.9,465.6,1.6,0.0,8.5,8.0,0,0,0,0,0,99,Low Risk
890382380699,Adulterated Turmeric with Metanil Yellow #2830,Spices & Condiments,"turmeric powder, lead chromate trace, chalk powder, metanil yellow color",234.4,2.1,170.7,1.6,0.0,5.4,11.1,3,1,0,0,1,56,High Risk
890302841418,Flavored Fruit Yogurt #2831,Dairy,"milk, sugar, strawberries, modified corn starch, carmine color, potassium sorbate",105.8,17.2,73.7,1.8,0.0,3.7,0.5,3,1,0,1,0,78,Moderate Risk
890129844228,Adulterated Butter with Animal Fat & Starch #2832,Dairy,"milk fat, animal tallow, starch, yellow dye 5, preservative",618.1,0.5,597.3,49.2,3.77,0.5,0.0,4,1,0,2,1,5,High Risk
890695088520,Cottage Cheese (Paneer) #2833,Dairy,"pasteurized milk, citric acid",301.7,1.0,23.1,16.6,0.0,19.1,0.0,0,0,0,0,0,96,Low Risk
890983838635,Pure Ground Turmeric Powder #2834,Spices & Condiments,100% turmeric rhizome powder,294.0,3.2,38.0,3.0,0.0,9.0,23.2,0,0,0,0,0,99,Low Risk
890608409527,Adulterated Turmeric with Metanil Yellow #2835,Spices & Condiments,"turmeric powder, lead chromate trace, chalk powder, metanil yellow color",232.3,1.9,205.3,1.7,0.0,5.2,12.4,3,1,0,0,1,56,High Risk
890537457770,Extruded Spicy Puffs #2836,Snacks,"corn meal, palm olein, maltodextrin, sunset yellow fcf, tartrazine, tbhq, msg, artificial flavors",563.5,4.3,1292.9,19.2,1.46,4.5,1.5,7,2,0,2,1,5,High Risk
890927253519,Adulterated Mustard Oil with Argemone #2837,Spices & Condiments,"mustard oil, argemone oil, mineral oil, butter yellow dye",868.9,0.0,5.9,13.8,1.73,0.0,0.0,3,1,0,0,1,10,High Risk
890648688320,Synthetic Colored Hard Candies #2838,Bakery & Confectionery,"sugar, liquid glucose, allura red, brilliant blue fcf, tartrazine, artificial fruit flavor, citric acid",373.3,85.5,68.3,0.0,0.0,0.0,0.0,5,3,0,1,1,5,High Risk
890535224784,Flavored Fruit Yogurt #2839,Dairy,"milk, sugar, strawberries, modified corn starch, carmine color, potassium sorbate",96.1,18.2,73.0,1.5,0.0,3.7,0.5,3,1,0,1,0,77,Moderate Risk
890775902394,Processed Nacho Chips #2840,Snacks,"corn, vegetable fat, whey powder, disodium guanylate, artificial cheese flavor, yellow 6 lake",461.8,2.0,919.6,8.1,0.95,6.2,3.7,5,1,0,1,0,53,Moderate Risk
890941749890,Low-Cost Synthetic Fruit Drink #2841,Beverages,"water, invert sugar syrup, metanil yellow, citric acid, clouding agent, artificial mango flavor, potassium metabisulphite",51.1,12.9,41.3,0.0,0.0,0.0,0.0,6,2,0,2,1,21,High Risk
890249811028,Fried Street-Style Savory Mix #2842,Snacks,"refined flour, re-used palm oil, metanil yellow, excess salt, msg",634.9,1.5,1395.4,26.3,3.7,5.8,1.1,6,2,0,2,1,5,High Risk
890993385668,Synthetic Milk Sample #2843,Dairy,"urea, detergent, refined vegetable oil, caustic soda, water",180.9,0.5,702.7,12.2,4.38,1.1,0.0,5,0,0,3,1,5,High Risk
890832179851,Cream-Filled Sandwich Cookies #2844,Bakery & Confectionery,"refined wheat flour, sugar, hydrogenated palm oil, cocoa, high fructose corn syrup, soy lecithin, vanillin, artificial chocolate flavor, tbhq",466.4,34.7,358.3,8.3,1.92,4.7,2.0,5,0,0,2,1,5,High Risk
890433411538,100% Whole Wheat Sourdough #2845,Bakery & Confectionery,"whole wheat flour, water, sourdough culture, sea salt",266.3,1.4,501.4,0.5,0.0,10.4,5.7,0,0,0,0,0,99,Low Risk
890134841975,Carbonated Cola Drink #2846,Beverages,"carbonated water, high fructose corn syrup, caramel color iv, phosphoric acid, caffeine, artificial flavors",42.2,9.0,11.9,0.0,0.0,0.0,0.0,4,1,0,1,0,78,Moderate Risk
890588681681,Cottage Cheese (Paneer) #2847,Dairy,"pasteurized milk, citric acid",279.9,1.4,24.8,17.7,0.0,19.1,0.0,0,0,0,0,0,95,Low Risk
890390946569,Baked Whole Grain Crackers #2848,Snacks,"whole wheat flour, canola oil, sea salt, malt extract",362.4,2.5,352.9,1.6,0.0,9.1,7.3,0,0,0,0,0,99,Low Risk
890644535336,Cold Pressed Orange Juice #2849,Beverages,100% freshly pressed oranges,39.1,9.2,2.1,0.1,0.0,0.7,1.6,0,0,0,0,0,99,Low Risk
890649366551,Flavored Fruit Yogurt #2850,Dairy,"milk, sugar, strawberries, modified corn starch, carmine color, potassium sorbate",122.3,17.7,66.9,1.5,0.0,3.6,0.5,3,1,0,1,0,77,Moderate Risk
890599421817,Instant Fried Noodles #2851,Snacks,"wheat flour, palm oil, salt, guar gum, flavor enhancer 621, caramel iv, sodium polyphosphate",478.1,3.2,1730.6,10.7,0.49,9.9,2.7,5,1,0,2,0,47,Moderate Risk
890478733869,Whole Cow Milk #2852,Dairy,"milk, vitamin d3",62.4,5.2,45.6,3.1,0.0,3.3,0.0,0,0,0,0,0,99,Low Risk
890855310630,Roasted Chickpeas #2853,Snacks,"chickpeas, olive oil, sea salt",326.3,1.9,314.2,1.0,0.0,19.0,15.8,0,0,0,0,0,99,Low Risk
890547516488,Adulterated Low-Cost Paneer #2854,Dairy,"milk solids, vegetable oil, starch, sulfuric acid trace, detergent trace",258.6,3.6,508.9,21.4,2.54,9.2,0.0,4,0,0,2,1,5,High Risk
890237088739,Energy Drink with High Caffeine #2855,Beverages,"carbonated water, sucrose, glucose, taurine, caffeine, inositol, niacinamide, pyridoxine, color e133, sodium benzoate",52.2,13.0,83.9,0.0,0.0,0.4,0.0,6,1,0,2,0,66,Moderate Risk
890590803936,Synthetic Colored Hard Candies #2856,Bakery & Confectionery,"sugar, liquid glucose, allura red, brilliant blue fcf, tartrazine, artificial fruit flavor, citric acid",343.3,85.1,70.8,0.0,0.0,0.0,0.0,5,3,0,1,1,5,High Risk
890910380635,Fried Street-Style Savory Mix #2857,Snacks,"refined flour, re-used palm oil, metanil yellow, excess salt, msg",528.9,1.6,1520.5,20.0,3.64,6.0,1.0,6,2,0,2,1,5,High Risk
890714393111,Synthetic Milk Sample #2858,Dairy,"urea, detergent, refined vegetable oil, caustic soda, water",162.2,0.5,862.9,14.6,4.28,1.3,0.0,5,0,0,3,1,5,High Risk
890874226459,Cream-Filled Sandwich Cookies #2859,Bakery & Confectionery,"refined wheat flour, sugar, hydrogenated palm oil, cocoa, high fructose corn syrup, soy lecithin, vanillin, artificial chocolate flavor, tbhq",545.6,44.9,390.6,10.4,1.76,4.8,2.0,5,0,0,2,1,5,High Risk
890833104367,Pure Red Chilli Powder #2860,Spices & Condiments,100% dried red chillies,279.8,7.7,29.9,3.9,0.0,11.8,26.5,0,0,0,0,0,99,Low Risk
890398318749,Pure Extra Virgin Olive Oil #2861,Spices & Condiments,100% extra virgin cold pressed olive oil,865.8,0.0,2.0,15.0,0.0,0.0,0.0,0,0,0,0,0,90,Low Risk
890504902509,Whole Cow Milk #2862,Dairy,"milk, vitamin d3",68.7,5.2,50.3,2.9,0.0,3.1,0.0,0,0,0,0,0,99,Low Risk
890951182244,Dark Chocolate 85% #2863,Bakery & Confectionery,"cocoa mass, cocoa butter, cane sugar, vanilla beans",589.5,14.2,17.6,25.0,0.0,8.9,11.6,0,0,0,0,0,89,Low Risk
890393692026,Adulterated Mustard Oil with Argemone #2864,Spices & Condiments,"mustard oil, argemone oil, mineral oil, butter yellow dye",887.6,0.0,5.3,14.3,1.63,0.0,0.0,3,1,0,0,1,11,High Risk
890839225152,Skimmed Milk #2865,Dairy,"skimmed milk, vitamin a, vitamin d3",30.0,5.4,53.3,0.2,0.0,3.6,0.0,0,0,0,0,0,99,Low Risk
890700658319,Synthetic Milk Sample #2866,Dairy,"urea, detergent, refined vegetable oil, caustic soda, water",205.5,0.6,738.8,16.4,4.31,1.3,0.0,5,0,0,3,1,5,High Risk
890538166510,Adulterated Butter with Animal Fat & Starch #2867,Dairy,"milk fat, animal tallow, starch, yellow dye 5, preservative",594.1,0.5,678.9,53.0,3.86,0.5,0.0,4,1,0,2,1,5,High Risk
890471783663,Instant Fried Noodles #2868,Snacks,"wheat flour, palm oil, salt, guar gum, flavor enhancer 621, caramel iv, sodium polyphosphate",451.4,3.0,1983.9,10.0,0.78,9.2,2.7,5,1,0,2,0,41,Moderate Risk
890988099231,Energy Drink with High Caffeine #2869,Beverages,"carbonated water, sucrose, glucose, taurine, caffeine, inositol, niacinamide, pyridoxine, color e133, sodium benzoate",48.5,14.3,74.0,0.0,0.0,0.4,0.0,6,1,0,2,0,65,Moderate Risk
890596820795,Commercial Potato Crisps #2870,Snacks,"potatoes, palm oil, salt, monosodium glutamate, flavor enhancer 635, dextrose",546.0,0.8,646.8,12.8,0.58,6.2,3.2,4,0,0,1,0,68,Moderate Risk
890222941741,Skimmed Milk #2871,Dairy,"skimmed milk, vitamin a, vitamin d3",39.3,5.7,56.8,0.2,0.0,3.6,0.0,0,0,0,0,0,99,Low Risk
890789229667,Adulterated Mustard Oil with Argemone #2872,Spices & Condiments,"mustard oil, argemone oil, mineral oil, butter yellow dye",906.2,0.0,5.4,11.9,1.5,0.0,0.0,3,1,0,0,1,15,High Risk
890909971371,Coconut Water 100% Pure #2873,Beverages,pure tender coconut water,19.2,3.7,29.6,0.1,0.0,0.8,1.1,0,0,0,0,0,99,Low Risk
890132624386,Synthetic Colored Hard Candies #2874,Bakery & Confectionery,"sugar, liquid glucose, allura red, brilliant blue fcf, tartrazine, artificial fruit flavor, citric acid",411.6,62.6,71.0,0.0,0.0,0.0,0.0,5,3,0,1,1,5,High Risk
890539771850,Flavored Fruit Yogurt #2875,Dairy,"milk, sugar, strawberries, modified corn starch, carmine color, potassium sorbate",121.5,16.5,70.5,1.6,0.0,3.7,0.5,3,1,0,1,0,78,Moderate Risk
890428602810,Standard Processed Cheese #2876,Dairy,"milk, salt, cheese cultures, enzymes, sodium phosphate, annatto",298.5,1.1,1184.5,18.4,0.68,16.3,0.0,3,1,0,1,0,47,Moderate Risk
890476401935,Baked Whole Grain Crackers #2877,Snacks,"whole wheat flour, canola oil, sea salt, malt extract",363.0,2.3,335.3,1.5,0.0,8.5,7.3,0,0,0,0,0,99,Low Risk
890194790645,Diet Soda with Multiple Sweeteners #2878,Beverages,"carbonated water, aspartame, acesulfame potassium, caramel iv, sodium benzoate, phosphoric acid",1.0,0.0,33.4,0.0,0.0,0.0,0.0,5,1,2,1,0,66,Moderate Risk
890150502107,Flavored Fruit Yogurt #2879,Dairy,"milk, sugar, strawberries, modified corn starch, carmine color, potassium sorbate",104.3,17.8,61.1,1.6,0.0,4.3,0.5,3,1,0,1,0,77,Moderate Risk
890552448453,Industrial White Sandwich Bread #2880,Bakery & Confectionery,"refined wheat flour, sugar, yeast, palm oil, calcium propionate, emulsifier 481, flour treatment agent 300",275.4,5.4,474.1,1.1,0.07,7.2,2.0,4,0,0,2,0,83,Moderate Risk
890408519899,Commercial Potato Crisps #2881,Snacks,"potatoes, palm oil, salt, monosodium glutamate, flavor enhancer 635, dextrose",567.4,0.9,842.3,12.7,0.64,7.0,2.9,4,0,0,1,0,60,Moderate Risk
890893767621,Whole Cow Milk #2882,Dairy,"milk, vitamin d3",66.1,4.2,44.6,3.6,0.0,3.5,0.0,0,0,0,0,0,99,Low Risk
890974218059,Roasted Chickpeas #2883,Snacks,"chickpeas, olive oil, sea salt",384.0,1.8,292.2,1.3,0.0,20.2,16.4,0,0,0,0,0,99,Low Risk
890592266259,Energy Drink with High Caffeine #2884,Beverages,"carbonated water, sucrose, glucose, taurine, caffeine, inositol, niacinamide, pyridoxine, color e133, sodium benzoate",50.8,12.3,95.3,0.0,0.0,0.4,0.0,6,1,0,2,0,66,Moderate Risk
890768183235,Pure Extra Virgin Olive Oil #2885,Spices & Condiments,100% extra virgin cold pressed olive oil,922.8,0.0,2.2,13.7,0.0,0.0,0.0,0,0,0,0,0,91,Low Risk
890640088978,Diet Soda with Multiple Sweeteners #2886,Beverages,"carbonated water, aspartame, acesulfame potassium, caramel iv, sodium benzoate, phosphoric acid",1.1,0.0,41.8,0.0,0.0,0.0,0.0,5,1,2,1,0,66,Moderate Risk
890796503938,Oat & Honey Granola Bar #2887,Bakery & Confectionery,"rolled oats, honey, almonds, crisped rice, sunflower oil, salt",453.4,16.5,183.7,2.4,0.0,7.8,5.8,0,0,0,0,0,99,Low Risk
890829413528,Fried Street-Style Savory Mix #2888,Snacks,"refined flour, re-used palm oil, metanil yellow, excess salt, msg",560.1,1.4,1610.1,25.9,3.46,6.0,0.9,6,2,0,2,1,5,High Risk
890162370142,Synthetic Colored Hard Candies #2889,Bakery & Confectionery,"sugar, liquid glucose, allura red, brilliant blue fcf, tartrazine, artificial fruit flavor, citric acid",371.1,82.1,95.8,0.0,0.0,0.0,0.0,5,3,0,1,1,5,High Risk
890874710213,Commercial Tomato Ketchup #2890,Spices & Condiments,"tomato paste, sugar, distilled vinegar, salt, onion powder, sodium benzoate, potassium sorbate, pectin",121.0,23.0,853.6,0.1,0.0,1.5,1.5,3,0,0,2,0,64,Moderate Risk
890574949362,Commercial Potato Crisps #2891,Snacks,"potatoes, palm oil, salt, monosodium glutamate, flavor enhancer 635, dextrose",457.6,0.8,786.0,10.7,0.62,6.6,3.0,4,0,0,1,0,67,Moderate Risk
890667672961,Pure Extra Virgin Olive Oil #2892,Spices & Condiments,100% extra virgin cold pressed olive oil,935.1,0.0,2.3,14.5,0.0,0.0,0.0,0,0,0,0,0,90,Low Risk
890691453181,Dark Chocolate 85% #2893,Bakery & Confectionery,"cocoa mass, cocoa butter, cane sugar, vanilla beans",567.5,14.5,14.7,24.9,0.0,9.1,11.1,0,0,0,0,0,89,Low Risk
890811814870,Roasted Chickpeas #2894,Snacks,"chickpeas, olive oil, sea salt",399.3,2.5,317.4,1.2,0.0,18.1,16.5,0,0,0,0,0,99,Low Risk
890624805544,Cottage Cheese (Paneer) #2895,Dairy,"pasteurized milk, citric acid",231.3,1.1,22.0,18.8,0.0,19.3,0.0,0,0,0,0,0,94,Low Risk
890884096327,Diet Soda with Multiple Sweeteners #2896,Beverages,"carbonated water, aspartame, acesulfame potassium, caramel iv, sodium benzoate, phosphoric acid",1.0,0.0,37.9,0.0,0.0,0.0,0.0,5,1,2,1,0,66,Moderate Risk
890981220773,Cottage Cheese (Paneer) #2897,Dairy,"pasteurized milk, citric acid",253.3,1.2,24.4,19.6,0.0,18.7,0.0,0,0,0,0,0,93,Low Risk
890489943993,Fresh Butter #2898,Dairy,"pasteurized cream, salt",654.4,0.1,598.5,44.7,0.0,1.0,0.0,0,0,0,0,0,77,Low Risk
890452899259,Pure Green Tea Bag #2899,Beverages,100% organic green tea leaves,0.9,0.0,1.2,0.0,0.0,0.2,0.0,0,0,0,0,0,99,Low Risk
890192117323,Adulterated Chilli Powder with Sudan Dye #2900,Spices & Condiments,"red chilli powder, brick powder trace, sudan i dye, salt, mineral oil",257.4,4.6,718.5,3.7,0.0,5.9,12.9,4,1,0,0,1,49,High Risk
890779216206,Processed Nacho Chips #2901,Snacks,"corn, vegetable fat, whey powder, disodium guanylate, artificial cheese flavor, yellow 6 lake",536.0,2.0,1050.2,9.3,1.0,7.2,3.7,5,1,0,1,0,50,Moderate Risk
890798934260,Fresh Butter #2902,Dairy,"pasteurized cream, salt",728.9,0.1,539.7,51.8,0.0,1.0,0.0,0,0,0,0,0,78,Low Risk
890296225145,Commercial Tomato Ketchup #2903,Spices & Condiments,"tomato paste, sugar, distilled vinegar, salt, onion powder, sodium benzoate, potassium sorbate, pectin",116.2,21.5,869.8,0.1,0.0,1.5,1.5,3,0,0,2,0,65,Moderate Risk
890845862917,Flavored Fruit Yogurt #2904,Dairy,"milk, sugar, strawberries, modified corn starch, carmine color, potassium sorbate",116.9,19.5,71.5,1.8,0.0,4.0,0.5,3,1,0,1,0,76,Moderate Risk
890271538859,Industrial White Sandwich Bread #2905,Bakery & Confectionery,"refined wheat flour, sugar, yeast, palm oil, calcium propionate, emulsifier 481, flour treatment agent 300",294.4,4.5,574.1,1.2,0.11,8.0,1.9,4,0,0,2,0,82,Moderate Risk
890490115455,Pure Extra Virgin Olive Oil #2906,Spices & Condiments,100% extra virgin cold pressed olive oil,982.1,0.0,2.2,12.3,0.0,0.0,0.0,0,0,0,0,0,93,Low Risk
890349495535,Processed Nacho Chips #2907,Snacks,"corn, vegetable fat, whey powder, disodium guanylate, artificial cheese flavor, yellow 6 lake",563.5,1.9,1032.5,8.7,0.77,6.2,3.6,5,1,0,1,0,54,Moderate Risk
890303560924,Flavored Fruit Yogurt #2908,Dairy,"milk, sugar, strawberries, modified corn starch, carmine color, potassium sorbate",103.8,16.8,73.5,1.5,0.0,3.9,0.5,3,1,0,1,0,78,Moderate Risk
890378797430,Dark Chocolate 85% #2909,Bakery & Confectionery,"cocoa mass, cocoa butter, cane sugar, vanilla beans",525.5,13.3,16.9,33.1,0.0,8.0,11.8,0,0,0,0,0,90,Low Risk
890646020706,Adulterated Chilli Powder with Sudan Dye #2910,Spices & Condiments,"red chilli powder, brick powder trace, sudan i dye, salt, mineral oil",308.2,3.6,636.9,4.7,0.0,6.0,12.8,4,1,0,0,1,50,High Risk
890842467373,Industrial White Sandwich Bread #2911,Bakery & Confectionery,"refined wheat flour, sugar, yeast, palm oil, calcium propionate, emulsifier 481, flour treatment agent 300",271.6,4.7,562.3,1.3,0.22,7.6,1.9,4,0,0,2,0,82,Moderate Risk
890745972720,Industrial White Sandwich Bread #2912,Bakery & Confectionery,"refined wheat flour, sugar, yeast, palm oil, calcium propionate, emulsifier 481, flour treatment agent 300",272.1,4.2,493.9,1.2,0.04,7.4,1.9,4,0,0,2,0,83,Moderate Risk
890336594300,Energy Drink with High Caffeine #2913,Beverages,"carbonated water, sucrose, glucose, taurine, caffeine, inositol, niacinamide, pyridoxine, color e133, sodium benzoate",42.6,12.9,79.1,0.0,0.0,0.4,0.0,6,1,0,2,0,66,Moderate Risk
890162130809,Adulterated Butter with Animal Fat & Starch #2914,Dairy,"milk fat, animal tallow, starch, yellow dye 5, preservative",660.5,0.6,731.4,47.1,3.84,0.5,0.0,4,1,0,2,1,5,High Risk
890898570426,Energy Drink with High Caffeine #2915,Beverages,"carbonated water, sucrose, glucose, taurine, caffeine, inositol, niacinamide, pyridoxine, color e133, sodium benzoate",46.6,12.7,91.7,0.0,0.0,0.4,0.0,6,1,0,2,0,66,Moderate Risk
890509002359,Oat & Honey Granola Bar #2916,Bakery & Confectionery,"rolled oats, honey, almonds, crisped rice, sunflower oil, salt",363.1,17.0,206.8,2.2,0.0,9.3,5.0,0,0,0,0,0,99,Low Risk
890464234711,Adulterated Low-Cost Paneer #2917,Dairy,"milk solids, vegetable oil, starch, sulfuric acid trace, detergent trace",323.8,4.1,575.0,15.9,2.78,9.3,0.0,4,0,0,2,1,5,High Risk
890463555377,Standard Processed Cheese #2918,Dairy,"milk, salt, cheese cultures, enzymes, sodium phosphate, annatto",352.3,1.4,1167.0,22.0,0.65,17.1,0.0,3,1,0,1,0,44,Moderate Risk
890709668520,Cottage Cheese (Paneer) #2919,Dairy,"pasteurized milk, citric acid",267.7,1.4,21.4,16.1,0.0,18.5,0.0,0,0,0,0,0,96,Low Risk
890351417598,Oat & Honey Granola Bar #2920,Bakery & Confectionery,"rolled oats, honey, almonds, crisped rice, sunflower oil, salt",437.7,16.0,153.7,2.3,0.0,8.0,5.0,0,0,0,0,0,99,Low Risk
890507486899,Industrial White Sandwich Bread #2921,Bakery & Confectionery,"refined wheat flour, sugar, yeast, palm oil, calcium propionate, emulsifier 481, flour treatment agent 300",300.5,4.7,582.0,1.3,0.3,8.8,2.0,4,0,0,2,0,82,Moderate Risk
890516884847,Commercial Tomato Ketchup #2922,Spices & Condiments,"tomato paste, sugar, distilled vinegar, salt, onion powder, sodium benzoate, potassium sorbate, pectin",113.5,26.1,1020.7,0.1,0.0,1.5,1.6,3,0,0,2,0,60,Moderate Risk
890677465395,Whole Cow Milk #2923,Dairy,"milk, vitamin d3",70.2,5.0,44.7,3.4,0.0,3.2,0.0,0,0,0,0,0,99,Low Risk
890298157273,Fresh Butter #2924,Dairy,"pasteurized cream, salt",783.6,0.1,660.9,59.0,0.0,0.9,0.0,0,0,0,0,0,76,Moderate Risk
890954313930,Adulterated Chilli Powder with Sudan Dye #2925,Spices & Condiments,"red chilli powder, brick powder trace, sudan i dye, salt, mineral oil",320.7,3.8,739.3,4.7,0.0,6.6,13.1,4,1,0,0,1,49,High Risk
890524344400,Adulterated Turmeric with Metanil Yellow #2926,Spices & Condiments,"turmeric powder, lead chromate trace, chalk powder, metanil yellow color",272.9,2.3,190.6,1.5,0.0,4.7,11.0,3,1,0,0,1,55,High Risk
890540892288,Industrial White Sandwich Bread #2927,Bakery & Confectionery,"refined wheat flour, sugar, yeast, palm oil, calcium propionate, emulsifier 481, flour treatment agent 300",252.8,5.7,606.7,1.1,0.33,8.4,1.9,4,0,0,2,0,82,Moderate Risk
890814151471,Adulterated Chilli Powder with Sudan Dye #2928,Spices & Condiments,"red chilli powder, brick powder trace, sudan i dye, salt, mineral oil",284.1,4.0,691.7,4.2,0.0,5.7,12.9,4,1,0,0,1,49,High Risk
890418399725,Fried Street-Style Savory Mix #2929,Snacks,"refined flour, re-used palm oil, metanil yellow, excess salt, msg",600.4,1.5,1403.3,22.8,3.72,5.7,1.1,6,2,0,2,1,5,High Risk
890213116805,Fried Street-Style Savory Mix #2930,Snacks,"refined flour, re-used palm oil, metanil yellow, excess salt, msg",541.9,1.5,1312.1,21.7,3.52,5.5,0.9,6,2,0,2,1,5,High Risk
890238603553,Commercial Potato Crisps #2931,Snacks,"potatoes, palm oil, salt, monosodium glutamate, flavor enhancer 635, dextrose",513.6,0.8,760.5,12.4,0.33,6.1,3.1,4,0,0,1,0,75,Moderate Risk
890203044370,Commercial Tomato Ketchup #2932,Spices & Condiments,"tomato paste, sugar, distilled vinegar, salt, onion powder, sodium benzoate, potassium sorbate, pectin",108.6,25.0,869.6,0.1,0.0,1.5,1.6,3,0,0,2,0,62,Moderate Risk
890611044350,Baked Whole Grain Crackers #2933,Snacks,"whole wheat flour, canola oil, sea salt, malt extract",475.8,2.1,380.7,1.9,0.0,9.6,6.9,0,0,0,0,0,99,Low Risk
890888802997,Industrial White Sandwich Bread #2934,Bakery & Confectionery,"refined wheat flour, sugar, yeast, palm oil, calcium propionate, emulsifier 481, flour treatment agent 300",282.7,5.7,443.0,1.3,0.4,8.6,1.9,4,0,0,2,0,84,Moderate Risk
890424423732,Oat & Honey Granola Bar #2935,Bakery & Confectionery,"rolled oats, honey, almonds, crisped rice, sunflower oil, salt",451.2,15.4,196.9,2.3,0.0,7.9,5.9,0,0,0,0,0,99,Low Risk
890572898405,100% Whole Wheat Sourdough #2936,Bakery & Confectionery,"whole wheat flour, water, sourdough culture, sea salt",220.0,1.3,450.3,0.6,0.0,10.6,5.9,0,0,0,0,0,99,Low Risk
890153173795,Standard Processed Cheese #2937,Dairy,"milk, salt, cheese cultures, enzymes, sodium phosphate, annatto",346.0,1.2,1129.1,22.3,0.52,17.8,0.0,3,1,0,1,0,47,Moderate Risk
890776472379,Commercial Potato Crisps #2938,Snacks,"potatoes, palm oil, salt, monosodium glutamate, flavor enhancer 635, dextrose",570.7,0.8,872.3,13.7,0.55,6.5,3.4,4,0,0,1,0,60,Moderate Risk
890317163992,Pure Extra Virgin Olive Oil #2939,Spices & Condiments,100% extra virgin cold pressed olive oil,985.8,0.0,1.8,15.0,0.0,0.0,0.0,0,0,0,0,0,90,Low Risk
890223662828,Low-Cost Synthetic Fruit Drink #2940,Beverages,"water, invert sugar syrup, metanil yellow, citric acid, clouding agent, artificial mango flavor, potassium metabisulphite",56.3,17.2,40.1,0.0,0.0,0.0,0.0,6,2,0,2,1,17,High Risk
890845044220,Energy Drink with High Caffeine #2941,Beverages,"carbonated water, sucrose, glucose, taurine, caffeine, inositol, niacinamide, pyridoxine, color e133, sodium benzoate",48.9,13.8,72.9,0.0,0.0,0.4,0.0,6,1,0,2,0,65,Moderate Risk
890621750920,Pure Ground Turmeric Powder #2942,Spices & Condiments,100% turmeric rhizome powder,352.8,3.4,43.3,2.7,0.0,9.5,21.4,0,0,0,0,0,99,Low Risk
890928258804,Standard Processed Cheese #2943,Dairy,"milk, salt, cheese cultures, enzymes, sodium phosphate, annatto",293.5,1.4,1145.5,18.5,0.61,17.5,0.0,3,1,0,1,0,49,Moderate Risk
890925135194,Adulterated Butter with Animal Fat & Starch #2944,Dairy,"milk fat, animal tallow, starch, yellow dye 5, preservative",601.9,0.5,612.1,62.1,4.09,0.5,0.0,4,1,0,2,1,5,High Risk
890208047053,Processed Nacho Chips #2945,Snacks,"corn, vegetable fat, whey powder, disodium guanylate, artificial cheese flavor, yellow 6 lake",468.3,2.2,980.2,8.2,0.96,7.3,3.7,5,1,0,1,0,52,Moderate Risk
890263355021,Pure Ground Turmeric Powder #2946,Spices & Condiments,100% turmeric rhizome powder,294.5,3.4,32.7,3.2,0.0,9.4,23.4,0,0,0,0,0,99,Low Risk
890325237442,Dark Chocolate 85% #2947,Bakery & Confectionery,"cocoa mass, cocoa butter, cane sugar, vanilla beans",565.1,16.2,15.7,24.7,0.0,8.2,10.4,0,0,0,0,0,87,Low Risk
890336179609,Commercial Tomato Ketchup #2948,Spices & Condiments,"tomato paste, sugar, distilled vinegar, salt, onion powder, sodium benzoate, potassium sorbate, pectin",114.2,23.7,1085.1,0.1,0.0,1.5,1.6,3,0,0,2,0,59,Moderate Risk
890634922665,Adulterated Turmeric with Metanil Yellow #2949,Spices & Condiments,"turmeric powder, lead chromate trace, chalk powder, metanil yellow color",272.2,1.9,153.5,1.4,0.0,4.6,11.2,3,1,0,0,1,55,High Risk
890944256420,Instant Fried Noodles #2950,Snacks,"wheat flour, palm oil, salt, guar gum, flavor enhancer 621, caramel iv, sodium polyphosphate",407.9,2.6,2062.4,8.4,0.4,9.7,2.3,5,1,0,2,0,52,Moderate Risk
890885809098,Synthetic Colored Hard Candies #2951,Bakery & Confectionery,"sugar, liquid glucose, allura red, brilliant blue fcf, tartrazine, artificial fruit flavor, citric acid",431.4,81.3,83.8,0.0,0.0,0.0,0.0,5,3,0,1,1,5,High Risk
890400816342,Commercial Potato Crisps #2952,Snacks,"potatoes, palm oil, salt, monosodium glutamate, flavor enhancer 635, dextrose",570.5,0.9,734.6,11.5,0.44,5.9,3.4,4,0,0,1,0,77,Moderate Risk
890955977488,Pure Red Chilli Powder #2953,Spices & Condiments,100% dried red chillies,284.2,6.8,30.4,3.7,0.0,12.5,26.6,0,0,0,0,0,99,Low Risk
890639700127,Synthetic Colored Hard Candies #2954,Bakery & Confectionery,"sugar, liquid glucose, allura red, brilliant blue fcf, tartrazine, artificial fruit flavor, citric acid",415.3,65.7,74.9,0.0,0.0,0.0,0.0,5,3,0,1,1,5,High Risk
890332936060,Extruded Spicy Puffs #2955,Snacks,"corn meal, palm olein, maltodextrin, sunset yellow fcf, tartrazine, tbhq, msg, artificial flavors",476.0,4.1,1512.7,19.5,1.48,5.1,1.6,7,2,0,2,1,5,High Risk
890753955105,100% Whole Wheat Sourdough #2956,Bakery & Confectionery,"whole wheat flour, water, sourdough culture, sea salt",252.6,1.8,474.2,0.5,0.0,10.1,6.4,0,0,0,0,0,99,Low Risk
890914060605,Cold Pressed Orange Juice #2957,Beverages,100% freshly pressed oranges,51.0,9.9,1.9,0.1,0.0,0.7,1.6,0,0,0,0,0,99,Low Risk
890970652824,Synthetic Colored Hard Candies #2958,Bakery & Confectionery,"sugar, liquid glucose, allura red, brilliant blue fcf, tartrazine, artificial fruit flavor, citric acid",405.8,77.3,82.0,0.0,0.0,0.0,0.0,5,3,0,1,1,5,High Risk
890456733749,Flavored Fruit Yogurt #2959,Dairy,"milk, sugar, strawberries, modified corn starch, carmine color, potassium sorbate",101.2,16.3,68.0,1.4,0.0,3.7,0.5,3,1,0,1,0,78,Moderate Risk
890367466696,Flavored Fruit Yogurt #2960,Dairy,"milk, sugar, strawberries, modified corn starch, carmine color, potassium sorbate",111.4,19.2,57.4,1.3,0.0,4.3,0.5,3,1,0,1,0,76,Moderate Risk
890225787274,Pure Green Tea Bag #2961,Beverages,100% organic green tea leaves,1.1,0.0,1.1,0.0,0.0,0.2,0.0,0,0,0,0,0,99,Low Risk
890681529117,Energy Drink with High Caffeine #2962,Beverages,"carbonated water, sucrose, glucose, taurine, caffeine, inositol, niacinamide, pyridoxine, color e133, sodium benzoate",52.4,12.2,74.3,0.0,0.0,0.4,0.0,6,1,0,2,0,66,Moderate Risk
890189416173,Fresh Butter #2963,Dairy,"pasteurized cream, salt",684.7,0.1,570.9,50.1,0.0,1.0,0.0,0,0,0,0,0,78,Low Risk
890725528037,Pure Extra Virgin Olive Oil #2964,Spices & Condiments,100% extra virgin cold pressed olive oil,975.3,0.0,2.0,15.3,0.0,0.0,0.0,0,0,0,0,0,90,Low Risk
890738624340,Whole Cow Milk #2965,Dairy,"milk, vitamin d3",68.8,4.7,39.7,3.8,0.0,3.3,0.0,0,0,0,0,0,99,Low Risk
890217056992,Skimmed Milk #2966,Dairy,"skimmed milk, vitamin a, vitamin d3",36.3,5.0,42.7,0.2,0.0,3.5,0.0,0,0,0,0,0,99,Low Risk
890474372166,Greek Plain Yogurt #2967,Dairy,"cultured pasteurized nonfat milk, live active cultures",57.6,3.1,42.2,0.4,0.0,10.7,0.0,0,0,0,0,0,99,Low Risk
890391623136,Pure Ground Turmeric Powder #2968,Spices & Condiments,100% turmeric rhizome powder,277.9,3.5,35.4,2.9,0.0,10.1,23.7,0,0,0,0,0,99,Low Risk
890583140744,Adulterated Mustard Oil with Argemone #2969,Spices & Condiments,"mustard oil, argemone oil, mineral oil, butter yellow dye",917.6,0.0,5.3,10.8,1.43,0.0,0.0,3,1,0,0,1,17,High Risk
890360736098,Processed Nacho Chips #2970,Snacks,"corn, vegetable fat, whey powder, disodium guanylate, artificial cheese flavor, yellow 6 lake",556.9,2.1,795.7,8.3,1.09,7.3,4.3,5,1,0,1,0,59,Moderate Risk
890523692085,Cream-Filled Sandwich Cookies #2971,Bakery & Confectionery,"refined wheat flour, sugar, hydrogenated palm oil, cocoa, high fructose corn syrup, soy lecithin, vanillin, artificial chocolate flavor, tbhq",467.7,38.4,318.7,11.2,2.07,4.7,1.9,5,0,0,2,1,5,High Risk
890795107576,Commercial Potato Crisps #2972,Snacks,"potatoes, palm oil, salt, monosodium glutamate, flavor enhancer 635, dextrose",514.4,0.8,745.3,10.9,0.47,6.9,3.4,4,0,0,1,0,77,Moderate Risk
890612311222,Whole Cow Milk #2973,Dairy,"milk, vitamin d3",67.3,4.9,40.2,3.4,0.0,2.9,0.0,0,0,0,0,0,99,Low Risk
890327943660,Synthetic Colored Hard Candies #2974,Bakery & Confectionery,"sugar, liquid glucose, allura red, brilliant blue fcf, tartrazine, artificial fruit flavor, citric acid",414.3,80.4,73.8,0.0,0.0,0.0,0.0,5,3,0,1,1,5,High Risk
890648741159,Extruded Spicy Puffs #2975,Snacks,"corn meal, palm olein, maltodextrin, sunset yellow fcf, tartrazine, tbhq, msg, artificial flavors",521.2,4.2,1269.0,15.8,1.42,4.9,1.4,7,2,0,2,1,5,High Risk
890930380905,Greek Plain Yogurt #2976,Dairy,"cultured pasteurized nonfat milk, live active cultures",51.5,3.3,40.8,0.3,0.0,9.8,0.0,0,0,0,0,0,99,Low Risk
890171449076,Pure Red Chilli Powder #2977,Spices & Condiments,100% dried red chillies,346.9,6.4,32.4,4.1,0.0,12.9,26.6,0,0,0,0,0,99,Low Risk
890873837898,Processed Nacho Chips #2978,Snacks,"corn, vegetable fat, whey powder, disodium guanylate, artificial cheese flavor, yellow 6 lake",506.0,2.0,854.9,11.3,0.94,6.9,3.7,5,1,0,1,0,49,Moderate Risk
890286082291,Adulterated Turmeric with Metanil Yellow #2979,Spices & Condiments,"turmeric powder, lead chromate trace, chalk powder, metanil yellow color",286.7,1.9,177.3,1.7,0.0,5.3,12.2,3,1,0,0,1,56,High Risk
890344224136,Adulterated Butter with Animal Fat & Starch #2980,Dairy,"milk fat, animal tallow, starch, yellow dye 5, preservative",604.7,0.4,665.9,47.2,4.02,0.5,0.0,4,1,0,2,1,5,High Risk
890874462593,Synthetic Colored Hard Candies #2981,Bakery & Confectionery,"sugar, liquid glucose, allura red, brilliant blue fcf, tartrazine, artificial fruit flavor, citric acid",382.5,86.0,76.8,0.0,0.0,0.0,0.0,5,3,0,1,1,5,High Risk
890453401361,Adulterated Chilli Powder with Sudan Dye #2982,Spices & Condiments,"red chilli powder, brick powder trace, sudan i dye, salt, mineral oil",239.3,4.7,673.0,3.9,0.0,6.0,15.1,4,1,0,0,1,49,High Risk
890712428709,Energy Drink with High Caffeine #2983,Beverages,"carbonated water, sucrose, glucose, taurine, caffeine, inositol, niacinamide, pyridoxine, color e133, sodium benzoate",51.8,11.7,83.9,0.0,0.0,0.4,0.0,6,1,0,2,0,67,Moderate Risk
890846644617,Cottage Cheese (Paneer) #2984,Dairy,"pasteurized milk, citric acid",281.5,1.4,19.3,16.2,0.0,17.5,0.0,0,0,0,0,0,96,Low Risk
890366414621,Cream-Filled Sandwich Cookies #2985,Bakery & Confectionery,"refined wheat flour, sugar, hydrogenated palm oil, cocoa, high fructose corn syrup, soy lecithin, vanillin, artificial chocolate flavor, tbhq",426.8,33.6,413.2,9.2,1.9,4.1,2.1,5,0,0,2,1,5,High Risk
890653762931,Adulterated Turmeric with Metanil Yellow #2986,Spices & Condiments,"turmeric powder, lead chromate trace, chalk powder, metanil yellow color",248.4,2.0,176.5,1.8,0.0,4.9,10.9,3,1,0,0,1,55,High Risk
890754102346,Roasted Chickpeas #2987,Snacks,"chickpeas, olive oil, sea salt",310.6,2.1,312.2,1.2,0.0,19.0,15.4,0,0,0,0,0,99,Low Risk
890426163393,Oat & Honey Granola Bar #2988,Bakery & Confectionery,"rolled oats, honey, almonds, crisped rice, sunflower oil, salt",456.8,15.0,178.9,2.2,0.0,8.8,6.0,0,0,0,0,0,99,Low Risk
890477420154,Synthetic Milk Sample #2989,Dairy,"urea, detergent, refined vegetable oil, caustic soda, water",188.6,0.5,966.3,14.9,4.42,1.2,0.0,5,0,0,3,1,5,High Risk
890882855591,Adulterated Turmeric with Metanil Yellow #2990,Spices & Condiments,"turmeric powder, lead chromate trace, chalk powder, metanil yellow color",217.5,1.8,193.6,1.7,0.0,4.7,11.4,3,1,0,0,1,56,High Risk
890913579074,Carbonated Cola Drink #2991,Beverages,"carbonated water, high fructose corn syrup, caramel color iv, phosphoric acid, caffeine, artificial flavors",36.0,9.5,12.7,0.0,0.0,0.0,0.0,4,1,0,1,0,78,Moderate Risk
890257589859,Instant Fried Noodles #2992,Snacks,"wheat flour, palm oil, salt, guar gum, flavor enhancer 621, caramel iv, sodium polyphosphate",432.2,2.5,2108.7,9.2,0.45,8.5,2.4,5,1,0,2,0,52,Moderate Risk
890953168073,Diet Soda with Multiple Sweeteners #2993,Beverages,"carbonated water, aspartame, acesulfame potassium, caramel iv, sodium benzoate, phosphoric acid",1.0,0.0,31.4,0.0,0.0,0.0,0.0,5,1,2,1,0,66,Moderate Risk
890331164661,Baked Whole Grain Crackers #2994,Snacks,"whole wheat flour, canola oil, sea salt, malt extract",388.2,2.3,439.9,1.7,0.0,8.2,6.9,0,0,0,0,0,99,Low Risk
890235055458,Energy Drink with High Caffeine #2995,Beverages,"carbonated water, sucrose, glucose, taurine, caffeine, inositol, niacinamide, pyridoxine, color e133, sodium benzoate",52.2,13.5,70.3,0.0,0.0,0.4,0.0,6,1,0,2,0,65,Moderate Risk
890713422090,Processed Nacho Chips #2996,Snacks,"corn, vegetable fat, whey powder, disodium guanylate, artificial cheese flavor, yellow 6 lake",521.3,1.7,913.6,10.8,0.87,6.8,3.8,5,1,0,1,0,49,Moderate Risk
890167132595,Carbonated Cola Drink #2997,Beverages,"carbonated water, high fructose corn syrup, caramel color iv, phosphoric acid, caffeine, artificial flavors",47.6,10.6,13.4,0.0,0.0,0.0,0.0,4,1,0,1,0,78,Moderate Risk
890496407823,Adulterated Mustard Oil with Argemone #2998,Spices & Condiments,"mustard oil, argemone oil, mineral oil, butter yellow dye",940.5,0.0,5.6,14.4,1.52,0.0,0.0,3,1,0,0,1,12,High Risk
890849014011,Carbonated Cola Drink #2999,Beverages,"carbonated water, high fructose corn syrup, caramel color iv, phosphoric acid, caffeine, artificial flavors",36.8,9.8,12.9,0.0,0.0,0.0,0.0,4,1,0,1,0,78,Moderate Risk
890763254294,Processed Nacho Chips #3000,Snacks,"corn, vegetable fat, whey powder, disodium guanylate, artificial cheese flavor, yellow 6 lake",504.8,2.2,833.9,9.2,0.97,6.3,4.4,5,1,0,1,0,55,Moderate Risk
890365266375,Pure Red Chilli Powder #3001,Spices & Condiments,100% dried red chillies,320.8,6.3,26.5,3.1,0.0,12.9,28.3,0,0,0,0,0,99,Low Risk
890206605502,Standard Processed Cheese #3002,Dairy,"milk, salt, cheese cultures, enzymes, sodium phosphate, annatto",293.4,1.1,1136.6,19.6,0.72,18.4,0.0,3,1,0,1,0,47,Moderate Risk
890937631363,Energy Drink with High Caffeine #3003,Beverages,"carbonated water, sucrose, glucose, taurine, caffeine, inositol, niacinamide, pyridoxine, color e133, sodium benzoate",45.3,12.4,88.4,0.0,0.0,0.4,0.0,6,1,0,2,0,66,Moderate Risk
890742642594,Energy Drink with High Caffeine #3004,Beverages,"carbonated water, sucrose, glucose, taurine, caffeine, inositol, niacinamide, pyridoxine, color e133, sodium benzoate",45.1,14.1,92.5,0.0,0.0,0.4,0.0,6,1,0,2,0,65,Moderate Risk
890986035948,Instant Fried Noodles #3005,Snacks,"wheat flour, palm oil, salt, guar gum, flavor enhancer 621, caramel iv, sodium polyphosphate",432.7,3.4,1556.4,9.8,0.53,9.5,2.7,5,1,0,2,0,45,Moderate Risk
890598818649,Low-Cost Synthetic Fruit Drink #3006,Beverages,"water, invert sugar syrup, metanil yellow, citric acid, clouding agent, artificial mango flavor, potassium metabisulphite",60.5,15.9,50.9,0.0,0.0,0.0,0.0,6,2,0,2,1,18,High Risk
890105933578,Greek Plain Yogurt #3007,Dairy,"cultured pasteurized nonfat milk, live active cultures",55.4,3.3,34.1,0.4,0.0,10.9,0.0,0,0,0,0,0,99,Low Risk
890178843078,Commercial Potato Crisps #3008,Snacks,"potatoes, palm oil, salt, monosodium glutamate, flavor enhancer 635, dextrose",578.0,0.7,647.9,11.9,0.36,6.1,3.2,4,0,0,1,0,77,Moderate Risk
890290937385,Greek Plain Yogurt #3009,Dairy,"cultured pasteurized nonfat milk, live active cultures",65.6,4.3,40.9,0.3,0.0,9.0,0.0,0,0,0,0,0,99,Low Risk
890835807629,Commercial Tomato Ketchup #3010,Spices & Condiments,"tomato paste, sugar, distilled vinegar, salt, onion powder, sodium benzoate, potassium sorbate, pectin",130.7,24.4,1010.5,0.1,0.0,1.3,1.5,3,0,0,2,0,59,Moderate Risk
890132527423,Cream-Filled Sandwich Cookies #3011,Bakery & Confectionery,"refined wheat flour, sugar, hydrogenated palm oil, cocoa, high fructose corn syrup, soy lecithin, vanillin, artificial chocolate flavor, tbhq",550.4,43.5,392.4,9.1,2.01,4.7,1.9,5,0,0,2,1,5,High Risk
890774977849,Roasted Chickpeas #3012,Snacks,"chickpeas, olive oil, sea salt",366.6,2.4,280.3,1.0,0.0,19.4,15.7,0,0,0,0,0,99,Low Risk
890101844404,Energy Drink with High Caffeine #3013,Beverages,"carbonated water, sucrose, glucose, taurine, caffeine, inositol, niacinamide, pyridoxine, color e133, sodium benzoate",42.8,13.4,72.9,0.0,0.0,0.4,0.0,6,1,0,2,0,65,Moderate Risk
890955001889,Roasted Chickpeas #3014,Snacks,"chickpeas, olive oil, sea salt",317.6,2.4,288.4,1.4,0.0,17.7,15.5,0,0,0,0,0,99,Low Risk
890940623031,Adulterated Turmeric with Metanil Yellow #3015,Spices & Condiments,"turmeric powder, lead chromate trace, chalk powder, metanil yellow color",260.7,2.1,195.2,1.6,0.0,5.3,11.6,3,1,0,0,1,56,High Risk
890659912039,Fresh Butter #3016,Dairy,"pasteurized cream, salt",623.8,0.1,688.2,61.6,0.0,0.8,0.0,0,0,0,0,0,76,Moderate Risk
890651506495,Roasted Chickpeas #3017,Snacks,"chickpeas, olive oil, sea salt",331.4,2.0,266.5,1.1,0.0,19.7,17.5,0,0,0,0,0,99,Low Risk
890846991040,Roasted Chickpeas #3018,Snacks,"chickpeas, olive oil, sea salt",313.3,2.1,255.9,1.1,0.0,19.5,16.5,0,0,0,0,0,99,Low Risk
890635790047,Greek Plain Yogurt #3019,Dairy,"cultured pasteurized nonfat milk, live active cultures",53.9,3.8,31.7,0.4,0.0,9.8,0.0,0,0,0,0,0,99,Low Risk
890585801807,Commercial Potato Crisps #3020,Snacks,"potatoes, palm oil, salt, monosodium glutamate, flavor enhancer 635, dextrose",489.5,0.9,645.5,11.7,0.47,5.9,2.9,4,0,0,1,0,77,Moderate Risk
890392703936,Diet Soda with Multiple Sweeteners #3021,Beverages,"carbonated water, aspartame, acesulfame potassium, caramel iv, sodium benzoate, phosphoric acid",0.9,0.0,36.4,0.0,0.0,0.0,0.0,5,1,2,1,0,66,Moderate Risk
890742175871,Coconut Water 100% Pure #3022,Beverages,pure tender coconut water,16.6,3.3,24.9,0.1,0.0,0.7,1.1,0,0,0,0,0,99,Low Risk
890833626283,Low-Cost Synthetic Fruit Drink #3023,Beverages,"water, invert sugar syrup, metanil yellow, citric acid, clouding agent, artificial mango flavor, potassium metabisulphite",63.9,15.4,51.4,0.0,0.0,0.0,0.0,6,2,0,2,1,19,High Risk
890313303268,Diet Soda with Multiple Sweeteners #3024,Beverages,"carbonated water, aspartame, acesulfame potassium, caramel iv, sodium benzoate, phosphoric acid",1.0,0.0,39.3,0.0,0.0,0.0,0.0,5,1,2,1,0,66,Moderate Risk
890381248550,Dark Chocolate 85% #3025,Bakery & Confectionery,"cocoa mass, cocoa butter, cane sugar, vanilla beans",529.0,14.1,15.3,27.6,0.0,7.7,11.2,0,0,0,0,0,89,Low Risk
890156664849,Adulterated Butter with Animal Fat & Starch #3026,Dairy,"milk fat, animal tallow, starch, yellow dye 5, preservative",699.4,0.6,595.4,57.3,3.88,0.5,0.0,4,1,0,2,1,5,High Risk
890184635728,Organic Trail Mix #3027,Snacks,"almonds, walnuts, raisins, sunflower seeds, pumpkin seeds",417.2,18.9,15.2,4.2,0.0,15.0,8.3,0,0,0,0,0,99,Moderate Risk
890517956189,Skimmed Milk #3028,Dairy,"skimmed milk, vitamin a, vitamin d3",34.4,4.9,48.0,0.2,0.0,3.6,0.0,0,0,0,0,0,99,Low Risk
890466720752,Pure Green Tea Bag #3029,Beverages,100% organic green tea leaves,1.0,0.0,1.0,0.0,0.0,0.2,0.0,0,0,0,0,0,99,Low Risk
890238434763,Pure Extra Virgin Olive Oil #3030,Spices & Condiments,100% extra virgin cold pressed olive oil,813.5,0.0,2.3,15.3,0.0,0.0,0.0,0,0,0,0,0,90,Low Risk
890543151052,Processed Nacho Chips #3031,Snacks,"corn, vegetable fat, whey powder, disodium guanylate, artificial cheese flavor, yellow 6 lake",477.7,1.8,970.9,8.8,0.89,6.2,4.2,5,1,0,1,0,54,Moderate Risk
890767783414,Pure Red Chilli Powder #3032,Spices & Condiments,100% dried red chillies,354.4,7.6,31.7,3.6,0.0,11.8,26.1,0,0,0,0,0,99,Low Risk
890542937924,Pure Green Tea Bag #3033,Beverages,100% organic green tea leaves,1.0,0.0,1.0,0.0,0.0,0.2,0.0,0,0,0,0,0,99,Low Risk
890908330667,Energy Drink with High Caffeine #3034,Beverages,"carbonated water, sucrose, glucose, taurine, caffeine, inositol, niacinamide, pyridoxine, color e133, sodium benzoate",45.1,10.8,91.0,0.0,0.0,0.4,0.0,6,1,0,2,0,68,Moderate Risk
890470437920,Whole Cow Milk #3035,Dairy,"milk, vitamin d3",54.2,4.2,38.8,3.2,0.0,3.0,0.0,0,0,0,0,0,99,Low Risk
890526583278,Adulterated Low-Cost Paneer #3036,Dairy,"milk solids, vegetable oil, starch, sulfuric acid trace, detergent trace",331.0,3.6,463.4,18.5,2.5,9.1,0.0,4,0,0,2,1,5,High Risk
890409084951,Standard Processed Cheese #3037,Dairy,"milk, salt, cheese cultures, enzymes, sodium phosphate, annatto",358.5,1.2,1188.0,23.5,0.68,19.2,0.0,3,1,0,1,0,43,Moderate Risk
890124469597,Greek Plain Yogurt #3038,Dairy,"cultured pasteurized nonfat milk, live active cultures",53.5,3.5,43.1,0.4,0.0,10.3,0.0,0,0,0,0,0,99,Low Risk
890551909406,Oat & Honey Granola Bar #3039,Bakery & Confectionery,"rolled oats, honey, almonds, crisped rice, sunflower oil, salt",397.1,17.3,196.4,2.6,0.0,8.0,5.7,0,0,0,0,0,99,Low Risk
890671803342,Pure Red Chilli Powder #3040,Spices & Condiments,100% dried red chillies,311.4,7.5,25.8,3.5,0.0,13.1,24.6,0,0,0,0,0,99,Low Risk
890743105520,Flavored Fruit Yogurt #3041,Dairy,"milk, sugar, strawberries, modified corn starch, carmine color, potassium sorbate",113.5,15.0,57.7,1.5,0.0,4.2,0.5,3,1,0,1,0,80,Moderate Risk
890316031286,Baked Whole Grain Crackers #3042,Snacks,"whole wheat flour, canola oil, sea salt, malt extract",403.8,2.8,357.6,1.6,0.0,9.7,6.9,0,0,0,0,0,99,Low Risk
890529907571,Adulterated Chilli Powder with Sudan Dye #3043,Spices & Condiments,"red chilli powder, brick powder trace, sudan i dye, salt, mineral oil",283.5,3.6,612.6,3.7,0.0,6.5,12.6,4,1,0,0,1,50,High Risk
890838513710,Commercial Potato Crisps #3044,Snacks,"potatoes, palm oil, salt, monosodium glutamate, flavor enhancer 635, dextrose",536.1,1.0,861.0,14.2,0.62,6.7,2.9,4,0,0,1,0,58,Moderate Risk
890774506879,Commercial Tomato Ketchup #3045,Spices & Condiments,"tomato paste, sugar, distilled vinegar, salt, onion powder, sodium benzoate, potassium sorbate, pectin",123.8,28.1,905.1,0.1,0.0,1.5,1.6,3,0,0,2,0,60,Moderate Risk
890528832502,Pure Extra Virgin Olive Oil #3046,Spices & Condiments,100% extra virgin cold pressed olive oil,816.4,0.0,1.9,15.4,0.0,0.0,0.0,0,0,0,0,0,90,Low Risk
890673575558,Roasted Chickpeas #3047,Snacks,"chickpeas, olive oil, sea salt",312.2,1.8,244.1,1.2,0.0,17.4,18.3,0,0,0,0,0,99,Low Risk
890719544138,Industrial White Sandwich Bread #3048,Bakery & Confectionery,"refined wheat flour, sugar, yeast, palm oil, calcium propionate, emulsifier 481, flour treatment agent 300",284.7,4.8,467.6,1.4,0.3,8.1,1.8,4,0,0,2,0,84,Moderate Risk
890432896286,Cream-Filled Sandwich Cookies #3049,Bakery & Confectionery,"refined wheat flour, sugar, hydrogenated palm oil, cocoa, high fructose corn syrup, soy lecithin, vanillin, artificial chocolate flavor, tbhq",469.2,43.0,362.3,11.1,1.74,4.4,2.1,5,0,0,2,1,5,High Risk
890672809522,Commercial Tomato Ketchup #3050,Spices & Condiments,"tomato paste, sugar, distilled vinegar, salt, onion powder, sodium benzoate, potassium sorbate, pectin",123.3,26.4,982.8,0.1,0.0,1.4,1.5,3,0,0,2,0,60,Moderate Risk
890329124680,Cream-Filled Sandwich Cookies #3051,Bakery & Confectionery,"refined wheat flour, sugar, hydrogenated palm oil, cocoa, high fructose corn syrup, soy lecithin, vanillin, artificial chocolate flavor, tbhq",552.6,35.3,360.6,9.1,1.96,4.2,2.2,5,0,0,2,1,5,High Risk
890244393404,Pure Ground Turmeric Powder #3052,Spices & Condiments,100% turmeric rhizome powder,292.4,3.3,41.2,3.0,0.0,9.2,21.6,0,0,0,0,0,99,Low Risk
890651393245,Dark Chocolate 85% #3053,Bakery & Confectionery,"cocoa mass, cocoa butter, cane sugar, vanilla beans",657.6,12.0,13.5,24.0,0.0,7.9,10.2,0,0,0,0,0,91,Low Risk
890659980690,Coconut Water 100% Pure #3054,Beverages,pure tender coconut water,16.6,3.2,23.0,0.1,0.0,0.7,1.1,0,0,0,0,0,99,Low Risk
890885957402,Adulterated Turmeric with Metanil Yellow #3055,Spices & Condiments,"turmeric powder, lead chromate trace, chalk powder, metanil yellow color",235.0,2.1,188.1,1.4,0.0,5.0,11.6,3,1,0,0,1,56,High Risk
890225096807,Synthetic Colored Hard Candies #3056,Bakery & Confectionery,"sugar, liquid glucose, allura red, brilliant blue fcf, tartrazine, artificial fruit flavor, citric acid",387.6,83.5,87.3,0.0,0.0,0.0,0.0,5,3,0,1,1,5,High Risk
890916257549,Organic Trail Mix #3057,Snacks,"almonds, walnuts, raisins, sunflower seeds, pumpkin seeds",533.2,16.2,17.3,5.0,0.0,15.3,7.8,0,0,0,0,0,99,Low Risk
890359759651,Standard Processed Cheese #3058,Dairy,"milk, salt, cheese cultures, enzymes, sodium phosphate, annatto",343.6,1.1,1112.6,19.5,0.45,16.4,0.0,3,1,0,1,0,57,Moderate Risk
890546727149,Adulterated Turmeric with Metanil Yellow #3059,Spices & Condiments,"turmeric powder, lead chromate trace, chalk powder, metanil yellow color",215.8,2.1,168.1,1.3,0.0,5.2,12.1,3,1,0,0,1,56,High Risk
890611816820,Processed Nacho Chips #3060,Snacks,"corn, vegetable fat, whey powder, disodium guanylate, artificial cheese flavor, yellow 6 lake",438.2,1.8,890.4,10.6,1.0,6.7,3.8,5,1,0,1,0,48,Moderate Risk
890773094158,Whole Cow Milk #3061,Dairy,"milk, vitamin d3",57.8,4.1,39.1,3.0,0.0,3.3,0.0,0,0,0,0,0,99,Low Risk
890347241942,Greek Plain Yogurt #3062,Dairy,"cultured pasteurized nonfat milk, live active cultures",59.2,3.7,42.0,0.5,0.0,10.7,0.0,0,0,0,0,0,99,Low Risk
890177329061,Low-Cost Synthetic Fruit Drink #3063,Beverages,"water, invert sugar syrup, metanil yellow, citric acid, clouding agent, artificial mango flavor, potassium metabisulphite",55.9,15.4,39.2,0.0,0.0,0.0,0.0,6,2,0,2,1,19,High Risk
890116312243,Low-Cost Synthetic Fruit Drink #3064,Beverages,"water, invert sugar syrup, metanil yellow, citric acid, clouding agent, artificial mango flavor, potassium metabisulphite",61.5,16.1,47.4,0.0,0.0,0.0,0.0,6,2,0,2,1,18,High Risk
890984703144,Synthetic Colored Hard Candies #3065,Bakery & Confectionery,"sugar, liquid glucose, allura red, brilliant blue fcf, tartrazine, artificial fruit flavor, citric acid",332.0,80.7,92.8,0.0,0.0,0.0,0.0,5,3,0,1,1,5,High Risk
890429831007,Dark Chocolate 85% #3066,Bakery & Confectionery,"cocoa mass, cocoa butter, cane sugar, vanilla beans",552.9,14.7,16.6,31.4,0.0,8.9,12.0,0,0,0,0,0,89,Low Risk
890896190777,Carbonated Cola Drink #3067,Beverages,"carbonated water, high fructose corn syrup, caramel color iv, phosphoric acid, caffeine, artificial flavors",43.1,9.6,12.2,0.0,0.0,0.0,0.0,4,1,0,1,0,78,Moderate Risk
890864119742,Cream-Filled Sandwich Cookies #3068,Bakery & Confectionery,"refined wheat flour, sugar, hydrogenated palm oil, cocoa, high fructose corn syrup, soy lecithin, vanillin, artificial chocolate flavor, tbhq",524.8,36.4,327.7,8.8,1.76,4.6,2.1,5,0,0,2,1,5,High Risk
890144033634,Energy Drink with High Caffeine #3069,Beverages,"carbonated water, sucrose, glucose, taurine, caffeine, inositol, niacinamide, pyridoxine, color e133, sodium benzoate",52.9,12.5,79.5,0.0,0.0,0.4,0.0,6,1,0,2,0,66,Moderate Risk
890222735413,Synthetic Colored Hard Candies #3070,Bakery & Confectionery,"sugar, liquid glucose, allura red, brilliant blue fcf, tartrazine, artificial fruit flavor, citric acid",374.2,84.1,77.7,0.0,0.0,0.0,0.0,5,3,0,1,1,5,High Risk
890211555882,Roasted Chickpeas #3071,Snacks,"chickpeas, olive oil, sea salt",393.1,2.0,324.3,1.2,0.0,20.6,16.5,0,0,0,0,0,99,Low Risk
890906693798,Synthetic Colored Hard Candies #3072,Bakery & Confectionery,"sugar, liquid glucose, allura red, brilliant blue fcf, tartrazine, artificial fruit flavor, citric acid",403.3,67.3,73.9,0.0,0.0,0.0,0.0,5,3,0,1,1,5,High Risk
890863557882,Roasted Chickpeas #3073,Snacks,"chickpeas, olive oil, sea salt",412.7,2.3,295.4,1.2,0.0,20.3,16.3,0,0,0,0,0,99,Low Risk
890614264228,Adulterated Low-Cost Paneer #3074,Dairy,"milk solids, vegetable oil, starch, sulfuric acid trace, detergent trace",328.2,3.3,408.5,18.1,2.58,9.0,0.0,4,0,0,2,1,5,High Risk
890561058721,Cream-Filled Sandwich Cookies #3075,Bakery & Confectionery,"refined wheat flour, sugar, hydrogenated palm oil, cocoa, high fructose corn syrup, soy lecithin, vanillin, artificial chocolate flavor, tbhq",422.9,33.8,343.7,9.2,2.03,4.8,2.1,5,0,0,2,1,5,High Risk
890939973504,Pure Extra Virgin Olive Oil #3076,Spices & Condiments,100% extra virgin cold pressed olive oil,756.1,0.0,2.0,15.7,0.0,0.0,0.0,0,0,0,0,0,89,Low Risk
890101247632,Adulterated Mustard Oil with Argemone #3077,Spices & Condiments,"mustard oil, argemone oil, mineral oil, butter yellow dye",765.6,0.0,4.5,14.1,1.48,0.0,0.0,3,1,0,0,1,13,High Risk
890634049578,Skimmed Milk #3078,Dairy,"skimmed milk, vitamin a, vitamin d3",38.2,4.9,57.7,0.2,0.0,3.2,0.0,0,0,0,0,0,99,Low Risk
890384922637,Dark Chocolate 85% #3079,Bakery & Confectionery,"cocoa mass, cocoa butter, cane sugar, vanilla beans",656.9,12.7,14.2,32.5,0.0,8.3,10.2,0,0,0,0,0,89,Low Risk
890550985385,Adulterated Mustard Oil with Argemone #3080,Spices & Condiments,"mustard oil, argemone oil, mineral oil, butter yellow dye",825.5,0.0,5.4,12.9,1.61,0.0,0.0,3,1,0,0,1,12,High Risk
890474458108,Adulterated Turmeric with Metanil Yellow #3081,Spices & Condiments,"turmeric powder, lead chromate trace, chalk powder, metanil yellow color",249.0,1.9,200.4,1.5,0.0,4.8,12.7,3,1,0,0,1,56,High Risk
890753971804,100% Whole Wheat Sourdough #3082,Bakery & Confectionery,"whole wheat flour, water, sourdough culture, sea salt",261.2,1.7,372.0,0.6,0.0,10.3,6.6,0,0,0,0,0,99,Low Risk
890247349922,Oat & Honey Granola Bar #3083,Bakery & Confectionery,"rolled oats, honey, almonds, crisped rice, sunflower oil, salt",454.5,16.2,159.2,2.1,0.0,7.9,5.6,0,0,0,0,0,99,Low Risk
890404153882,100% Whole Wheat Sourdough #3084,Bakery & Confectionery,"whole wheat flour, water, sourdough culture, sea salt",231.1,1.4,382.2,0.6,0.0,10.9,6.1,0,0,0,0,0,99,Low Risk
890282176014,Skimmed Milk #3085,Dairy,"skimmed milk, vitamin a, vitamin d3",40.1,4.3,59.7,0.2,0.0,3.3,0.0,0,0,0,0,0,99,Low Risk
890814285437,Fresh Butter #3086,Dairy,"pasteurized cream, salt",613.6,0.1,600.5,55.1,0.0,1.0,0.0,0,0,0,0,0,77,Moderate Risk
890768426004,Adulterated Mustard Oil with Argemone #3087,Spices & Condiments,"mustard oil, argemone oil, mineral oil, butter yellow dye",1010.9,0.0,4.9,13.7,1.68,0.0,0.0,3,1,0,0,1,11,High Risk
890726833160,Oat & Honey Granola Bar #3088,Bakery & Confectionery,"rolled oats, honey, almonds, crisped rice, sunflower oil, salt",435.5,14.1,197.2,2.6,0.0,9.1,5.9,0,0,0,0,0,99,Low Risk
890337205691,Oat & Honey Granola Bar #3089,Bakery & Confectionery,"rolled oats, honey, almonds, crisped rice, sunflower oil, salt",414.6,12.9,196.7,2.6,0.0,8.7,5.1,0,0,0,0,0,99,Low Risk
890572967268,Cold Pressed Orange Juice #3090,Beverages,100% freshly pressed oranges,41.1,9.2,1.8,0.1,0.0,0.7,1.6,0,0,0,0,0,99,Low Risk
890168747794,Pure Extra Virgin Olive Oil #3091,Spices & Condiments,100% extra virgin cold pressed olive oil,800.8,0.0,2.2,14.9,0.0,0.0,0.0,0,0,0,0,0,90,Low Risk
890769143873,Low-Cost Synthetic Fruit Drink #3092,Beverages,"water, invert sugar syrup, metanil yellow, citric acid, clouding agent, artificial mango flavor, potassium metabisulphite",51.5,15.2,45.6,0.0,0.0,0.0,0.0,6,2,0,2,1,19,High Risk
890795749739,Adulterated Turmeric with Metanil Yellow #3093,Spices & Condiments,"turmeric powder, lead chromate trace, chalk powder, metanil yellow color",270.0,1.9,214.7,1.7,0.0,5.3,11.1,3,1,0,0,1,56,High Risk
890973376598,Cream-Filled Sandwich Cookies #3094,Bakery & Confectionery,"refined wheat flour, sugar, hydrogenated palm oil, cocoa, high fructose corn syrup, soy lecithin, vanillin, artificial chocolate flavor, tbhq",492.2,42.3,427.4,10.6,2.02,4.7,1.9,5,0,0,2,1,5,High Risk
890148885091,Oat & Honey Granola Bar #3095,Bakery & Confectionery,"rolled oats, honey, almonds, crisped rice, sunflower oil, salt",399.3,15.7,197.4,2.6,0.0,8.9,5.3,0,0,0,0,0,99,Low Risk
890783297046,Low-Cost Synthetic Fruit Drink #3096,Beverages,"water, invert sugar syrup, metanil yellow, citric acid, clouding agent, artificial mango flavor, potassium metabisulphite",58.5,13.1,48.8,0.0,0.0,0.0,0.0,6,2,0,2,1,21,High Risk
890243521391,Diet Soda with Multiple Sweeteners #3097,Beverages,"carbonated water, aspartame, acesulfame potassium, caramel iv, sodium benzoate, phosphoric acid",0.9,0.0,38.6,0.0,0.0,0.0,0.0,5,1,2,1,0,66,Moderate Risk
890186802885,Synthetic Colored Hard Candies #3098,Bakery & Confectionery,"sugar, liquid glucose, allura red, brilliant blue fcf, tartrazine, artificial fruit flavor, citric acid",390.6,73.4,87.0,0.0,0.0,0.0,0.0,5,3,0,1,1,5,High Risk
890539996209,Pure Red Chilli Powder #3099,Spices & Condiments,100% dried red chillies,300.6,7.4,26.5,3.4,0.0,12.7,26.4,0,0,0,0,0,99,Low Risk
890315785618,Pure Green Tea Bag #3100,Beverages,100% organic green tea leaves,0.9,0.0,1.0,0.0,0.0,0.2,0.0,0,0,0,0,0,99,Low Risk
890480092429,Diet Soda with Multiple Sweeteners #3101,Beverages,"carbonated water, aspartame, acesulfame potassium, caramel iv, sodium benzoate, phosphoric acid",1.1,0.0,37.1,0.0,0.0,0.0,0.0,5,1,2,1,0,66,Moderate Risk
890883359731,Adulterated Turmeric with Metanil Yellow #3102,Spices & Condiments,"turmeric powder, lead chromate trace, chalk powder, metanil yellow color",277.7,1.7,174.0,1.7,0.0,5.5,11.6,3,1,0,0,1,56,High Risk
890273817540,Pure Green Tea Bag #3103,Beverages,100% organic green tea leaves,1.1,0.0,0.9,0.0,0.0,0.2,0.0,0,0,0,0,0,99,Low Risk
890889387137,Cottage Cheese (Paneer) #3104,Dairy,"pasteurized milk, citric acid",262.7,1.4,24.0,19.4,0.0,18.1,0.0,0,0,0,0,0,93,Low Risk
890178507673,Extruded Spicy Puffs #3105,Snacks,"corn meal, palm olein, maltodextrin, sunset yellow fcf, tartrazine, tbhq, msg, artificial flavors",521.2,4.7,1481.6,16.3,1.44,4.6,1.5,7,2,0,2,1,5,High Risk
890607409663,Processed Nacho Chips #3106,Snacks,"corn, vegetable fat, whey powder, disodium guanylate, artificial cheese flavor, yellow 6 lake",489.3,2.4,943.3,11.0,0.84,6.7,4.2,5,1,0,1,0,49,Moderate Risk
890605929270,Adulterated Mustard Oil with Argemone #3107,Spices & Condiments,"mustard oil, argemone oil, mineral oil, butter yellow dye",898.4,0.0,5.3,12.2,1.75,0.0,0.0,3,1,0,0,1,11,High Risk
890966720682,Adulterated Low-Cost Paneer #3108,Dairy,"milk solids, vegetable oil, starch, sulfuric acid trace, detergent trace",326.9,4.0,462.2,19.2,2.8,8.1,0.0,4,0,0,2,1,5,High Risk
890832321472,Commercial Tomato Ketchup #3109,Spices & Condiments,"tomato paste, sugar, distilled vinegar, salt, onion powder, sodium benzoate, potassium sorbate, pectin",115.4,21.0,1001.1,0.1,0.0,1.5,1.6,3,0,0,2,0,63,Moderate Risk
890582167164,Extruded Spicy Puffs #3110,Snacks,"corn meal, palm olein, maltodextrin, sunset yellow fcf, tartrazine, tbhq, msg, artificial flavors",605.4,4.5,1203.5,14.9,1.11,4.7,1.5,7,2,0,2,1,5,High Risk
890585671227,Adulterated Chilli Powder with Sudan Dye #3111,Spices & Condiments,"red chilli powder, brick powder trace, sudan i dye, salt, mineral oil",270.3,3.7,731.6,4.6,0.0,6.1,13.1,4,1,0,0,1,48,High Risk
890580737548,Fried Street-Style Savory Mix #3112,Snacks,"refined flour, re-used palm oil, metanil yellow, excess salt, msg",622.5,1.4,1448.1,20.1,3.5,5.7,1.0,6,2,0,2,1,5,High Risk
890150008951,Adulterated Low-Cost Paneer #3113,Dairy,"milk solids, vegetable oil, starch, sulfuric acid trace, detergent trace",333.1,3.2,569.2,18.7,2.4,8.8,0.0,4,0,0,2,1,5,High Risk
890692481453,Coconut Water 100% Pure #3114,Beverages,pure tender coconut water,18.1,3.5,29.4,0.1,0.0,0.7,1.1,0,0,0,0,0,99,Low Risk
890565740970,Energy Drink with High Caffeine #3115,Beverages,"carbonated water, sucrose, glucose, taurine, caffeine, inositol, niacinamide, pyridoxine, color e133, sodium benzoate",53.6,14.4,69.4,0.0,0.0,0.4,0.0,6,1,0,2,0,65,Moderate Risk
890604580441,Greek Plain Yogurt #3116,Dairy,"cultured pasteurized nonfat milk, live active cultures",51.3,3.6,37.2,0.4,0.0,9.4,0.0,0,0,0,0,0,99,Low Risk
890428801465,Dark Chocolate 85% #3117,Bakery & Confectionery,"cocoa mass, cocoa butter, cane sugar, vanilla beans",631.0,16.6,17.5,26.9,0.0,8.5,10.5,0,0,0,0,0,87,Low Risk
890323929603,Synthetic Colored Hard Candies #3118,Bakery & Confectionery,"sugar, liquid glucose, allura red, brilliant blue fcf, tartrazine, artificial fruit flavor, citric acid",426.9,63.1,77.9,0.0,0.0,0.0,0.0,5,3,0,1,1,5,High Risk
890493398075,Pure Green Tea Bag #3119,Beverages,100% organic green tea leaves,0.9,0.0,1.1,0.0,0.0,0.2,0.0,0,0,0,0,0,99,Low Risk
890110750918,Adulterated Turmeric with Metanil Yellow #3120,Spices & Condiments,"turmeric powder, lead chromate trace, chalk powder, metanil yellow color",224.0,1.9,170.1,1.5,0.0,4.6,12.2,3,1,0,0,1,56,High Risk
890947912955,Oat & Honey Granola Bar #3121,Bakery & Confectionery,"rolled oats, honey, almonds, crisped rice, sunflower oil, salt",379.2,13.2,212.4,1.9,0.0,9.0,5.8,0,0,0,0,0,99,Low Risk
890896728520,Extruded Spicy Puffs #3122,Snacks,"corn meal, palm olein, maltodextrin, sunset yellow fcf, tartrazine, tbhq, msg, artificial flavors",574.0,3.9,1359.2,17.1,1.43,5.4,1.4,7,2,0,2,1,5,High Risk
890984188404,Coconut Water 100% Pure #3123,Beverages,pure tender coconut water,18.8,3.2,28.4,0.1,0.0,0.6,1.0,0,0,0,0,0,99,Low Risk
890651843105,Baked Whole Grain Crackers #3124,Snacks,"whole wheat flour, canola oil, sea salt, malt extract",421.1,2.4,414.9,1.7,0.0,8.9,6.9,0,0,0,0,0,99,Low Risk
890736983653,Instant Fried Noodles #3125,Snacks,"wheat flour, palm oil, salt, guar gum, flavor enhancer 621, caramel iv, sodium polyphosphate",454.1,2.9,1901.1,10.5,0.49,8.4,2.4,5,1,0,2,0,46,Moderate Risk
890345754138,Synthetic Milk Sample #3126,Dairy,"urea, detergent, refined vegetable oil, caustic soda, water",154.4,0.6,871.4,15.5,4.32,1.1,0.0,5,0,0,3,1,5,High Risk
890516052363,Diet Soda with Multiple Sweeteners #3127,Beverages,"carbonated water, aspartame, acesulfame potassium, caramel iv, sodium benzoate, phosphoric acid",0.9,0.0,39.5,0.0,0.0,0.0,0.0,5,1,2,1,0,66,Moderate Risk
890740385107,Baked Whole Grain Crackers #3128,Snacks,"whole wheat flour, canola oil, sea salt, malt extract",390.6,2.3,341.3,1.7,0.0,8.8,8.2,0,0,0,0,0,99,Low Risk
890751493421,Adulterated Turmeric with Metanil Yellow #3129,Spices & Condiments,"turmeric powder, lead chromate trace, chalk powder, metanil yellow color",286.4,1.8,176.5,1.7,0.0,4.9,12.3,3,1,0,0,1,56,High Risk
890590264191,Commercial Potato Crisps #3130,Snacks,"potatoes, palm oil, salt, monosodium glutamate, flavor enhancer 635, dextrose",511.4,0.9,740.2,13.8,0.6,6.3,3.2,4,0,0,1,0,65,Moderate Risk
890738221475,Adulterated Butter with Animal Fat & Starch #3131,Dairy,"milk fat, animal tallow, starch, yellow dye 5, preservative",700.5,0.6,681.9,56.7,4.05,0.5,0.0,4,1,0,2,1,5,High Risk
890404066756,Standard Processed Cheese #3132,Dairy,"milk, salt, cheese cultures, enzymes, sodium phosphate, annatto",309.9,1.3,1283.0,21.7,0.5,16.5,0.0,3,1,0,1,0,52,Moderate Risk
890501965841,Pure Red Chilli Powder #3133,Spices & Condiments,100% dried red chillies,290.0,8.1,30.7,3.1,0.0,11.2,27.0,0,0,0,0,0,99,Low Risk
890909863064,Greek Plain Yogurt #3134,Dairy,"cultured pasteurized nonfat milk, live active cultures",52.4,3.2,37.3,0.4,0.0,10.5,0.0,0,0,0,0,0,99,Low Risk
890754187653,Roasted Chickpeas #3135,Snacks,"chickpeas, olive oil, sea salt",333.7,2.2,296.2,1.2,0.0,20.6,15.4,0,0,0,0,0,99,Low Risk
890319737117,Pure Ground Turmeric Powder #3136,Spices & Condiments,100% turmeric rhizome powder,284.5,3.4,39.3,3.2,0.0,10.2,21.2,0,0,0,0,0,99,Low Risk
890212305562,Processed Nacho Chips #3137,Snacks,"corn, vegetable fat, whey powder, disodium guanylate, artificial cheese flavor, yellow 6 lake",498.5,2.1,954.4,8.7,1.09,6.2,4.3,5,1,0,1,0,51,Moderate Risk
890109734899,Synthetic Milk Sample #3138,Dairy,"urea, detergent, refined vegetable oil, caustic soda, water",162.2,0.5,756.3,12.7,4.21,1.3,0.0,5,0,0,3,1,5,High Risk
890567456851,Commercial Tomato Ketchup #3139,Spices & Condiments,"tomato paste, sugar, distilled vinegar, salt, onion powder, sodium benzoate, potassium sorbate, pectin",120.6,25.0,873.5,0.1,0.0,1.3,1.4,3,0,0,2,0,62,Moderate Risk
890356205809,Organic Trail Mix #3140,Snacks,"almonds, walnuts, raisins, sunflower seeds, pumpkin seeds",442.2,16.9,14.1,4.6,0.0,13.7,7.4,0,0,0,0,0,99,Low Risk
890699651304,Synthetic Milk Sample #3141,Dairy,"urea, detergent, refined vegetable oil, caustic soda, water",205.0,0.5,766.2,15.2,4.29,1.1,0.0,5,0,0,3,1,5,High Risk
890250549217,Synthetic Colored Hard Candies #3142,Bakery & Confectionery,"sugar, liquid glucose, allura red, brilliant blue fcf, tartrazine, artificial fruit flavor, citric acid",414.1,85.3,86.6,0.0,0.0,0.0,0.0,5,3,0,1,1,5,High Risk
890410953764,Cold Pressed Orange Juice #3143,Beverages,100% freshly pressed oranges,39.0,7.6,2.2,0.1,0.0,0.8,1.5,0,0,0,0,0,99,Low Risk
890587274597,Adulterated Chilli Powder with Sudan Dye #3144,Spices & Condiments,"red chilli powder, brick powder trace, sudan i dye, salt, mineral oil",270.1,4.5,749.6,3.6,0.0,6.1,14.5,4,1,0,0,1,48,High Risk
890281507872,Baked Whole Grain Crackers #3145,Snacks,"whole wheat flour, canola oil, sea salt, malt extract",370.9,2.2,348.0,2.1,0.0,8.8,8.0,0,0,0,0,0,99,Low Risk
890446406490,Diet Soda with Multiple Sweeteners #3146,Beverages,"carbonated water, aspartame, acesulfame potassium, caramel iv, sodium benzoate, phosphoric acid",1.0,0.0,34.1,0.0,0.0,0.0,0.0,5,1,2,1,0,66,Moderate Risk
890415204982,Processed Nacho Chips #3147,Snacks,"corn, vegetable fat, whey powder, disodium guanylate, artificial cheese flavor, yellow 6 lake",567.5,1.8,908.1,10.1,1.04,6.4,3.6,5,1,0,1,0,47,Moderate Risk
890781219772,Baked Whole Grain Crackers #3148,Snacks,"whole wheat flour, canola oil, sea salt, malt extract",361.3,2.2,459.6,1.6,0.0,9.3,7.8,0,0,0,0,0,99,Low Risk
890620310083,Synthetic Milk Sample #3149,Dairy,"urea, detergent, refined vegetable oil, caustic soda, water",156.3,0.6,768.8,15.5,4.25,1.1,0.0,5,0,0,3,1,5,High Risk
890256316718,Low-Cost Synthetic Fruit Drink #3150,Beverages,"water, invert sugar syrup, metanil yellow, citric acid, clouding agent, artificial mango flavor, potassium metabisulphite",59.1,15.7,49.8,0.0,0.0,0.0,0.0,6,2,0,2,1,18,High Risk
890841689304,Adulterated Chilli Powder with Sudan Dye #3151,Spices & Condiments,"red chilli powder, brick powder trace, sudan i dye, salt, mineral oil",288.2,4.1,729.8,4.6,0.0,6.2,15.2,4,1,0,0,1,49,High Risk
890147610830,Processed Nacho Chips #3152,Snacks,"corn, vegetable fat, whey powder, disodium guanylate, artificial cheese flavor, yellow 6 lake",513.7,2.1,801.3,10.6,0.73,6.5,3.6,5,1,0,1,0,53,Moderate Risk
890418142035,Greek Plain Yogurt #3153,Dairy,"cultured pasteurized nonfat milk, live active cultures",61.3,3.5,42.3,0.4,0.0,9.5,0.0,0,0,0,0,0,99,Low Risk
890638483555,Dark Chocolate 85% #3154,Bakery & Confectionery,"cocoa mass, cocoa butter, cane sugar, vanilla beans",648.3,12.0,15.4,33.3,0.0,9.1,11.6,0,0,0,0,0,91,Low Risk
890936996712,Adulterated Low-Cost Paneer #3155,Dairy,"milk solids, vegetable oil, starch, sulfuric acid trace, detergent trace",307.0,3.2,503.1,15.5,2.51,8.2,0.0,4,0,0,2,1,5,High Risk
890226923393,Synthetic Milk Sample #3156,Dairy,"urea, detergent, refined vegetable oil, caustic soda, water",164.7,0.5,853.3,15.2,4.37,1.2,0.0,5,0,0,3,1,5,High Risk
890423172291,Cottage Cheese (Paneer) #3157,Dairy,"pasteurized milk, citric acid",274.2,1.3,22.5,18.1,0.0,19.2,0.0,0,0,0,0,0,95,Low Risk
890959407428,Pure Red Chilli Powder #3158,Spices & Condiments,100% dried red chillies,306.5,6.5,35.5,3.4,0.0,13.0,28.4,0,0,0,0,0,99,Low Risk
890645914968,Baked Whole Grain Crackers #3159,Snacks,"whole wheat flour, canola oil, sea salt, malt extract",457.2,3.0,356.0,2.1,0.0,9.0,7.3,0,0,0,0,0,99,Low Risk
890825745268,100% Whole Wheat Sourdough #3160,Bakery & Confectionery,"whole wheat flour, water, sourdough culture, sea salt",232.1,1.4,395.4,0.5,0.0,10.5,5.7,0,0,0,0,0,99,Low Risk
890166577477,Dark Chocolate 85% #3161,Bakery & Confectionery,"cocoa mass, cocoa butter, cane sugar, vanilla beans",650.8,12.1,18.0,24.4,0.0,7.8,11.0,0,0,0,0,0,91,Low Risk
890103487443,Standard Processed Cheese #3162,Dairy,"milk, salt, cheese cultures, enzymes, sodium phosphate, annatto",343.3,1.3,1156.0,24.2,0.43,17.5,0.0,3,1,0,1,0,52,Moderate Risk
890694740352,Industrial White Sandwich Bread #3163,Bakery & Confectionery,"refined wheat flour, sugar, yeast, palm oil, calcium propionate, emulsifier 481, flour treatment agent 300",301.0,4.2,537.8,1.1,0.4,7.9,2.0,4,0,0,2,0,83,Moderate Risk
890472172324,Coconut Water 100% Pure #3164,Beverages,pure tender coconut water,20.4,3.0,29.6,0.1,0.0,0.6,1.0,0,0,0,0,0,99,Low Risk
890157010803,Industrial White Sandwich Bread #3165,Bakery & Confectionery,"refined wheat flour, sugar, yeast, palm oil, calcium propionate, emulsifier 481, flour treatment agent 300",232.4,5.0,467.4,1.3,0.06,8.1,1.8,4,0,0,2,0,84,Moderate Risk
890931187688,Processed Nacho Chips #3166,Snacks,"corn, vegetable fat, whey powder, disodium guanylate, artificial cheese flavor, yellow 6 lake",568.5,2.1,978.7,11.0,1.06,6.5,3.7,5,1,0,1,0,45,Moderate Risk
890408448752,Adulterated Low-Cost Paneer #3167,Dairy,"milk solids, vegetable oil, starch, sulfuric acid trace, detergent trace",285.3,3.6,541.7,16.1,2.57,8.5,0.0,4,0,0,2,1,5,High Risk
890320823263,Oat & Honey Granola Bar #3168,Bakery & Confectionery,"rolled oats, honey, almonds, crisped rice, sunflower oil, salt",463.1,16.0,204.5,2.3,0.0,8.9,5.1,0,0,0,0,0,99,Low Risk
890175645969,Cream-Filled Sandwich Cookies #3169,Bakery & Confectionery,"refined wheat flour, sugar, hydrogenated palm oil, cocoa, high fructose corn syrup, soy lecithin, vanillin, artificial chocolate flavor, tbhq",523.6,41.0,386.7,9.9,1.7,4.5,2.1,5,0,0,2,1,5,High Risk
890150887350,Pure Ground Turmeric Powder #3170,Spices & Condiments,100% turmeric rhizome powder,352.8,3.7,41.6,3.2,0.0,10.0,21.7,0,0,0,0,0,99,Low Risk
890107327096,Cold Pressed Orange Juice #3171,Beverages,100% freshly pressed oranges,41.4,10.3,2.1,0.1,0.0,0.7,1.4,0,0,0,0,0,99,Low Risk
890463178227,Skimmed Milk #3172,Dairy,"skimmed milk, vitamin a, vitamin d3",37.6,4.6,54.0,0.2,0.0,3.6,0.0,0,0,0,0,0,99,Low Risk
890105912540,Cream-Filled Sandwich Cookies #3173,Bakery & Confectionery,"refined wheat flour, sugar, hydrogenated palm oil, cocoa, high fructose corn syrup, soy lecithin, vanillin, artificial chocolate flavor, tbhq",435.5,33.1,328.5,9.4,2.04,4.1,2.1,5,0,0,2,1,5,High Risk
890225311975,Pure Red Chilli Powder #3174,Spices & Condiments,100% dried red chillies,337.1,6.6,27.2,3.4,0.0,12.7,27.3,0,0,0,0,0,99,Low Risk
890911036739,Pure Extra Virgin Olive Oil #3175,Spices & Condiments,100% extra virgin cold pressed olive oil,997.2,0.0,2.0,13.3,0.0,0.0,0.0,0,0,0,0,0,92,Low Risk
890692813237,Low-Cost Synthetic Fruit Drink #3176,Beverages,"water, invert sugar syrup, metanil yellow, citric acid, clouding agent, artificial mango flavor, potassium metabisulphite",58.7,14.8,44.8,0.0,0.0,0.0,0.0,6,2,0,2,1,19,High Risk
890385382596,Adulterated Butter with Animal Fat & Starch #3177,Dairy,"milk fat, animal tallow, starch, yellow dye 5, preservative",709.2,0.4,557.3,44.5,3.79,0.5,0.0,4,1,0,2,1,5,High Risk
890175297964,Oat & Honey Granola Bar #3178,Bakery & Confectionery,"rolled oats, honey, almonds, crisped rice, sunflower oil, salt",365.8,17.5,201.3,1.9,0.0,8.7,5.0,0,0,0,0,0,99,Low Risk
890743386695,Greek Plain Yogurt #3179,Dairy,"cultured pasteurized nonfat milk, live active cultures",67.5,3.8,35.0,0.5,0.0,9.5,0.0,0,0,0,0,0,99,Low Risk
890795796843,Flavored Fruit Yogurt #3180,Dairy,"milk, sugar, strawberries, modified corn starch, carmine color, potassium sorbate",123.1,19.7,76.1,1.7,0.0,3.7,0.5,3,1,0,1,0,76,Moderate Risk
890811753856,Extruded Spicy Puffs #3181,Snacks,"corn meal, palm olein, maltodextrin, sunset yellow fcf, tartrazine, tbhq, msg, artificial flavors",578.5,4.7,1522.4,19.0,1.4,5.4,1.6,7,2,0,2,1,5,High Risk
890446349510,Standard Processed Cheese #3182,Dairy,"milk, salt, cheese cultures, enzymes, sodium phosphate, annatto",305.1,1.2,1213.7,23.6,0.6,17.4,0.0,3,1,0,1,0,43,Moderate Risk
890348267153,Pure Green Tea Bag #3183,Beverages,100% organic green tea leaves,1.1,0.0,0.9,0.0,0.0,0.2,0.0,0,0,0,0,0,99,Low Risk
890679773975,Standard Processed Cheese #3184,Dairy,"milk, salt, cheese cultures, enzymes, sodium phosphate, annatto",313.3,1.3,1182.8,24.5,0.74,19.3,0.0,3,1,0,1,0,41,Moderate Risk
890459390696,Cream-Filled Sandwich Cookies #3185,Bakery & Confectionery,"refined wheat flour, sugar, hydrogenated palm oil, cocoa, high fructose corn syrup, soy lecithin, vanillin, artificial chocolate flavor, tbhq",442.6,37.2,387.3,10.7,1.87,4.9,2.0,5,0,0,2,1,5,High Risk
890907771938,Fresh Butter #3186,Dairy,"pasteurized cream, salt",675.9,0.1,496.2,56.5,0.0,0.9,0.0,0,0,0,0,0,79,Low Risk
890175692991,Commercial Potato Crisps #3187,Snacks,"potatoes, palm oil, salt, monosodium glutamate, flavor enhancer 635, dextrose",579.5,0.8,757.0,13.2,0.64,6.4,3.1,4,0,0,1,0,65,Moderate Risk
890394012042,Energy Drink with High Caffeine #3188,Beverages,"carbonated water, sucrose, glucose, taurine, caffeine, inositol, niacinamide, pyridoxine, color e133, sodium benzoate",41.1,11.9,74.3,0.0,0.0,0.4,0.0,6,1,0,2,0,67,Moderate Risk
890636352505,Low-Cost Synthetic Fruit Drink #3189,Beverages,"water, invert sugar syrup, metanil yellow, citric acid, clouding agent, artificial mango flavor, potassium metabisulphite",59.5,13.0,46.0,0.0,0.0,0.0,0.0,6,2,0,2,1,21,High Risk
890365022801,Fresh Butter #3190,Dairy,"pasteurized cream, salt",741.9,0.1,560.4,58.1,0.0,0.9,0.0,0,0,0,0,0,78,Low Risk
890497151257,Fresh Butter #3191,Dairy,"pasteurized cream, salt",621.5,0.1,671.9,46.1,0.0,1.0,0.0,0,0,0,0,0,76,Moderate Risk
890757766726,Pure Extra Virgin Olive Oil #3192,Spices & Condiments,100% extra virgin cold pressed olive oil,843.6,0.0,1.9,12.3,0.0,0.0,0.0,0,0,0,0,0,93,Low Risk
890520792688,Diet Soda with Multiple Sweeteners #3193,Beverages,"carbonated water, aspartame, acesulfame potassium, caramel iv, sodium benzoate, phosphoric acid",1.0,0.0,33.1,0.0,0.0,0.0,0.0,5,1,2,1,0,66,Moderate Risk
890385282378,Pure Ground Turmeric Powder #3194,Spices & Condiments,100% turmeric rhizome powder,300.4,3.1,38.0,3.1,0.0,10.1,23.8,0,0,0,0,0,99,Low Risk
890155185620,Adulterated Turmeric with Metanil Yellow #3195,Spices & Condiments,"turmeric powder, lead chromate trace, chalk powder, metanil yellow color",251.5,2.4,197.1,1.4,0.0,5.0,10.8,3,1,0,0,1,55,High Risk
890486553271,Synthetic Milk Sample #3196,Dairy,"urea, detergent, refined vegetable oil, caustic soda, water",154.7,0.5,948.5,12.9,4.17,1.3,0.0,5,0,0,3,1,5,High Risk
890740669218,Standard Processed Cheese #3197,Dairy,"milk, salt, cheese cultures, enzymes, sodium phosphate, annatto",363.8,1.4,1080.0,18.4,0.75,19.3,0.0,3,1,0,1,0,49,Moderate Risk
890958147027,Cold Pressed Orange Juice #3198,Beverages,100% freshly pressed oranges,50.5,9.0,2.0,0.1,0.0,0.7,1.5,0,0,0,0,0,99,Low Risk
890480110797,Diet Soda with Multiple Sweeteners #3199,Beverages,"carbonated water, aspartame, acesulfame potassium, caramel iv, sodium benzoate, phosphoric acid",0.9,0.0,36.9,0.0,0.0,0.0,0.0,5,1,2,1,0,66,Moderate Risk
890406340951,Energy Drink with High Caffeine #3200,Beverages,"carbonated water, sucrose, glucose, taurine, caffeine, inositol, niacinamide, pyridoxine, color e133, sodium benzoate",44.1,14.2,79.5,0.0,0.0,0.4,0.0,6,1,0,2,0,65,Moderate Risk
890921872550,Pure Green Tea Bag #3201,Beverages,100% organic green tea leaves,0.9,0.0,1.1,0.0,0.0,0.2,0.0,0,0,0,0,0,99,Low Risk
890685194362,Pure Green Tea Bag #3202,Beverages,100% organic green tea leaves,0.9,0.0,1.1,0.0,0.0,0.2,0.0,0,0,0,0,0,99,Low Risk
890229241553,Flavored Fruit Yogurt #3203,Dairy,"milk, sugar, strawberries, modified corn starch, carmine color, potassium sorbate",116.1,15.1,63.6,1.7,0.0,4.3,0.5,3,1,0,1,0,80,Moderate Risk
890242273969,Adulterated Chilli Powder with Sudan Dye #3204,Spices & Condiments,"red chilli powder, brick powder trace, sudan i dye, salt, mineral oil",272.3,4.2,612.8,4.6,0.0,6.5,14.6,4,1,0,0,1,50,High Risk
890774041121,Fried Street-Style Savory Mix #3205,Snacks,"refined flour, re-used palm oil, metanil yellow, excess salt, msg",557.3,1.6,1605.5,21.2,3.76,5.6,0.9,6,2,0,2,1,5,High Risk
890674774688,Adulterated Chilli Powder with Sudan Dye #3206,Spices & Condiments,"red chilli powder, brick powder trace, sudan i dye, salt, mineral oil",253.6,4.1,560.9,4.6,0.0,5.5,15.0,4,1,0,0,1,51,High Risk
890866034540,Low-Cost Synthetic Fruit Drink #3207,Beverages,"water, invert sugar syrup, metanil yellow, citric acid, clouding agent, artificial mango flavor, potassium metabisulphite",60.2,13.0,53.9,0.0,0.0,0.0,0.0,6,2,0,2,1,21,High Risk
890191899988,Coconut Water 100% Pure #3208,Beverages,pure tender coconut water,21.2,3.2,28.8,0.1,0.0,0.6,1.2,0,0,0,0,0,99,Low Risk
890928263482,Commercial Potato Crisps #3209,Snacks,"potatoes, palm oil, salt, monosodium glutamate, flavor enhancer 635, dextrose",517.4,0.7,887.0,11.2,0.34,6.4,2.9,4,0,0,1,0,70,Moderate Risk
890398953556,Pure Extra Virgin Olive Oil #3210,Spices & Condiments,100% extra virgin cold pressed olive oil,962.6,0.0,2.1,14.5,0.0,0.0,0.0,0,0,0,0,0,90,Low Risk
890385630153,Greek Plain Yogurt #3211,Dairy,"cultured pasteurized nonfat milk, live active cultures",65.7,3.3,37.0,0.4,0.0,10.8,0.0,0,0,0,0,0,99,Low Risk
890655036989,Adulterated Turmeric with Metanil Yellow #3212,Spices & Condiments,"turmeric powder, lead chromate trace, chalk powder, metanil yellow color",258.0,2.2,195.7,1.5,0.0,4.8,12.5,3,1,0,0,1,56,High Risk
890216485024,Synthetic Milk Sample #3213,Dairy,"urea, detergent, refined vegetable oil, caustic soda, water",162.6,0.5,890.5,16.7,4.17,1.2,0.0,5,0,0,3,1,5,High Risk
890372262290,Cottage Cheese (Paneer) #3214,Dairy,"pasteurized milk, citric acid",296.6,1.4,24.2,20.3,0.0,18.5,0.0,0,0,0,0,0,92,Low Risk
890371606321,Extruded Spicy Puffs #3215,Snacks,"corn meal, palm olein, maltodextrin, sunset yellow fcf, tartrazine, tbhq, msg, artificial flavors",565.8,4.1,1526.2,18.0,1.38,4.9,1.5,7,2,0,2,1,5,High Risk
890955710567,Diet Soda with Multiple Sweeteners #3216,Beverages,"carbonated water, aspartame, acesulfame potassium, caramel iv, sodium benzoate, phosphoric acid",1.1,0.0,31.2,0.0,0.0,0.0,0.0,5,1,2,1,0,66,Moderate Risk
890573076917,Oat & Honey Granola Bar #3217,Bakery & Confectionery,"rolled oats, honey, almonds, crisped rice, sunflower oil, salt",404.2,17.8,154.2,2.5,0.0,7.7,5.5,0,0,0,0,0,99,Low Risk
890472183482,Coconut Water 100% Pure #3218,Beverages,pure tender coconut water,16.8,3.5,25.2,0.1,0.0,0.7,1.1,0,0,0,0,0,99,Low Risk
890378519408,Commercial Tomato Ketchup #3219,Spices & Condiments,"tomato paste, sugar, distilled vinegar, salt, onion powder, sodium benzoate, potassium sorbate, pectin",99.6,24.2,939.7,0.1,0.0,1.5,1.5,3,0,0,2,0,61,Moderate Risk
890438840233,Skimmed Milk #3220,Dairy,"skimmed milk, vitamin a, vitamin d3",37.7,5.0,57.3,0.2,0.0,3.6,0.0,0,0,0,0,0,99,Low Risk
890186152160,Cottage Cheese (Paneer) #3221,Dairy,"pasteurized milk, citric acid",230.2,1.3,20.4,18.9,0.0,18.4,0.0,0,0,0,0,0,93,Low Risk
890536642763,Extruded Spicy Puffs #3222,Snacks,"corn meal, palm olein, maltodextrin, sunset yellow fcf, tartrazine, tbhq, msg, artificial flavors",599.6,3.8,1531.4,16.3,1.41,4.9,1.4,7,2,0,2,1,5,High Risk
890239277642,Pure Ground Turmeric Powder #3223,Spices & Condiments,100% turmeric rhizome powder,289.6,3.5,42.9,3.0,0.0,9.3,20.1,0,0,0,0,0,99,Low Risk
890458100951,Adulterated Mustard Oil with Argemone #3224,Spices & Condiments,"mustard oil, argemone oil, mineral oil, butter yellow dye",768.9,0.0,5.0,12.1,1.69,0.0,0.0,3,1,0,0,1,12,High Risk
890762894981,Organic Trail Mix #3225,Snacks,"almonds, walnuts, raisins, sunflower seeds, pumpkin seeds",508.6,16.6,17.9,4.7,0.0,13.5,8.6,0,0,0,0,0,99,Low Risk
890222742633,Skimmed Milk #3226,Dairy,"skimmed milk, vitamin a, vitamin d3",35.6,4.9,49.2,0.2,0.0,3.2,0.0,0,0,0,0,0,99,Low Risk
890636795161,Pure Red Chilli Powder #3227,Spices & Condiments,100% dried red chillies,300.4,8.0,27.5,3.5,0.0,12.9,25.0,0,0,0,0,0,99,Low Risk
890877168561,Diet Soda with Multiple Sweeteners #3228,Beverages,"carbonated water, aspartame, acesulfame potassium, caramel iv, sodium benzoate, phosphoric acid",0.9,0.0,41.2,0.0,0.0,0.0,0.0,5,1,2,1,0,66,Moderate Risk
890757436186,Adulterated Turmeric with Metanil Yellow #3229,Spices & Condiments,"turmeric powder, lead chromate trace, chalk powder, metanil yellow color",273.4,2.0,201.8,1.5,0.0,4.7,12.3,3,1,0,0,1,56,High Risk
890369425725,Industrial White Sandwich Bread #3230,Bakery & Confectionery,"refined wheat flour, sugar, yeast, palm oil, calcium propionate, emulsifier 481, flour treatment agent 300",269.5,5.0,458.8,1.2,0.29,8.1,2.0,4,0,0,2,0,84,Moderate Risk
890903752758,Processed Nacho Chips #3231,Snacks,"corn, vegetable fat, whey powder, disodium guanylate, artificial cheese flavor, yellow 6 lake",528.6,2.3,804.9,9.4,0.73,6.5,3.8,5,1,0,1,0,59,Moderate Risk
890834540496,Standard Processed Cheese #3232,Dairy,"milk, salt, cheese cultures, enzymes, sodium phosphate, annatto",335.3,1.4,1292.1,23.1,0.5,19.3,0.0,3,1,0,1,0,51,Moderate Risk
890820433255,Pure Green Tea Bag #3233,Beverages,100% organic green tea leaves,0.9,0.0,1.0,0.0,0.0,0.2,0.0,0,0,0,0,0,99,Low Risk
890887260953,Organic Trail Mix #3234,Snacks,"almonds, walnuts, raisins, sunflower seeds, pumpkin seeds",533.1,16.0,16.7,4.4,0.0,15.5,7.7,0,0,0,0,0,99,Low Risk
890512592491,Dark Chocolate 85% #3235,Bakery & Confectionery,"cocoa mass, cocoa butter, cane sugar, vanilla beans",496.8,12.4,17.2,24.6,0.0,8.8,11.4,0,0,0,0,0,91,Low Risk
890817084439,Commercial Tomato Ketchup #3236,Spices & Condiments,"tomato paste, sugar, distilled vinegar, salt, onion powder, sodium benzoate, potassium sorbate, pectin",108.3,23.1,1086.2,0.1,0.0,1.4,1.5,3,0,0,2,0,59,Moderate Risk
890152569519,Cottage Cheese (Paneer) #3237,Dairy,"pasteurized milk, citric acid",242.4,1.0,25.3,15.1,0.0,19.1,0.0,0,0,0,0,0,98,Low Risk
890499182442,Pure Red Chilli Powder #3238,Spices & Condiments,100% dried red chillies,298.5,8.1,33.8,4.2,0.0,11.0,24.9,0,0,0,0,0,99,Low Risk
890155780848,Adulterated Butter with Animal Fat & Starch #3239,Dairy,"milk fat, animal tallow, starch, yellow dye 5, preservative",633.7,0.4,544.2,45.3,3.91,0.5,0.0,4,1,0,2,1,5,High Risk
890557127737,Dark Chocolate 85% #3240,Bakery & Confectionery,"cocoa mass, cocoa butter, cane sugar, vanilla beans",521.6,16.1,14.6,33.0,0.0,9.3,10.5,0,0,0,0,0,87,Low Risk
890779361849,Baked Whole Grain Crackers #3241,Snacks,"whole wheat flour, canola oil, sea salt, malt extract",460.7,2.2,463.1,2.1,0.0,8.6,7.9,0,0,0,0,0,99,Low Risk
890730455060,Commercial Tomato Ketchup #3242,Spices & Condiments,"tomato paste, sugar, distilled vinegar, salt, onion powder, sodium benzoate, potassium sorbate, pectin",122.1,27.8,917.7,0.1,0.0,1.4,1.4,3,0,0,2,0,59,Moderate Risk
890101526890,Fried Street-Style Savory Mix #3243,Snacks,"refined flour, re-used palm oil, metanil yellow, excess salt, msg",571.2,1.5,1685.5,20.9,3.41,5.5,0.9,6,2,0,2,1,5,High Risk
890266693249,Low-Cost Synthetic Fruit Drink #3244,Beverages,"water, invert sugar syrup, metanil yellow, citric acid, clouding agent, artificial mango flavor, potassium metabisulphite",64.4,13.6,49.8,0.0,0.0,0.0,0.0,6,2,0,2,1,20,High Risk
890304434472,Oat & Honey Granola Bar #3245,Bakery & Confectionery,"rolled oats, honey, almonds, crisped rice, sunflower oil, salt",440.7,16.2,204.7,2.3,0.0,8.0,5.6,0,0,0,0,0,99,Low Risk
890238573749,Oat & Honey Granola Bar #3246,Bakery & Confectionery,"rolled oats, honey, almonds, crisped rice, sunflower oil, salt",418.5,14.9,205.5,1.9,0.0,7.7,5.9,0,0,0,0,0,99,Low Risk
890145694647,Fried Street-Style Savory Mix #3247,Snacks,"refined flour, re-used palm oil, metanil yellow, excess salt, msg",523.2,1.5,1690.5,21.7,3.46,5.8,0.9,6,2,0,2,1,5,High Risk
890338887663,Greek Plain Yogurt #3248,Dairy,"cultured pasteurized nonfat milk, live active cultures",56.2,3.5,38.1,0.4,0.0,10.2,0.0,0,0,0,0,0,99,Low Risk
890669725777,Commercial Tomato Ketchup #3249,Spices & Condiments,"tomato paste, sugar, distilled vinegar, salt, onion powder, sodium benzoate, potassium sorbate, pectin",115.1,26.7,990.4,0.1,0.0,1.4,1.5,3,0,0,2,0,59,Moderate Risk
890875730698,Dark Chocolate 85% #3250,Bakery & Confectionery,"cocoa mass, cocoa butter, cane sugar, vanilla beans",626.2,13.7,17.2,24.1,0.0,8.4,9.9,0,0,0,0,0,89,Low Risk
890544127932,Adulterated Low-Cost Paneer #3251,Dairy,"milk solids, vegetable oil, starch, sulfuric acid trace, detergent trace",323.1,4.1,477.0,15.9,2.55,8.7,0.0,4,0,0,2,1,5,High Risk
890707163734,Synthetic Milk Sample #3252,Dairy,"urea, detergent, refined vegetable oil, caustic soda, water",166.6,0.5,957.2,16.2,4.45,1.1,0.0,5,0,0,3,1,5,High Risk
890599577497,Pure Ground Turmeric Powder #3253,Spices & Condiments,100% turmeric rhizome powder,339.2,3.3,43.0,2.8,0.0,10.6,20.2,0,0,0,0,0,99,Low Risk
890428944171,Industrial White Sandwich Bread #3254,Bakery & Confectionery,"refined wheat flour, sugar, yeast, palm oil, calcium propionate, emulsifier 481, flour treatment agent 300",228.4,5.7,476.2,1.4,0.08,7.5,2.2,4,0,0,2,0,84,Moderate Risk
890851747643,Adulterated Low-Cost Paneer #3255,Dairy,"milk solids, vegetable oil, starch, sulfuric acid trace, detergent trace",250.5,3.6,507.4,20.2,2.59,8.6,0.0,4,0,0,2,1,5,High Risk
890536406105,Pure Ground Turmeric Powder #3256,Spices & Condiments,100% turmeric rhizome powder,289.0,3.0,37.2,3.1,0.0,8.9,23.5,0,0,0,0,0,99,Low Risk
890185364118,Coconut Water 100% Pure #3257,Beverages,pure tender coconut water,16.9,3.8,22.5,0.1,0.0,0.7,1.0,0,0,0,0,0,99,Low Risk
890298959136,Fresh Butter #3258,Dairy,"pasteurized cream, salt",798.2,0.1,615.8,48.9,0.0,0.9,0.0,0,0,0,0,0,77,Moderate Risk
890630055250,Fresh Butter #3259,Dairy,"pasteurized cream, salt",634.7,0.1,672.2,57.1,0.0,0.9,0.0,0,0,0,0,0,76,Moderate Risk
890212154538,Synthetic Colored Hard Candies #3260,Bakery & Confectionery,"sugar, liquid glucose, allura red, brilliant blue fcf, tartrazine, artificial fruit flavor, citric acid",366.6,70.8,91.4,0.0,0.0,0.0,0.0,5,3,0,1,1,5,High Risk
890565878073,Diet Soda with Multiple Sweeteners #3261,Beverages,"carbonated water, aspartame, acesulfame potassium, caramel iv, sodium benzoate, phosphoric acid",0.9,0.0,37.2,0.0,0.0,0.0,0.0,5,1,2,1,0,66,Moderate Risk
890765675969,100% Whole Wheat Sourdough #3262,Bakery & Confectionery,"whole wheat flour, water, sourdough culture, sea salt",268.3,1.3,494.0,0.5,0.0,10.4,6.5,0,0,0,0,0,99,Low Risk
890306136011,Commercial Potato Crisps #3263,Snacks,"potatoes, palm oil, salt, monosodium glutamate, flavor enhancer 635, dextrose",544.5,0.9,824.5,10.2,0.51,6.4,3.2,4,0,0,1,0,65,Moderate Risk
890413847940,Synthetic Colored Hard Candies #3264,Bakery & Confectionery,"sugar, liquid glucose, allura red, brilliant blue fcf, tartrazine, artificial fruit flavor, citric acid",386.2,75.3,81.2,0.0,0.0,0.0,0.0,5,3,0,1,1,5,High Risk
890812572635,Extruded Spicy Puffs #3265,Snacks,"corn meal, palm olein, maltodextrin, sunset yellow fcf, tartrazine, tbhq, msg, artificial flavors",623.0,4.9,1267.4,15.0,1.28,5.4,1.5,7,2,0,2,1,5,High Risk
890922231930,Adulterated Mustard Oil with Argemone #3266,Spices & Condiments,"mustard oil, argemone oil, mineral oil, butter yellow dye",880.5,0.0,5.4,12.3,1.48,0.0,0.0,3,1,0,0,1,15,High Risk
890737730238,Commercial Potato Crisps #3267,Snacks,"potatoes, palm oil, salt, monosodium glutamate, flavor enhancer 635, dextrose",505.9,0.9,871.2,13.7,0.31,7.1,3.2,4,0,0,1,0,68,Moderate Risk
890199474744,Standard Processed Cheese #3268,Dairy,"milk, salt, cheese cultures, enzymes, sodium phosphate, annatto",346.8,1.1,1306.8,19.0,0.7,16.6,0.0,3,1,0,1,0,44,Moderate Risk
890524411339,Synthetic Colored Hard Candies #3269,Bakery & Confectionery,"sugar, liquid glucose, allura red, brilliant blue fcf, tartrazine, artificial fruit flavor, citric acid",397.8,72.0,76.3,0.0,0.0,0.0,0.0,5,3,0,1,1,5,High Risk
890423398325,Pure Ground Turmeric Powder #3270,Spices & Condiments,100% turmeric rhizome powder,266.5,3.7,32.3,2.8,0.0,10.7,21.6,0,0,0,0,0,99,Low Risk
890351673752,Cold Pressed Orange Juice #3271,Beverages,100% freshly pressed oranges,40.5,8.1,2.4,0.1,0.0,0.8,1.5,0,0,0,0,0,99,Low Risk
890195942022,Energy Drink with High Caffeine #3272,Beverages,"carbonated water, sucrose, glucose, taurine, caffeine, inositol, niacinamide, pyridoxine, color e133, sodium benzoate",45.8,11.2,71.1,0.0,0.0,0.4,0.0,6,1,0,2,0,67,Moderate Risk
890285060864,Oat & Honey Granola Bar #3273,Bakery & Confectionery,"rolled oats, honey, almonds, crisped rice, sunflower oil, salt",444.0,16.4,180.7,2.1,0.0,9.3,5.6,0,0,0,0,0,99,Low Risk
890561358851,Oat & Honey Granola Bar #3274,Bakery & Confectionery,"rolled oats, honey, almonds, crisped rice, sunflower oil, salt",417.1,14.3,213.3,2.4,0.0,8.2,6.0,0,0,0,0,0,99,Low Risk
890479802399,Processed Nacho Chips #3275,Snacks,"corn, vegetable fat, whey powder, disodium guanylate, artificial cheese flavor, yellow 6 lake",485.8,2.4,931.6,9.5,0.94,7.1,3.8,5,1,0,1,0,54,Moderate Risk
890818091747,Roasted Chickpeas #3276,Snacks,"chickpeas, olive oil, sea salt",396.1,2.2,269.4,1.4,0.0,20.6,16.3,0,0,0,0,0,99,Low Risk
890684745092,Fried Street-Style Savory Mix #3277,Snacks,"refined flour, re-used palm oil, metanil yellow, excess salt, msg",567.7,1.7,1721.1,24.0,3.78,6.5,0.9,6,2,0,2,1,5,High Risk
890521958678,Whole Cow Milk #3278,Dairy,"milk, vitamin d3",56.8,4.7,52.0,3.2,0.0,3.2,0.0,0,0,0,0,0,99,Low Risk
890922648041,Cream-Filled Sandwich Cookies #3279,Bakery & Confectionery,"refined wheat flour, sugar, hydrogenated palm oil, cocoa, high fructose corn syrup, soy lecithin, vanillin, artificial chocolate flavor, tbhq",524.5,40.2,371.0,10.4,1.99,4.1,1.9,5,0,0,2,1,5,High Risk
890132354733,Whole Cow Milk #3280,Dairy,"milk, vitamin d3",71.2,4.4,46.2,3.6,0.0,3.5,0.0,0,0,0,0,0,99,Low Risk
890173650516,100% Whole Wheat Sourdough #3281,Bakery & Confectionery,"whole wheat flour, water, sourdough culture, sea salt",250.9,1.3,427.0,0.5,0.0,9.7,5.9,0,0,0,0,0,99,Low Risk
890977512821,Greek Plain Yogurt #3282,Dairy,"cultured pasteurized nonfat milk, live active cultures",51.7,3.9,35.1,0.4,0.0,10.6,0.0,0,0,0,0,0,99,Low Risk
890995101092,Flavored Fruit Yogurt #3283,Dairy,"milk, sugar, strawberries, modified corn starch, carmine color, potassium sorbate",124.2,17.9,55.9,1.6,0.0,3.8,0.5,3,1,0,1,0,77,Moderate Risk
890692684946,Organic Trail Mix #3284,Snacks,"almonds, walnuts, raisins, sunflower seeds, pumpkin seeds",420.4,17.3,13.2,3.9,0.0,13.6,8.5,0,0,0,0,0,99,Low Risk
890528150465,Diet Soda with Multiple Sweeteners #3285,Beverages,"carbonated water, aspartame, acesulfame potassium, caramel iv, sodium benzoate, phosphoric acid",1.1,0.0,31.8,0.0,0.0,0.0,0.0,5,1,2,1,0,66,Moderate Risk
890572061575,100% Whole Wheat Sourdough #3286,Bakery & Confectionery,"whole wheat flour, water, sourdough culture, sea salt",239.7,1.7,474.0,0.6,0.0,10.1,5.7,0,0,0,0,0,99,Low Risk
890668574466,Cottage Cheese (Paneer) #3287,Dairy,"pasteurized milk, citric acid",255.2,1.3,20.2,15.6,0.0,16.6,0.0,0,0,0,0,0,96,Low Risk
890430484785,Greek Plain Yogurt #3288,Dairy,"cultured pasteurized nonfat milk, live active cultures",53.0,3.1,35.7,0.5,0.0,10.3,0.0,0,0,0,0,0,99,Low Risk
890253485690,Pure Green Tea Bag #3289,Beverages,100% organic green tea leaves,1.1,0.0,0.9,0.0,0.0,0.2,0.0,0,0,0,0,0,99,Low Risk
890797212984,Instant Fried Noodles #3290,Snacks,"wheat flour, palm oil, salt, guar gum, flavor enhancer 621, caramel iv, sodium polyphosphate",453.9,3.1,1593.8,8.4,0.5,9.5,2.7,5,1,0,2,0,52,Moderate Risk
890251683750,Baked Whole Grain Crackers #3291,Snacks,"whole wheat flour, canola oil, sea salt, malt extract",433.5,3.0,339.3,1.9,0.0,9.5,7.2,0,0,0,0,0,99,Low Risk
890819299121,Baked Whole Grain Crackers #3292,Snacks,"whole wheat flour, canola oil, sea salt, malt extract",416.9,3.0,342.6,1.7,0.0,9.7,8.1,0,0,0,0,0,99,Low Risk
890467187168,Dark Chocolate 85% #3293,Bakery & Confectionery,"cocoa mass, cocoa butter, cane sugar, vanilla beans",534.8,16.5,15.2,31.2,0.0,8.9,11.7,0,0,0,0,0,88,Low Risk
890584334490,100% Whole Wheat Sourdough #3294,Bakery & Confectionery,"whole wheat flour, water, sourdough culture, sea salt",211.7,1.4,428.6,0.5,0.0,9.9,5.9,0,0,0,0,0,99,Low Risk
890412617128,Organic Trail Mix #3295,Snacks,"almonds, walnuts, raisins, sunflower seeds, pumpkin seeds",463.8,19.7,17.8,3.6,0.0,16.2,8.0,0,0,0,0,0,99,Moderate Risk
890183528997,Processed Nacho Chips #3296,Snacks,"corn, vegetable fat, whey powder, disodium guanylate, artificial cheese flavor, yellow 6 lake",555.4,1.9,852.5,11.4,0.99,7.3,3.9,5,1,0,1,0,48,Moderate Risk
890576652101,Instant Fried Noodles #3297,Snacks,"wheat flour, palm oil, salt, guar gum, flavor enhancer 621, caramel iv, sodium polyphosphate",512.0,3.3,1623.7,9.5,0.75,9.3,2.3,5,1,0,2,0,41,Moderate Risk
890242141682,Greek Plain Yogurt #3298,Dairy,"cultured pasteurized nonfat milk, live active cultures",63.0,3.8,32.3,0.3,0.0,10.2,0.0,0,0,0,0,0,99,Low Risk
890495321464,Flavored Fruit Yogurt #3299,Dairy,"milk, sugar, strawberries, modified corn starch, carmine color, potassium sorbate",94.7,14.7,56.7,1.4,0.0,4.3,0.5,3,1,0,1,0,80,Moderate Risk
890994016826,Baked Whole Grain Crackers #3300,Snacks,"whole wheat flour, canola oil, sea salt, malt extract",361.9,2.3,338.7,1.8,0.0,9.1,7.1,0,0,0,0,0,99,Low Risk
890938878887,Fried Street-Style Savory Mix #3301,Snacks,"refined flour, re-used palm oil, metanil yellow, excess salt, msg",558.8,1.8,1371.8,21.0,3.67,5.4,0.9,6,2,0,2,1,5,High Risk
890968986280,Synthetic Milk Sample #3302,Dairy,"urea, detergent, refined vegetable oil, caustic soda, water",176.3,0.6,788.4,12.5,4.22,1.2,0.0,5,0,0,3,1,5,High Risk
890483409952,Pure Ground Turmeric Powder #3303,Spices & Condiments,100% turmeric rhizome powder,314.3,3.3,41.3,3.2,0.0,10.2,22.5,0,0,0,0,0,99,Low Risk
890844361657,Pure Green Tea Bag #3304,Beverages,100% organic green tea leaves,1.1,0.0,0.9,0.0,0.0,0.2,0.0,0,0,0,0,0,99,Low Risk
890727215281,Standard Processed Cheese #3305,Dairy,"milk, salt, cheese cultures, enzymes, sodium phosphate, annatto",312.1,1.4,1034.8,20.4,0.61,16.8,0.0,3,1,0,1,0,49,Moderate Risk
890442251737,Carbonated Cola Drink #3306,Beverages,"carbonated water, high fructose corn syrup, caramel color iv, phosphoric acid, caffeine, artificial flavors",41.0,10.8,12.4,0.0,0.0,0.0,0.0,4,1,0,1,0,77,Moderate Risk
890820867277,Cream-Filled Sandwich Cookies #3307,Bakery & Confectionery,"refined wheat flour, sugar, hydrogenated palm oil, cocoa, high fructose corn syrup, soy lecithin, vanillin, artificial chocolate flavor, tbhq",466.3,33.2,362.0,10.5,1.83,4.5,1.9,5,0,0,2,1,5,High Risk
890264036437,100% Whole Wheat Sourdough #3308,Bakery & Confectionery,"whole wheat flour, water, sourdough culture, sea salt",275.1,1.4,450.2,0.6,0.0,11.1,6.0,0,0,0,0,0,99,Low Risk
890385127189,Pure Ground Turmeric Powder #3309,Spices & Condiments,100% turmeric rhizome powder,341.3,3.5,38.1,2.6,0.0,8.9,22.3,0,0,0,0,0,99,Low Risk
890329192518,Synthetic Colored Hard Candies #3310,Bakery & Confectionery,"sugar, liquid glucose, allura red, brilliant blue fcf, tartrazine, artificial fruit flavor, citric acid",392.6,70.2,68.9,0.0,0.0,0.0,0.0,5,3,0,1,1,5,High Risk
890205882300,Adulterated Low-Cost Paneer #3311,Dairy,"milk solids, vegetable oil, starch, sulfuric acid trace, detergent trace",309.6,3.2,429.3,18.0,2.55,9.5,0.0,4,0,0,2,1,5,High Risk
890505416443,Synthetic Colored Hard Candies #3312,Bakery & Confectionery,"sugar, liquid glucose, allura red, brilliant blue fcf, tartrazine, artificial fruit flavor, citric acid",376.9,82.5,78.0,0.0,0.0,0.0,0.0,5,3,0,1,1,5,High Risk
890500945210,Oat & Honey Granola Bar #3313,Bakery & Confectionery,"rolled oats, honey, almonds, crisped rice, sunflower oil, salt",348.7,14.6,189.4,2.2,0.0,8.0,5.2,0,0,0,0,0,99,Low Risk
890179013254,Skimmed Milk #3314,Dairy,"skimmed milk, vitamin a, vitamin d3",30.0,5.4,42.9,0.2,0.0,3.7,0.0,0,0,0,0,0,99,Low Risk
890106136319,Adulterated Turmeric with Metanil Yellow #3315,Spices & Condiments,"turmeric powder, lead chromate trace, chalk powder, metanil yellow color",277.5,1.7,204.5,1.5,0.0,5.5,11.4,3,1,0,0,1,56,High Risk
890653262273,Adulterated Chilli Powder with Sudan Dye #3316,Spices & Condiments,"red chilli powder, brick powder trace, sudan i dye, salt, mineral oil",315.8,3.7,696.1,4.8,0.0,5.7,14.0,4,1,0,0,1,49,High Risk
890485574259,Skimmed Milk #3317,Dairy,"skimmed milk, vitamin a, vitamin d3",32.2,5.0,47.2,0.2,0.0,3.3,0.0,0,0,0,0,0,99,Low Risk
890580844352,Industrial White Sandwich Bread #3318,Bakery & Confectionery,"refined wheat flour, sugar, yeast, palm oil, calcium propionate, emulsifier 481, flour treatment agent 300",239.4,4.9,502.6,1.4,0.34,8.1,1.8,4,0,0,2,0,83,Moderate Risk
890443580832,Processed Nacho Chips #3319,Snacks,"corn, vegetable fat, whey powder, disodium guanylate, artificial cheese flavor, yellow 6 lake",434.6,1.9,1030.5,11.2,0.81,6.7,4.1,5,1,0,1,0,47,Moderate Risk
890958325447,Standard Processed Cheese #3320,Dairy,"milk, salt, cheese cultures, enzymes, sodium phosphate, annatto",345.6,1.2,1049.1,18.3,0.73,19.3,0.0,3,1,0,1,0,50,Moderate Risk
890220526566,Flavored Fruit Yogurt #3321,Dairy,"milk, sugar, strawberries, modified corn starch, carmine color, potassium sorbate",112.5,19.1,67.3,1.4,0.0,4.2,0.5,3,1,0,1,0,76,Moderate Risk
890393085090,Energy Drink with High Caffeine #3322,Beverages,"carbonated water, sucrose, glucose, taurine, caffeine, inositol, niacinamide, pyridoxine, color e133, sodium benzoate",50.0,13.1,81.2,0.0,0.0,0.4,0.0,6,1,0,2,0,66,Moderate Risk
890894290223,Oat & Honey Granola Bar #3323,Bakery & Confectionery,"rolled oats, honey, almonds, crisped rice, sunflower oil, salt",384.4,16.1,165.9,2.6,0.0,8.4,5.8,0,0,0,0,0,99,Low Risk
890156342170,Adulterated Turmeric with Metanil Yellow #3324,Spices & Condiments,"turmeric powder, lead chromate trace, chalk powder, metanil yellow color",284.3,2.1,167.8,1.3,0.0,4.7,11.2,3,1,0,0,1,55,High Risk
890607699499,Processed Nacho Chips #3325,Snacks,"corn, vegetable fat, whey powder, disodium guanylate, artificial cheese flavor, yellow 6 lake",436.4,2.2,982.6,10.9,0.91,6.2,4.3,5,1,0,1,0,47,Moderate Risk
890856783656,Pure Red Chilli Powder #3326,Spices & Condiments,100% dried red chillies,312.1,7.6,28.0,3.5,0.0,12.5,28.8,0,0,0,0,0,99,Low Risk
890579420505,Organic Trail Mix #3327,Snacks,"almonds, walnuts, raisins, sunflower seeds, pumpkin seeds",525.3,15.4,16.3,4.3,0.0,16.4,8.2,0,0,0,0,0,99,Low Risk
890454783553,Diet Soda with Multiple Sweeteners #3328,Beverages,"carbonated water, aspartame, acesulfame potassium, caramel iv, sodium benzoate, phosphoric acid",0.9,0.0,41.4,0.0,0.0,0.0,0.0,5,1,2,1,0,66,Moderate Risk
890718824508,Standard Processed Cheese #3329,Dairy,"milk, salt, cheese cultures, enzymes, sodium phosphate, annatto",318.2,1.3,1169.4,19.9,0.71,17.2,0.0,3,1,0,1,0,45,Moderate Risk
890413997388,Adulterated Low-Cost Paneer #3330,Dairy,"milk solids, vegetable oil, starch, sulfuric acid trace, detergent trace",270.6,3.6,428.0,15.8,2.68,8.5,0.0,4,0,0,2,1,5,High Risk
890389898691,Commercial Tomato Ketchup #3331,Spices & Condiments,"tomato paste, sugar, distilled vinegar, salt, onion powder, sodium benzoate, potassium sorbate, pectin",126.2,25.5,1054.8,0.1,0.0,1.4,1.6,3,0,0,2,0,60,Moderate Risk
890520051812,Fried Street-Style Savory Mix #3332,Snacks,"refined flour, re-used palm oil, metanil yellow, excess salt, msg",485.3,1.7,1633.8,25.1,3.73,5.6,1.0,6,2,0,2,1,5,High Risk
890566848807,Adulterated Chilli Powder with Sudan Dye #3333,Spices & Condiments,"red chilli powder, brick powder trace, sudan i dye, salt, mineral oil",244.3,3.4,661.1,4.5,0.0,6.2,13.1,4,1,0,0,1,50,High Risk
890211703076,Cold Pressed Orange Juice #3334,Beverages,100% freshly pressed oranges,45.3,10.4,1.9,0.1,0.0,0.7,1.5,0,0,0,0,0,99,Low Risk
890737648577,Carbonated Cola Drink #3335,Beverages,"carbonated water, high fructose corn syrup, caramel color iv, phosphoric acid, caffeine, artificial flavors",46.5,12.0,13.5,0.0,0.0,0.0,0.0,4,1,0,1,0,76,Moderate Risk
890558343974,Processed Nacho Chips #3336,Snacks,"corn, vegetable fat, whey powder, disodium guanylate, artificial cheese flavor, yellow 6 lake",463.0,1.8,824.8,10.9,0.85,7.4,3.9,5,1,0,1,0,51,Moderate Risk
890100276142,Fried Street-Style Savory Mix #3337,Snacks,"refined flour, re-used palm oil, metanil yellow, excess salt, msg",584.5,1.3,1404.4,21.4,3.45,6.5,1.0,6,2,0,2,1,5,High Risk
890280747615,Fresh Butter #3338,Dairy,"pasteurized cream, salt",609.8,0.1,541.7,59.6,0.0,0.9,0.0,0,0,0,0,0,78,Low Risk
890974321834,Adulterated Mustard Oil with Argemone #3339,Spices & Condiments,"mustard oil, argemone oil, mineral oil, butter yellow dye",846.6,0.0,4.4,11.0,1.41,0.0,0.0,3,1,0,0,1,17,High Risk
890260054095,Dark Chocolate 85% #3340,Bakery & Confectionery,"cocoa mass, cocoa butter, cane sugar, vanilla beans",511.3,15.4,16.5,27.3,0.0,8.5,10.2,0,0,0,0,0,87,Low Risk
890917433665,Carbonated Cola Drink #3341,Beverages,"carbonated water, high fructose corn syrup, caramel color iv, phosphoric acid, caffeine, artificial flavors",47.6,9.8,12.1,0.0,0.0,0.0,0.0,4,1,0,1,0,78,Moderate Risk
890697520091,Extruded Spicy Puffs #3342,Snacks,"corn meal, palm olein, maltodextrin, sunset yellow fcf, tartrazine, tbhq, msg, artificial flavors",628.3,4.6,1151.3,15.2,1.24,4.9,1.5,7,2,0,2,1,5,High Risk
890730932282,Pure Red Chilli Powder #3343,Spices & Condiments,100% dried red chillies,354.3,8.5,32.7,3.0,0.0,11.3,27.8,0,0,0,0,0,99,Low Risk
890477325334,Adulterated Turmeric with Metanil Yellow #3344,Spices & Condiments,"turmeric powder, lead chromate trace, chalk powder, metanil yellow color",285.2,1.9,162.6,1.5,0.0,5.2,13.1,3,1,0,0,1,57,High Risk
890605110412,Adulterated Chilli Powder with Sudan Dye #3345,Spices & Condiments,"red chilli powder, brick powder trace, sudan i dye, salt, mineral oil",269.2,3.5,556.7,3.5,0.0,6.0,13.5,4,1,0,0,1,51,High Risk
890335326777,Adulterated Chilli Powder with Sudan Dye #3346,Spices & Condiments,"red chilli powder, brick powder trace, sudan i dye, salt, mineral oil",313.9,3.5,699.1,3.6,0.0,6.3,14.6,4,1,0,0,1,49,High Risk
890513166836,Whole Cow Milk #3347,Dairy,"milk, vitamin d3",56.7,4.5,48.0,3.3,0.0,2.9,0.0,0,0,0,0,0,99,Low Risk
890518993539,Organic Trail Mix #3348,Snacks,"almonds, walnuts, raisins, sunflower seeds, pumpkin seeds",495.1,17.9,16.6,4.0,0.0,14.0,7.7,0,0,0,0,0,99,Low Risk
890968024695,Cream-Filled Sandwich Cookies #3349,Bakery & Confectionery,"refined wheat flour, sugar, hydrogenated palm oil, cocoa, high fructose corn syrup, soy lecithin, vanillin, artificial chocolate flavor, tbhq",497.6,39.1,378.4,9.3,2.1,4.7,2.2,5,0,0,2,1,5,High Risk
890476090378,Baked Whole Grain Crackers #3350,Snacks,"whole wheat flour, canola oil, sea salt, malt extract",377.7,2.9,444.8,2.1,0.0,9.5,6.9,0,0,0,0,0,99,Low Risk
890515733588,Cream-Filled Sandwich Cookies #3351,Bakery & Confectionery,"refined wheat flour, sugar, hydrogenated palm oil, cocoa, high fructose corn syrup, soy lecithin, vanillin, artificial chocolate flavor, tbhq",460.5,38.1,423.3,10.8,1.85,4.5,2.0,5,0,0,2,1,5,High Risk
890602405198,Energy Drink with High Caffeine #3352,Beverages,"carbonated water, sucrose, glucose, taurine, caffeine, inositol, niacinamide, pyridoxine, color e133, sodium benzoate",45.1,14.2,82.9,0.0,0.0,0.4,0.0,6,1,0,2,0,65,Moderate Risk
890678715076,Fried Street-Style Savory Mix #3353,Snacks,"refined flour, re-used palm oil, metanil yellow, excess salt, msg",602.4,1.6,1327.3,24.4,3.54,6.0,1.0,6,2,0,2,1,5,High Risk
890990446376,Standard Processed Cheese #3354,Dairy,"milk, salt, cheese cultures, enzymes, sodium phosphate, annatto",335.2,1.2,1278.3,24.3,0.42,16.7,0.0,3,1,0,1,0,49,Moderate Risk
890907192265,Dark Chocolate 85% #3355,Bakery & Confectionery,"cocoa mass, cocoa butter, cane sugar, vanilla beans",658.8,15.4,17.4,26.0,0.0,9.1,10.3,0,0,0,0,0,88,Low Risk
890816048062,Pure Ground Turmeric Powder #3356,Spices & Condiments,100% turmeric rhizome powder,304.1,3.3,42.8,2.6,0.0,9.0,20.0,0,0,0,0,0,99,Low Risk
890184356503,Whole Cow Milk #3357,Dairy,"milk, vitamin d3",64.2,5.4,49.0,3.6,0.0,3.0,0.0,0,0,0,0,0,99,Low Risk
890516451257,Adulterated Butter with Animal Fat & Starch #3358,Dairy,"milk fat, animal tallow, starch, yellow dye 5, preservative",608.9,0.6,575.2,44.9,3.89,0.5,0.0,4,1,0,2,1,5,High Risk
890528922352,Synthetic Colored Hard Candies #3359,Bakery & Confectionery,"sugar, liquid glucose, allura red, brilliant blue fcf, tartrazine, artificial fruit flavor, citric acid",422.1,84.0,79.5,0.0,0.0,0.0,0.0,5,3,0,1,1,5,High Risk
890919127500,Commercial Tomato Ketchup #3360,Spices & Condiments,"tomato paste, sugar, distilled vinegar, salt, onion powder, sodium benzoate, potassium sorbate, pectin",126.6,24.1,1019.9,0.1,0.0,1.3,1.5,3,0,0,2,0,60,Moderate Risk
890152412701,Oat & Honey Granola Bar #3361,Bakery & Confectionery,"rolled oats, honey, almonds, crisped rice, sunflower oil, salt",350.9,12.9,210.0,1.9,0.0,7.9,5.9,0,0,0,0,0,99,Low Risk
890703734404,Baked Whole Grain Crackers #3362,Snacks,"whole wheat flour, canola oil, sea salt, malt extract",361.5,2.3,414.0,1.9,0.0,8.9,7.6,0,0,0,0,0,99,Low Risk
890484288679,Coconut Water 100% Pure #3363,Beverages,pure tender coconut water,19.2,2.7,23.2,0.1,0.0,0.8,1.0,0,0,0,0,0,99,Low Risk
890713200383,Diet Soda with Multiple Sweeteners #3364,Beverages,"carbonated water, aspartame, acesulfame potassium, caramel iv, sodium benzoate, phosphoric acid",1.1,0.0,40.5,0.0,0.0,0.0,0.0,5,1,2,1,0,66,Moderate Risk
890871948505,Pure Green Tea Bag #3365,Beverages,100% organic green tea leaves,1.0,0.0,1.0,0.0,0.0,0.2,0.0,0,0,0,0,0,99,Low Risk
890420847753,Synthetic Colored Hard Candies #3366,Bakery & Confectionery,"sugar, liquid glucose, allura red, brilliant blue fcf, tartrazine, artificial fruit flavor, citric acid",374.3,65.0,75.5,0.0,0.0,0.0,0.0,5,3,0,1,1,5,High Risk
890430446102,Extruded Spicy Puffs #3367,Snacks,"corn meal, palm olein, maltodextrin, sunset yellow fcf, tartrazine, tbhq, msg, artificial flavors",598.4,4.0,1123.3,15.7,1.47,4.8,1.4,7,2,0,2,1,5,High Risk
890161105817,Adulterated Chilli Powder with Sudan Dye #3368,Spices & Condiments,"red chilli powder, brick powder trace, sudan i dye, salt, mineral oil",307.1,4.5,668.4,3.9,0.0,6.3,13.4,4,1,0,0,1,49,High Risk
890776568011,Pure Ground Turmeric Powder #3369,Spices & Condiments,100% turmeric rhizome powder,281.9,3.3,36.8,2.6,0.0,8.8,20.9,0,0,0,0,0,99,Low Risk
890561033325,Fried Street-Style Savory Mix #3370,Snacks,"refined flour, re-used palm oil, metanil yellow, excess salt, msg",503.7,1.6,1298.9,25.4,3.62,6.5,1.1,6,2,0,2,1,5,High Risk
890215075181,Organic Trail Mix #3371,Snacks,"almonds, walnuts, raisins, sunflower seeds, pumpkin seeds",442.5,19.1,13.8,4.3,0.0,16.2,7.9,0,0,0,0,0,99,Moderate Risk
890571057501,Low-Cost Synthetic Fruit Drink #3372,Beverages,"water, invert sugar syrup, metanil yellow, citric acid, clouding agent, artificial mango flavor, potassium metabisulphite",57.0,15.0,43.2,0.0,0.0,0.0,0.0,6,2,0,2,1,19,High Risk
890747023506,Coconut Water 100% Pure #3373,Beverages,pure tender coconut water,18.1,3.4,21.3,0.1,0.0,0.7,1.1,0,0,0,0,0,99,Low Risk
890561392985,Energy Drink with High Caffeine #3374,Beverages,"carbonated water, sucrose, glucose, taurine, caffeine, inositol, niacinamide, pyridoxine, color e133, sodium benzoate",41.5,13.7,84.3,0.0,0.0,0.4,0.0,6,1,0,2,0,65,Moderate Risk
890163415700,Industrial White Sandwich Bread #3375,Bakery & Confectionery,"refined wheat flour, sugar, yeast, palm oil, calcium propionate, emulsifier 481, flour treatment agent 300",296.3,5.3,541.2,1.4,0.18,7.8,1.9,4,0,0,2,0,83,Moderate Risk
890680883795,Cold Pressed Orange Juice #3376,Beverages,100% freshly pressed oranges,51.4,7.9,1.8,0.1,0.0,0.7,1.4,0,0,0,0,0,99,Low Risk
890311564950,Fresh Butter #3377,Dairy,"pasteurized cream, salt",743.8,0.1,491.4,55.3,0.0,1.0,0.0,0,0,0,0,0,79,Low Risk
890510245656,Processed Nacho Chips #3378,Snacks,"corn, vegetable fat, whey powder, disodium guanylate, artificial cheese flavor, yellow 6 lake",537.2,1.8,831.1,10.9,0.92,6.2,3.7,5,1,0,1,0,50,Moderate Risk
890857343718,Cottage Cheese (Paneer) #3379,Dairy,"pasteurized milk, citric acid",241.1,1.3,22.2,19.3,0.0,16.9,0.0,0,0,0,0,0,92,Low Risk
890446836848,100% Whole Wheat Sourdough #3380,Bakery & Confectionery,"whole wheat flour, water, sourdough culture, sea salt",224.0,1.4,462.6,0.5,0.0,11.1,5.4,0,0,0,0,0,99,Low Risk
890876090758,Pure Ground Turmeric Powder #3381,Spices & Condiments,100% turmeric rhizome powder,341.0,3.5,44.1,3.3,0.0,10.1,22.2,0,0,0,0,0,99,Low Risk
890408215574,Commercial Tomato Ketchup #3382,Spices & Condiments,"tomato paste, sugar, distilled vinegar, salt, onion powder, sodium benzoate, potassium sorbate, pectin",109.6,27.0,1103.8,0.1,0.0,1.3,1.5,3,0,0,2,0,57,Moderate Risk
890214153732,Adulterated Butter with Animal Fat & Starch #3383,Dairy,"milk fat, animal tallow, starch, yellow dye 5, preservative",646.5,0.5,729.6,52.2,4.01,0.5,0.0,4,1,0,2,1,5,High Risk
890782382520,Greek Plain Yogurt #3384,Dairy,"cultured pasteurized nonfat milk, live active cultures",64.0,4.1,36.6,0.4,0.0,9.2,0.0,0,0,0,0,0,99,Low Risk
890618630935,Adulterated Turmeric with Metanil Yellow #3385,Spices & Condiments,"turmeric powder, lead chromate trace, chalk powder, metanil yellow color",267.3,2.1,205.2,1.6,0.0,4.9,10.9,3,1,0,0,1,55,High Risk
890683757440,Synthetic Milk Sample #3386,Dairy,"urea, detergent, refined vegetable oil, caustic soda, water",206.4,0.6,828.0,14.5,4.22,1.3,0.0,5,0,0,3,1,5,High Risk
890883270654,Cottage Cheese (Paneer) #3387,Dairy,"pasteurized milk, citric acid",230.2,1.3,21.9,14.5,0.0,19.2,0.0,0,0,0,0,0,98,Low Risk
890500202961,Extruded Spicy Puffs #3388,Snacks,"corn meal, palm olein, maltodextrin, sunset yellow fcf, tartrazine, tbhq, msg, artificial flavors",479.4,3.6,1389.4,17.2,1.2,4.7,1.6,7,2,0,2,1,5,High Risk
890615098578,Greek Plain Yogurt #3389,Dairy,"cultured pasteurized nonfat milk, live active cultures",60.7,3.7,41.9,0.5,0.0,10.9,0.0,0,0,0,0,0,99,Low Risk
890457160421,Organic Trail Mix #3390,Snacks,"almonds, walnuts, raisins, sunflower seeds, pumpkin seeds",470.3,16.2,17.6,4.9,0.0,13.8,8.3,0,0,0,0,0,99,Low Risk
890392630881,Pure Extra Virgin Olive Oil #3391,Spices & Condiments,100% extra virgin cold pressed olive oil,791.2,0.0,2.0,13.9,0.0,0.0,0.0,0,0,0,0,0,91,Low Risk
890982783002,Pure Red Chilli Powder #3392,Spices & Condiments,100% dried red chillies,320.0,6.1,26.2,3.0,0.0,12.6,28.7,0,0,0,0,0,99,Low Risk
890101781108,Cream-Filled Sandwich Cookies #3393,Bakery & Confectionery,"refined wheat flour, sugar, hydrogenated palm oil, cocoa, high fructose corn syrup, soy lecithin, vanillin, artificial chocolate flavor, tbhq",463.9,45.1,430.4,10.4,1.74,4.5,2.1,5,0,0,2,1,5,High Risk
890502806188,Instant Fried Noodles #3394,Snacks,"wheat flour, palm oil, salt, guar gum, flavor enhancer 621, caramel iv, sodium polyphosphate",413.5,3.0,2064.2,11.0,0.46,9.9,2.3,5,1,0,2,0,46,Moderate Risk
890894281734,Standard Processed Cheese #3395,Dairy,"milk, salt, cheese cultures, enzymes, sodium phosphate, annatto",365.1,1.1,1121.9,24.3,0.73,18.9,0.0,3,1,0,1,0,42,Moderate Risk
890338397194,100% Whole Wheat Sourdough #3396,Bakery & Confectionery,"whole wheat flour, water, sourdough culture, sea salt",251.3,1.3,461.8,0.5,0.0,10.0,6.6,0,0,0,0,0,99,Low Risk
890424329981,Instant Fried Noodles #3397,Snacks,"wheat flour, palm oil, salt, guar gum, flavor enhancer 621, caramel iv, sodium polyphosphate",429.7,3.0,1654.7,10.8,0.45,8.5,2.4,5,1,0,2,0,46,Moderate Risk
890858151014,Adulterated Low-Cost Paneer #3398,Dairy,"milk solids, vegetable oil, starch, sulfuric acid trace, detergent trace",327.5,4.0,478.5,19.3,2.44,8.5,0.0,4,0,0,2,1,5,High Risk
890469023878,Adulterated Turmeric with Metanil Yellow #3399,Spices & Condiments,"turmeric powder, lead chromate trace, chalk powder, metanil yellow color",226.7,2.0,205.2,1.4,0.0,5.3,12.5,3,1,0,0,1,57,High Risk
890226783681,Extruded Spicy Puffs #3400,Snacks,"corn meal, palm olein, maltodextrin, sunset yellow fcf, tartrazine, tbhq, msg, artificial flavors",616.8,4.1,1420.3,18.0,1.41,5.0,1.6,7,2,0,2,1,5,High Risk
890369003436,Coconut Water 100% Pure #3401,Beverages,pure tender coconut water,17.0,3.4,29.1,0.1,0.0,0.7,1.0,0,0,0,0,0,99,Low Risk
890669057560,Pure Green Tea Bag #3402,Beverages,100% organic green tea leaves,1.1,0.0,0.9,0.0,0.0,0.2,0.0,0,0,0,0,0,99,Low Risk
890600893059,Fried Street-Style Savory Mix #3403,Snacks,"refined flour, re-used palm oil, metanil yellow, excess salt, msg",606.0,1.3,1613.0,21.3,3.78,6.0,0.9,6,2,0,2,1,5,High Risk
890682071284,Flavored Fruit Yogurt #3404,Dairy,"milk, sugar, strawberries, modified corn starch, carmine color, potassium sorbate",112.6,17.9,68.9,1.5,0.0,4.0,0.5,3,1,0,1,0,77,Moderate Risk
890620719227,Processed Nacho Chips #3405,Snacks,"corn, vegetable fat, whey powder, disodium guanylate, artificial cheese flavor, yellow 6 lake",487.8,2.2,803.1,8.9,0.77,7.0,4.3,5,1,0,1,0,59,Moderate Risk
890756037270,Carbonated Cola Drink #3406,Beverages,"carbonated water, high fructose corn syrup, caramel color iv, phosphoric acid, caffeine, artificial flavors",38.3,12.0,12.6,0.0,0.0,0.0,0.0,4,1,0,1,0,76,Moderate Risk
890777509799,Processed Nacho Chips #3407,Snacks,"corn, vegetable fat, whey powder, disodium guanylate, artificial cheese flavor, yellow 6 lake",425.7,2.2,1036.7,8.7,0.93,6.5,3.9,5,1,0,1,0,52,Moderate Risk
890498665244,Industrial White Sandwich Bread #3408,Bakery & Confectionery,"refined wheat flour, sugar, yeast, palm oil, calcium propionate, emulsifier 481, flour treatment agent 300",256.6,4.3,611.0,1.3,0.11,8.8,1.9,4,0,0,2,0,82,Moderate Risk
890256870620,100% Whole Wheat Sourdough #3409,Bakery & Confectionery,"whole wheat flour, water, sourdough culture, sea salt",272.8,1.4,359.8,0.5,0.0,9.5,5.9,0,0,0,0,0,99,Low Risk
890742619824,Adulterated Chilli Powder with Sudan Dye #3410,Spices & Condiments,"red chilli powder, brick powder trace, sudan i dye, salt, mineral oil",288.5,4.1,573.9,3.9,0.0,6.4,14.4,4,1,0,0,1,51,High Risk
890572517305,Standard Processed Cheese #3411,Dairy,"milk, salt, cheese cultures, enzymes, sodium phosphate, annatto",322.5,1.4,1093.4,18.6,0.63,17.7,0.0,3,1,0,1,0,50,Moderate Risk
890859534944,Pure Ground Turmeric Powder #3412,Spices & Condiments,100% turmeric rhizome powder,339.3,3.7,40.4,3.3,0.0,9.9,24.2,0,0,0,0,0,99,Low Risk
890444455078,Standard Processed Cheese #3413,Dairy,"milk, salt, cheese cultures, enzymes, sodium phosphate, annatto",284.5,1.2,1323.5,19.7,0.8,16.3,0.0,3,1,0,1,0,41,Moderate Risk
890777403110,Synthetic Colored Hard Candies #3414,Bakery & Confectionery,"sugar, liquid glucose, allura red, brilliant blue fcf, tartrazine, artificial fruit flavor, citric acid",349.4,85.7,68.7,0.0,0.0,0.0,0.0,5,3,0,1,1,5,High Risk
890355653321,Processed Nacho Chips #3415,Snacks,"corn, vegetable fat, whey powder, disodium guanylate, artificial cheese flavor, yellow 6 lake",526.4,1.9,941.9,11.0,1.06,7.1,4.2,5,1,0,1,0,46,Moderate Risk
890312635285,Adulterated Turmeric with Metanil Yellow #3416,Spices & Condiments,"turmeric powder, lead chromate trace, chalk powder, metanil yellow color",254.2,2.3,173.7,1.6,0.0,5.5,13.0,3,1,0,0,1,57,High Risk
890946853107,Adulterated Mustard Oil with Argemone #3417,Spices & Condiments,"mustard oil, argemone oil, mineral oil, butter yellow dye",1014.5,0.0,4.9,12.2,1.75,0.0,0.0,3,1,0,0,1,11,High Risk
890514172182,Industrial White Sandwich Bread #3418,Bakery & Confectionery,"refined wheat flour, sugar, yeast, palm oil, calcium propionate, emulsifier 481, flour treatment agent 300",253.1,4.2,503.6,1.4,0.05,8.4,2.1,4,0,0,2,0,83,Moderate Risk
890241298293,Low-Cost Synthetic Fruit Drink #3419,Beverages,"water, invert sugar syrup, metanil yellow, citric acid, clouding agent, artificial mango flavor, potassium metabisulphite",55.6,14.9,49.0,0.0,0.0,0.0,0.0,6,2,0,2,1,19,High Risk
890691607532,Skimmed Milk #3420,Dairy,"skimmed milk, vitamin a, vitamin d3",35.5,4.8,43.3,0.2,0.0,3.5,0.0,0,0,0,0,0,99,Low Risk
890554297826,Commercial Tomato Ketchup #3421,Spices & Condiments,"tomato paste, sugar, distilled vinegar, salt, onion powder, sodium benzoate, potassium sorbate, pectin",114.1,26.9,1118.9,0.1,0.0,1.5,1.4,3,0,0,2,0,57,Moderate Risk
890979270018,Synthetic Milk Sample #3422,Dairy,"urea, detergent, refined vegetable oil, caustic soda, water",155.7,0.4,720.9,12.6,4.22,1.1,0.0,5,0,0,3,1,5,High Risk
890753414701,Fried Street-Style Savory Mix #3423,Snacks,"refined flour, re-used palm oil, metanil yellow, excess salt, msg",513.4,1.6,1657.6,21.8,3.75,6.6,1.0,6,2,0,2,1,5,High Risk
890660382124,Cold Pressed Orange Juice #3424,Beverages,100% freshly pressed oranges,45.7,9.2,2.4,0.1,0.0,0.7,1.6,0,0,0,0,0,99,Low Risk
890276116603,Commercial Potato Crisps #3425,Snacks,"potatoes, palm oil, salt, monosodium glutamate, flavor enhancer 635, dextrose",584.0,0.8,647.4,11.6,0.4,6.8,3.0,4,0,0,1,0,78,Moderate Risk
890678809608,Cream-Filled Sandwich Cookies #3426,Bakery & Confectionery,"refined wheat flour, sugar, hydrogenated palm oil, cocoa, high fructose corn syrup, soy lecithin, vanillin, artificial chocolate flavor, tbhq",512.9,34.4,427.8,10.2,2.0,4.9,2.0,5,0,0,2,1,5,High Risk
890291886969,Fried Street-Style Savory Mix #3427,Snacks,"refined flour, re-used palm oil, metanil yellow, excess salt, msg",577.2,1.7,1496.5,20.2,3.47,6.5,1.1,6,2,0,2,1,5,High Risk
890615030027,Dark Chocolate 85% #3428,Bakery & Confectionery,"cocoa mass, cocoa butter, cane sugar, vanilla beans",571.7,12.6,17.5,30.5,0.0,8.9,11.8,0,0,0,0,0,91,Low Risk
890308232891,Commercial Potato Crisps #3429,Snacks,"potatoes, palm oil, salt, monosodium glutamate, flavor enhancer 635, dextrose",517.5,0.7,700.9,14.3,0.69,7.0,3.5,4,0,0,1,0,64,Moderate Risk
890479690846,Commercial Potato Crisps #3430,Snacks,"potatoes, palm oil, salt, monosodium glutamate, flavor enhancer 635, dextrose",556.3,0.8,686.7,13.9,0.5,6.4,3.5,4,0,0,1,0,75,Moderate Risk
890175580933,Adulterated Turmeric with Metanil Yellow #3431,Spices & Condiments,"turmeric powder, lead chromate trace, chalk powder, metanil yellow color",251.6,1.8,172.4,1.8,0.0,4.8,11.5,3,1,0,0,1,56,High Risk
890484173619,100% Whole Wheat Sourdough #3432,Bakery & Confectionery,"whole wheat flour, water, sourdough culture, sea salt",271.6,1.3,473.3,0.6,0.0,11.4,6.3,0,0,0,0,0,99,Low Risk
890850496656,Extruded Spicy Puffs #3433,Snacks,"corn meal, palm olein, maltodextrin, sunset yellow fcf, tartrazine, tbhq, msg, artificial flavors",518.5,4.9,1132.7,14.6,1.32,4.8,1.4,7,2,0,2,1,5,High Risk
890282996243,Skimmed Milk #3434,Dairy,"skimmed milk, vitamin a, vitamin d3",31.3,4.8,43.8,0.2,0.0,3.7,0.0,0,0,0,0,0,99,Low Risk
890506383819,Roasted Chickpeas #3435,Snacks,"chickpeas, olive oil, sea salt",340.4,2.3,242.7,1.3,0.0,18.3,18.4,0,0,0,0,0,99,Low Risk
890344580922,Oat & Honey Granola Bar #3436,Bakery & Confectionery,"rolled oats, honey, almonds, crisped rice, sunflower oil, salt",460.5,14.7,160.1,2.2,0.0,8.0,6.0,0,0,0,0,0,99,Low Risk
890534569863,Pure Red Chilli Powder #3437,Spices & Condiments,100% dried red chillies,289.4,7.8,28.7,3.8,0.0,12.9,26.1,0,0,0,0,0,99,Low Risk
890492210911,Skimmed Milk #3438,Dairy,"skimmed milk, vitamin a, vitamin d3",39.5,4.3,56.9,0.2,0.0,3.3,0.0,0,0,0,0,0,99,Low Risk
890180466647,Adulterated Mustard Oil with Argemone #3439,Spices & Condiments,"mustard oil, argemone oil, mineral oil, butter yellow dye",995.5,0.0,4.6,11.3,1.74,0.0,0.0,3,1,0,0,1,12,High Risk
890652716896,Coconut Water 100% Pure #3440,Beverages,pure tender coconut water,17.0,3.6,23.0,0.1,0.0,0.7,1.1,0,0,0,0,0,99,Low Risk
890834611895,Coconut Water 100% Pure #3441,Beverages,pure tender coconut water,18.7,3.3,23.1,0.1,0.0,0.6,1.2,0,0,0,0,0,99,Low Risk
890648375346,Standard Processed Cheese #3442,Dairy,"milk, salt, cheese cultures, enzymes, sodium phosphate, annatto",310.9,1.3,990.6,18.5,0.59,17.8,0.0,3,1,0,1,0,52,Moderate Risk
890745111712,Instant Fried Noodles #3443,Snacks,"wheat flour, palm oil, salt, guar gum, flavor enhancer 621, caramel iv, sodium polyphosphate",422.6,2.8,1507.0,10.3,0.73,9.8,2.5,5,1,0,2,0,37,High Risk
890660405220,Pure Red Chilli Powder #3444,Spices & Condiments,100% dried red chillies,354.5,6.8,30.7,3.5,0.0,10.8,26.8,0,0,0,0,0,99,Low Risk
890167444091,Processed Nacho Chips #3445,Snacks,"corn, vegetable fat, whey powder, disodium guanylate, artificial cheese flavor, yellow 6 lake",469.3,1.9,1034.0,8.5,0.72,7.4,4.3,5,1,0,1,0,55,Moderate Risk
890365560283,Dark Chocolate 85% #3446,Bakery & Confectionery,"cocoa mass, cocoa butter, cane sugar, vanilla beans",513.8,13.9,15.8,32.3,0.0,8.9,11.6,0,0,0,0,0,90,Low Risk
890457299607,Standard Processed Cheese #3447,Dairy,"milk, salt, cheese cultures, enzymes, sodium phosphate, annatto",366.0,1.1,1139.7,20.1,0.78,18.3,0.0,3,1,0,1,0,45,Moderate Risk
890506820385,Adulterated Low-Cost Paneer #3448,Dairy,"milk solids, vegetable oil, starch, sulfuric acid trace, detergent trace",296.1,4.1,561.2,15.9,2.45,9.7,0.0,4,0,0,2,1,5,High Risk
890855293587,Standard Processed Cheese #3449,Dairy,"milk, salt, cheese cultures, enzymes, sodium phosphate, annatto",281.8,1.4,1271.7,23.4,0.44,19.4,0.0,3,1,0,1,0,51,Moderate Risk
890917222088,Commercial Potato Crisps #3450,Snacks,"potatoes, palm oil, salt, monosodium glutamate, flavor enhancer 635, dextrose",594.4,0.9,826.5,10.2,0.46,6.7,3.3,4,0,0,1,0,73,Moderate Risk
890603055288,Energy Drink with High Caffeine #3451,Beverages,"carbonated water, sucrose, glucose, taurine, caffeine, inositol, niacinamide, pyridoxine, color e133, sodium benzoate",45.4,13.0,72.7,0.0,0.0,0.4,0.0,6,1,0,2,0,66,Moderate Risk
890801014883,Adulterated Low-Cost Paneer #3452,Dairy,"milk solids, vegetable oil, starch, sulfuric acid trace, detergent trace",299.4,3.6,527.5,18.3,2.41,9.8,0.0,4,0,0,2,1,5,High Risk
890955455318,Pure Green Tea Bag #3453,Beverages,100% organic green tea leaves,1.1,0.0,1.0,0.0,0.0,0.2,0.0,0,0,0,0,0,99,Low Risk
890509077199,Commercial Potato Crisps #3454,Snacks,"potatoes, palm oil, salt, monosodium glutamate, flavor enhancer 635, dextrose",612.3,0.8,740.5,11.2,0.43,6.5,3.2,4,0,0,1,0,77,Moderate Risk
890726668528,Cold Pressed Orange Juice #3455,Beverages,100% freshly pressed oranges,47.7,8.6,2.3,0.1,0.0,0.7,1.4,0,0,0,0,0,99,Low Risk
890472497986,Adulterated Mustard Oil with Argemone #3456,Spices & Condiments,"mustard oil, argemone oil, mineral oil, butter yellow dye",919.3,0.0,5.0,13.6,1.77,0.0,0.0,3,1,0,0,1,9,High Risk
890490953285,Cream-Filled Sandwich Cookies #3457,Bakery & Confectionery,"refined wheat flour, sugar, hydrogenated palm oil, cocoa, high fructose corn syrup, soy lecithin, vanillin, artificial chocolate flavor, tbhq",443.6,44.6,358.7,11.0,2.03,4.5,2.1,5,0,0,2,1,5,High Risk
890532097144,Adulterated Turmeric with Metanil Yellow #3458,Spices & Condiments,"turmeric powder, lead chromate trace, chalk powder, metanil yellow color",278.4,2.3,172.7,1.5,0.0,5.0,10.9,3,1,0,0,1,55,High Risk
890568032359,Standard Processed Cheese #3459,Dairy,"milk, salt, cheese cultures, enzymes, sodium phosphate, annatto",329.5,1.2,1112.1,18.3,0.43,17.8,0.0,3,1,0,1,0,59,Moderate Risk
890344311128,Energy Drink with High Caffeine #3460,Beverages,"carbonated water, sucrose, glucose, taurine, caffeine, inositol, niacinamide, pyridoxine, color e133, sodium benzoate",42.0,13.9,70.3,0.0,0.0,0.4,0.0,6,1,0,2,0,65,Moderate Risk
890274473792,Flavored Fruit Yogurt #3461,Dairy,"milk, sugar, strawberries, modified corn starch, carmine color, potassium sorbate",122.3,14.5,68.2,1.8,0.0,4.4,0.5,3,1,0,1,0,80,Moderate Risk
890104946019,Adulterated Turmeric with Metanil Yellow #3462,Spices & Condiments,"turmeric powder, lead chromate trace, chalk powder, metanil yellow color",287.1,2.3,183.6,1.4,0.0,4.9,11.9,3,1,0,0,1,56,High Risk
890276825725,Standard Processed Cheese #3463,Dairy,"milk, salt, cheese cultures, enzymes, sodium phosphate, annatto",353.2,1.1,1166.9,18.4,0.42,16.4,0.0,3,1,0,1,0,57,Moderate Risk
890422380479,Synthetic Milk Sample #3464,Dairy,"urea, detergent, refined vegetable oil, caustic soda, water",206.5,0.5,804.7,16.0,4.49,1.1,0.0,5,0,0,3,1,5,High Risk
890915365354,Adulterated Turmeric with Metanil Yellow #3465,Spices & Condiments,"turmeric powder, lead chromate trace, chalk powder, metanil yellow color",227.5,2.2,173.0,1.4,0.0,5.0,11.1,3,1,0,0,1,55,High Risk
890280069522,Fresh Butter #3466,Dairy,"pasteurized cream, salt",668.3,0.1,580.7,55.1,0.0,0.8,0.0,0,0,0,0,0,78,Low Risk
890626058998,Fried Street-Style Savory Mix #3467,Snacks,"refined flour, re-used palm oil, metanil yellow, excess salt, msg",538.6,1.8,1544.5,22.7,3.52,6.5,1.0,6,2,0,2,1,5,High Risk
890205132609,Pure Green Tea Bag #3468,Beverages,100% organic green tea leaves,0.9,0.0,1.1,0.0,0.0,0.2,0.0,0,0,0,0,0,99,Low Risk
890986197051,100% Whole Wheat Sourdough #3469,Bakery & Confectionery,"whole wheat flour, water, sourdough culture, sea salt",260.1,1.3,457.1,0.5,0.0,10.5,5.8,0,0,0,0,0,99,Low Risk
890524710635,Low-Cost Synthetic Fruit Drink #3470,Beverages,"water, invert sugar syrup, metanil yellow, citric acid, clouding agent, artificial mango flavor, potassium metabisulphite",51.8,15.6,49.1,0.0,0.0,0.0,0.0,6,2,0,2,1,19,High Risk
890629964380,Commercial Potato Crisps #3471,Snacks,"potatoes, palm oil, salt, monosodium glutamate, flavor enhancer 635, dextrose",559.9,0.8,666.8,11.3,0.56,6.8,3.0,4,0,0,1,0,69,Moderate Risk
890599752768,Pure Ground Turmeric Powder #3472,Spices & Condiments,100% turmeric rhizome powder,347.2,3.8,32.5,2.8,0.0,8.9,19.8,0,0,0,0,0,99,Low Risk
890112180357,Baked Whole Grain Crackers #3473,Snacks,"whole wheat flour, canola oil, sea salt, malt extract",375.3,2.7,403.6,1.8,0.0,8.7,8.1,0,0,0,0,0,99,Low Risk
890989183728,Synthetic Milk Sample #3474,Dairy,"urea, detergent, refined vegetable oil, caustic soda, water",190.7,0.5,700.6,16.3,4.48,1.2,0.0,5,0,0,3,1,5,High Risk
890784397314,Cottage Cheese (Paneer) #3475,Dairy,"pasteurized milk, citric acid",257.4,1.2,20.5,17.5,0.0,16.9,0.0,0,0,0,0,0,94,Low Risk
890479941340,Diet Soda with Multiple Sweeteners #3476,Beverages,"carbonated water, aspartame, acesulfame potassium, caramel iv, sodium benzoate, phosphoric acid",1.0,0.0,35.3,0.0,0.0,0.0,0.0,5,1,2,1,0,66,Moderate Risk
890827555718,Diet Soda with Multiple Sweeteners #3477,Beverages,"carbonated water, aspartame, acesulfame potassium, caramel iv, sodium benzoate, phosphoric acid",1.1,0.0,41.5,0.0,0.0,0.0,0.0,5,1,2,1,0,66,Moderate Risk
890373289413,Cottage Cheese (Paneer) #3478,Dairy,"pasteurized milk, citric acid",254.4,1.4,21.7,14.6,0.0,16.9,0.0,0,0,0,0,0,97,Low Risk
890577988765,Whole Cow Milk #3479,Dairy,"milk, vitamin d3",60.7,4.4,39.8,3.1,0.0,3.4,0.0,0,0,0,0,0,99,Low Risk
890197022213,Organic Trail Mix #3480,Snacks,"almonds, walnuts, raisins, sunflower seeds, pumpkin seeds",462.8,21.2,14.4,3.9,0.0,16.3,8.3,0,0,0,0,0,99,Moderate Risk
890296296345,Diet Soda with Multiple Sweeteners #3481,Beverages,"carbonated water, aspartame, acesulfame potassium, caramel iv, sodium benzoate, phosphoric acid",0.9,0.0,36.4,0.0,0.0,0.0,0.0,5,1,2,1,0,66,Moderate Risk
890806083465,Pure Red Chilli Powder #3482,Spices & Condiments,100% dried red chillies,301.6,8.2,29.7,3.8,0.0,12.1,25.7,0,0,0,0,0,99,Low Risk
890239439913,Pure Ground Turmeric Powder #3483,Spices & Condiments,100% turmeric rhizome powder,323.3,3.3,36.3,2.5,0.0,8.8,19.8,0,0,0,0,0,99,Low Risk
890564691766,Adulterated Turmeric with Metanil Yellow #3484,Spices & Condiments,"turmeric powder, lead chromate trace, chalk powder, metanil yellow color",218.5,2.4,192.3,1.5,0.0,4.5,12.7,3,1,0,0,1,56,High Risk
890239802242,Processed Nacho Chips #3485,Snacks,"corn, vegetable fat, whey powder, disodium guanylate, artificial cheese flavor, yellow 6 lake",497.3,2.2,960.4,9.6,1.01,6.4,4.4,5,1,0,1,0,52,Moderate Risk
890373089168,Fried Street-Style Savory Mix #3486,Snacks,"refined flour, re-used palm oil, metanil yellow, excess salt, msg",586.7,1.6,1417.1,26.3,3.79,6.0,1.0,6,2,0,2,1,5,High Risk
890358079443,Adulterated Butter with Animal Fat & Starch #3487,Dairy,"milk fat, animal tallow, starch, yellow dye 5, preservative",608.3,0.4,531.1,51.8,4.08,0.5,0.0,4,1,0,2,1,5,High Risk
890483859776,Extruded Spicy Puffs #3488,Snacks,"corn meal, palm olein, maltodextrin, sunset yellow fcf, tartrazine, tbhq, msg, artificial flavors",590.1,4.5,1312.9,14.1,1.12,4.6,1.4,7,2,0,2,1,5,High Risk
890298100147,Instant Fried Noodles #3489,Snacks,"wheat flour, palm oil, salt, guar gum, flavor enhancer 621, caramel iv, sodium polyphosphate",403.7,3.3,1844.1,10.5,0.61,8.3,2.7,5,1,0,2,0,37,High Risk
890525807537,100% Whole Wheat Sourdough #3490,Bakery & Confectionery,"whole wheat flour, water, sourdough culture, sea salt",271.4,1.5,495.8,0.4,0.0,9.8,5.5,0,0,0,0,0,99,Low Risk
890682234454,Pure Red Chilli Powder #3491,Spices & Condiments,100% dried red chillies,339.2,7.3,35.6,3.8,0.0,12.1,24.3,0,0,0,0,0,99,Low Risk
890812059096,Pure Extra Virgin Olive Oil #3492,Spices & Condiments,100% extra virgin cold pressed olive oil,871.1,0.0,2.4,12.5,0.0,0.0,0.0,0,0,0,0,0,92,Low Risk
890541241078,Standard Processed Cheese #3493,Dairy,"milk, salt, cheese cultures, enzymes, sodium phosphate, annatto",319.6,1.3,1286.3,23.5,0.4,19.2,0.0,3,1,0,1,0,51,Moderate Risk
890672154182,Energy Drink with High Caffeine #3494,Beverages,"carbonated water, sucrose, glucose, taurine, caffeine, inositol, niacinamide, pyridoxine, color e133, sodium benzoate",47.7,13.9,76.6,0.0,0.0,0.4,0.0,6,1,0,2,0,65,Moderate Risk
890541255980,Greek Plain Yogurt #3495,Dairy,"cultured pasteurized nonfat milk, live active cultures",51.8,3.9,38.8,0.3,0.0,10.5,0.0,0,0,0,0,0,99,Low Risk
890788837326,Adulterated Butter with Animal Fat & Starch #3496,Dairy,"milk fat, animal tallow, starch, yellow dye 5, preservative",663.8,0.5,618.1,54.8,3.81,0.5,0.0,4,1,0,2,1,5,High Risk
890156330671,Fried Street-Style Savory Mix #3497,Snacks,"refined flour, re-used palm oil, metanil yellow, excess salt, msg",607.0,1.4,1599.3,19.9,3.77,5.8,1.1,6,2,0,2,1,5,High Risk
890248109084,Flavored Fruit Yogurt #3498,Dairy,"milk, sugar, strawberries, modified corn starch, carmine color, potassium sorbate",115.3,16.4,74.9,1.4,0.0,3.6,0.5,3,1,0,1,0,78,Moderate Risk
890548611142,Processed Nacho Chips #3499,Snacks,"corn, vegetable fat, whey powder, disodium guanylate, artificial cheese flavor, yellow 6 lake",548.6,1.8,874.6,11.2,0.78,6.1,3.7,5,1,0,1,0,51,Moderate Risk
